{"valve_12_min6dB": {"AUC": 0.503566132335287}, "valve_14_min6dB": {"AUC": 0.5495833333333333}, "valve_15_min6dB": {"AUC": 0.5201388888888889}, "valve_13_min6dB": {"AUC": 0.6213194444444444}, "pump_4_min6dB": {"AUC": 0.5732798669861607}, "pump_6_min6dB": {"AUC": 0.9084}, "pump_7_min6dB": {"AUC": 0.6859861591695502}, "pump_5_min6dB": {"AUC": 0.48599951302654004}, "fan_1_min6dB": {"AUC": 0.7326758792995088}, "fan_3_min6dB": {"AUC": 0.859493097812325}, "fan_2_min6dB": {"AUC": 0.5808478662967367}, "fan_0_min6dB": {"AUC": 0.5234381131187028}, "slider_9_min6dB": {"AUC": 0.7767818316991402}, "slider_11_min6dB": {"AUC": 0.5660901401338214}, "slider_10_min6dB": {"AUC": 0.7920401464461557}, "slider_8_min6dB": {"AUC": 0.9373421916424693}, "valve_13_6dB": {"AUC": 0.7395138888888888}, "valve_15_6dB": {"AUC": 0.6808333333333333}, "valve_14_6dB": {"AUC": 0.6195833333333334}, "valve_12_6dB": {"AUC": 0.5400748534708001}, "pump_4_6dB": {"AUC": 0.6191011785417381}, "pump_6_6dB": {"AUC": 0.9838}, "pump_7_6dB": {"AUC": 0.7879661668589005}, "pump_5_6dB": {"AUC": 0.33942050158266374}, "fan_0_6dB": {"AUC": 0.7770949417141064}, "fan_2_6dB": {"AUC": 0.9296224732461356}, "fan_3_6dB": {"AUC": 0.9977517054043478}, "fan_1_6dB": {"AUC": 0.9450190485796977}, "slider_9_6dB": {"AUC": 0.9381671786671155}, "slider_11_6dB": {"AUC": 0.8245171064259562}, "slider_10_6dB": {"AUC": 0.9625362959222321}, "slider_8_6dB": {"AUC": 0.9930958843580356}, "valve_13_0dB": {"AUC": 0.6697222222222222}, "valve_15_0dB": {"AUC": 0.596111111111111}, "valve_14_0dB": {"AUC": 0.6426388888888889}, "valve_12_0dB": {"AUC": 0.508085587176047}, "slider_8_0dB": {"AUC": 0.980613243277364}, "slider_10_0dB": {"AUC": 0.928639060724656}, "slider_11_0dB": {"AUC": 0.6452468122711779}, "slider_9_0dB": {"AUC": 0.8810475669458122}, "pump_4_0dB": {"AUC": 0.5084356203237321}, "pump_6_0dB": {"AUC": 0.9597}, "pump_7_0dB": {"AUC": 0.792964244521338}, "pump_5_0dB": {"AUC": 0.4282931580228877}, "fan_0_0dB": {"AUC": 0.5888897608799328}, "fan_2_0dB": {"AUC": 0.8025168450257629}, "fan_3_0dB": {"AUC": 0.9887585270217386}, "fan_1_0dB": {"AUC": 0.8659616235131632}}