{"valve_12_min6dB": {"AUC": 0.4734835110514795}, "valve_14_min6dB": {"AUC": 0.5078472222222222}, "valve_15_min6dB": {"AUC": 0.5165972222222223}, "valve_13_min6dB": {"AUC": 0.5956944444444444}, "pump_4_min6dB": {"AUC": 0.57753435375813}, "pump_6_min6dB": {"AUC": 0.8975}, "pump_7_min6dB": {"AUC": 0.6874279123414072}, "pump_5_min6dB": {"AUC": 0.5060465871276683}, "fan_1_min6dB": {"AUC": 0.7278109263584237}, "fan_3_min6dB": {"AUC": 0.8884677066627787}, "fan_2_min6dB": {"AUC": 0.5850508653719118}, "fan_0_min6dB": {"AUC": 0.5634926863428091}, "slider_9_min6dB": {"AUC": 0.7692771675854619}, "slider_11_min6dB": {"AUC": 0.5427345032192905}, "slider_10_min6dB": {"AUC": 0.6918949627572277}, "slider_8_min6dB": {"AUC": 0.9269268400454487}, "valve_13_6dB": {"AUC": 0.7306250000000001}, "valve_15_6dB": {"AUC": 0.6579166666666666}, "valve_14_6dB": {"AUC": 0.5840277777777777}, "valve_12_6dB": {"AUC": 0.5233387472636113}, "pump_4_6dB": {"AUC": 0.6645801750696856}, "pump_6_6dB": {"AUC": 0.9558}, "pump_7_6dB": {"AUC": 0.8946559015763168}, "pump_5_6dB": {"AUC": 0.36571706841977114}, "fan_0_6dB": {"AUC": 0.7942577377466812}, "fan_2_6dB": {"AUC": 0.9378550667195138}, "fan_3_6dB": {"AUC": 0.9961249530006676}, "fan_1_6dB": {"AUC": 0.953639403791094}, "slider_9_6dB": {"AUC": 0.9363856976532143}, "slider_11_6dB": {"AUC": 0.798005302360813}, "slider_10_6dB": {"AUC": 0.9271556621638682}, "slider_8_6dB": {"AUC": 0.9945477212473173}, "valve_13_0dB": {"AUC": 0.6485416666666667}, "valve_15_0dB": {"AUC": 0.5971527777777778}, "valve_14_0dB": {"AUC": 0.5976388888888888}, "valve_12_0dB": {"AUC": 0.45032130499258527}, "slider_8_0dB": {"AUC": 0.9771493498295669}, "slider_10_0dB": {"AUC": 0.8461999747506628}, "slider_11_0dB": {"AUC": 0.5681100871102134}, "slider_9_0dB": {"AUC": 0.8736831769277168}, "pump_4_0dB": {"AUC": 0.5500024451073402}, "pump_6_0dB": {"AUC": 0.9422999999999999}, "pump_7_0dB": {"AUC": 0.8567858515955401}, "pump_5_0dB": {"AUC": 0.43892541189838485}, "fan_0_0dB": {"AUC": 0.6459139505822553}, "fan_2_0dB": {"AUC": 0.8039866560972387}, "fan_3_0dB": {"AUC": 0.986057504162798}, "fan_1_0dB": {"AUC": 0.8760872432709244}}