{"valve_12_min6dB": {"AUC": 0.4706588517760045}, "valve_14_min6dB": {"AUC": 0.500625}, "valve_15_min6dB": {"AUC": 0.5181250000000001}, "valve_13_min6dB": {"AUC": 0.5956944444444445}, "pump_4_min6dB": {"AUC": 0.5746002249498753}, "pump_6_min6dB": {"AUC": 0.9204}, "pump_7_min6dB": {"AUC": 0.699442522106882}, "pump_5_min6dB": {"AUC": 0.4992289586884182}, "fan_1_min6dB": {"AUC": 0.7213320815325766}, "fan_3_min6dB": {"AUC": 0.900936917304195}, "fan_2_min6dB": {"AUC": 0.5858683445633505}, "fan_0_min6dB": {"AUC": 0.5611745316905021}, "slider_9_min6dB": {"AUC": 0.7651671365848869}, "slider_11_min6dB": {"AUC": 0.5296048478727433}, "slider_10_min6dB": {"AUC": 0.7151874763287465}, "slider_8_min6dB": {"AUC": 0.933396982704204}, "valve_13_6dB": {"AUC": 0.7059027777777778}, "valve_15_6dB": {"AUC": 0.6755555555555556}, "valve_14_6dB": {"AUC": 0.5696527777777778}, "valve_12_6dB": {"AUC": 0.49876421156697975}, "pump_4_6dB": {"AUC": 0.5705413467651229}, "pump_6_6dB": {"AUC": 0.9774999999999999}, "pump_7_6dB": {"AUC": 0.9068627450980392}, "pump_5_6dB": {"AUC": 0.3834915997078159}, "fan_0_6dB": {"AUC": 0.7895067280816667}, "fan_2_6dB": {"AUC": 0.9351879376403753}, "fan_3_6dB": {"AUC": 0.9991712770773705}, "fan_1_6dB": {"AUC": 0.9415429737509795}, "slider_9_6dB": {"AUC": 0.9357684916326502}, "slider_11_6dB": {"AUC": 0.7745234187602574}, "slider_10_6dB": {"AUC": 0.9222004797374068}, "slider_8_6dB": {"AUC": 0.9946108445903296}, "valve_13_0dB": {"AUC": 0.6298611111111111}, "valve_15_0dB": {"AUC": 0.5995138888888888}, "valve_14_0dB": {"AUC": 0.5839583333333334}, "valve_12_0dB": {"AUC": 0.4483440434997528}, "slider_8_0dB": {"AUC": 0.9787984471657619}, "slider_10_0dB": {"AUC": 0.8481252367125363}, "slider_11_0dB": {"AUC": 0.5779573286201237}, "slider_9_0dB": {"AUC": 0.8734727657843426}, "pump_4_0dB": {"AUC": 0.5107340212235317}, "pump_6_0dB": {"AUC": 0.9521000000000001}, "pump_7_0dB": {"AUC": 0.8712995001922337}, "pump_5_0dB": {"AUC": 0.4450125801477153}, "fan_0_0dB": {"AUC": 0.6324758978321632}, "fan_2_0dB": {"AUC": 0.8033756110450523}, "fan_3_0dB": {"AUC": 0.9939764120901466}, "fan_1_0dB": {"AUC": 0.8593508740621193}}