{"val_accs": [0.7783744517465973, 0.8014448981060811, 0.8109301200072359, 0.8128887259874243, 0.8193716360137254, 0.822176950768715, 0.8203575687145843, 0.8276398324387959, 0.824489772724044, 0.8231259465095994, 0.8207004194712711, 0.8242236371919197, 0.8203102136376939, 0.8219610116180945, 0.8235199407493278, 0.8251195952466868, 0.8213832796800312, 0.8224932826823431, 0.8282355593060776, 0.830541751550642, 0.8161808509328476, 0.8283151158352536, 0.819651030967379, 0.8238059654137461, 0.8194796055890355, 0.8237936530937545, 0.8251177010436112, 0.8252701843911984, 0.8259909286614708, 0.8256281887724901, 0.8250646633574938, 0.8196927034350425, 0.8204617498837433, 0.8261670895475033, 0.8236316987307892, 0.8221835804794796, 0.8260799562060249, 0.8193413287645155, 0.827922068697063, 0.8228209798144249, 0.8241071437027693, 0.8240995668904667, 0.8273538077743777, 0.8216323673844749], "best_val_epoch": 20, "model": "MLP_sound_64", "lr": 0.0001, "batch_size": 512}