{"fan_2_min6dB": {"AUC": 0.5894850706830492}, "fan_2_6dB": {"AUC": 0.7950769586471133}, "fan_2_0dB": {"AUC": 0.6559403487911217}}