{"fan_2_min6dB": {"AUC": 0.5907484476152729}, "fan_2_6dB": {"AUC": 0.945427070947285}, "fan_2_0dB": {"AUC": 0.808957590170432}}