{"fan_2_min6dB": {"AUC": 0.5870161183775928}, "fan_2_6dB": {"AUC": 0.9495640110978993}, "fan_2_0dB": {"AUC": 0.8133422512881491}}