{"slider_11_min6dB": {"AUC": 0.5384421158944577}, "slider_11_6dB": {"AUC": 0.8184572654967808}, "slider_11_0dB": {"AUC": 0.6045953793712915}}