{"slider_11_min6dB": {"AUC": 0.5706350208307032}, "slider_11_6dB": {"AUC": 0.8286832470647646}, "slider_11_0dB": {"AUC": 0.6306021966923369}}