{"slider_11_min6dB": {"AUC": 0.46610276480242396}, "slider_11_6dB": {"AUC": 0.6800908976139376}, "slider_11_0dB": {"AUC": 0.487438454740563}}