{"val_accs": [0.7920127138910436, 0.8180826308207677, 0.8197466882226977, 0.8209968622526053, 0.8173353677074365, 0.8220415152488083, 0.8193583765921961, 0.8206710593235991, 0.8223786833962682, 0.8191462258477269, 0.8189132388694259, 0.8243751734379691, 0.8216721456490629, 0.8245001908409598, 0.8189918482970641, 0.8221561145348831, 0.8220149964057497, 0.8137439586760657, 0.8205640368498266, 0.8168656053446834, 0.8155065146379278, 0.8181877590914645, 0.8188346294417879, 0.8220765580057072, 0.8235019458201094, 0.8230909037527004, 0.8220055253903715], "best_val_epoch": 14, "model": "MLP_sound_256", "lr": 0.0001, "batch_size": 512}