{"0": {"AUC": 0.8461608623548923}, "1": {"AUC": 0.7635800171117686}, "2": {"AUC": 0.7821896427523278}}