{"0": {"AUC": 0.8011663902708678}, "1": {"AUC": 0.6665229800602177}, "2": {"AUC": 0.7444238414129827}}