{"0": {"AUC": 0.8593283582089553}, "1": {"AUC": 0.8425096825179119}, "2": {"AUC": 0.8367506203142925}}