{"0": {"AUC": 0.8963985627418463}, "1": {"AUC": 0.842356199097387}, "2": {"AUC": 0.8078559803633842}}