{"0": {"AUC": 0.9079187396351575}, "1": {"AUC": 0.8926236521216633}, "2": {"AUC": 0.815012939889544}}