{"0": {"AUC": 0.850118850193477}, "1": {"AUC": 0.7629693490343608}, "2": {"AUC": 0.7890831354552973}}