{"0": {"AUC": 0.7909093421779989}, "1": {"AUC": 0.8056410055449968}, "2": {"AUC": 0.7747692164029776}}