{"0": {"AUC": 0.9388944168048645}, "1": {"AUC": 0.9171385465446636}, "2": {"AUC": 0.8973613297404018}}