{"0": {"AUC": 0.9175290215588723}, "1": {"AUC": 0.9000757620288549}, "2": {"AUC": 0.8912315573223767}}