{"0": {"AUC": 0.8835226644555002}, "1": {"AUC": 0.8542299377575746}, "2": {"AUC": 0.8201822256610016}}