{"valve_15_min6dB": {"AUC": 0.584375}, "valve_15_6dB": {"AUC": 0.7161805555555556}, "valve_15_0dB": {"AUC": 0.6679861111111112}}