{"valve_15_min6dB": {"AUC": 0.5881944444444444}, "valve_15_6dB": {"AUC": 0.7230555555555556}, "valve_15_0dB": {"AUC": 0.6638888888888888}}