{"valve_15_min6dB": {"AUC": 0.5802083333333333}, "valve_15_6dB": {"AUC": 0.6838194444444445}, "valve_15_0dB": {"AUC": 0.6471527777777777}}