{"iter": 2, "val_mses": [10.656697273254395, 9.745504379272461, 9.423839569091797, 9.215487480163574, 9.138566970825195, 9.070199966430664, 8.984760284423828, 8.903606414794922, 8.875372886657715, 8.878849983215332, 8.748193740844727, 8.721826553344727, 8.70849323272705, 8.648645401000977, 8.705162048339844, 8.626872062683105, 8.575915336608887, 8.558727264404297, 8.542069435119629, 8.534483909606934, 8.506470680236816, 8.613574981689453, 8.518333435058594, 8.517992973327637, 8.422191619873047, 8.647066116333008, 8.510973930358887, 8.402234077453613, 8.430879592895508, 8.420294761657715, 8.414958953857422, 8.392376899719238, 8.357393264770508, 8.365589141845703, 8.394601821899414, 8.328252792358398, 8.482677459716797, 8.394903182983398, 8.26692008972168, 8.315864562988281, 8.333494186401367, 8.252969741821289, 8.327858924865723, 8.291354179382324, 8.288901329040527, 8.412976264953613, 8.264345169067383, 8.313224792480469, 8.263402938842773, 8.234084129333496, 8.327654838562012, 8.244832992553711, 8.254302978515625, 8.273137092590332, 8.337092399597168, 8.25817584991455, 8.259064674377441, 8.24921989440918, 8.190999984741211, 8.213059425354004, 8.276969909667969, 8.206867218017578, 8.620022773742676, 8.226130485534668, 8.357771873474121, 8.204072952270508, 8.348596572875977, 8.253089904785156, 8.79428768157959, 8.630529403686523, 8.823040962219238, 8.6690673828125, 8.589083671569824, 8.515783309936523, 8.477718353271484, 8.441237449645996, 8.43480110168457, 8.631101608276367, 8.320877075195312, 8.636146545410156, 8.594146728515625, 8.435754776000977, 8.39421272277832, 8.378131866455078, 8.44265365600586, 8.319345474243164, 8.406764030456543, 8.464207649230957, 8.266748428344727, 8.306218147277832, 8.297819137573242, 8.19136905670166, 8.19259262084961, 8.165962219238281, 8.231181144714355, 8.314956665039062, 8.132115364074707, 8.272201538085938, 8.200518608093262, 8.38182544708252], "best_val_epoch": 97, "model": "AE_sound_FiLM_embed_128", "lr": 0.0001, "batch_size": 256, "context": ""}