{"iter": 1, "val_mses": [12.21690845489502, 11.022250175476074, 10.405789375305176, 10.157333374023438, 10.015844345092773, 9.93222427368164, 9.99559497833252, 9.785324096679688, 9.756780624389648, 9.650041580200195, 9.58369255065918, 9.656696319580078, 9.424877166748047, 9.300912857055664, 9.192031860351562, 9.13887882232666, 9.081095695495605, 8.785733222961426, 8.648846626281738, 8.577539443969727, 8.49573040008545, 8.483206748962402, 8.433327674865723, 8.425028800964355, 8.380613327026367, 9.472548484802246, 8.761839866638184, 8.727767944335938, 8.56126880645752, 8.798392295837402, 8.459624290466309, 8.436460494995117, 8.467642784118652, 9.644890785217285, 8.320961952209473, 8.389546394348145, 8.341379165649414, 8.395184516906738, 8.322142601013184, 8.318976402282715, 8.277791976928711, 8.250394821166992, 8.275915145874023, 8.393831253051758, 8.238277435302734, 8.388182640075684, 8.256569862365723, 8.26242446899414, 8.9380464553833, 8.210012435913086, 8.317861557006836, 8.299798011779785, 8.34695816040039, 8.296882629394531, 8.30881118774414, 8.307251930236816, 8.42243766784668, 8.307855606079102, 9.36711597442627, 8.251358032226562, 8.167372703552246, 8.234939575195312, 8.199530601501465, 8.257946014404297, 8.19789981842041, 8.207499504089355, 8.221482276916504, 8.213957786560059, 8.276925086975098, 8.20736312866211, 8.208240509033203, 8.283449172973633, 8.235405921936035, 8.299528121948242, 8.193601608276367, 8.305219650268555, 8.191246032714844, 8.31493091583252, 8.198917388916016, 8.24085807800293, 8.186875343322754, 8.207645416259766, 8.268936157226562, 8.218464851379395, 8.143800735473633, 8.154768943786621, 8.146733283996582, 8.166299819946289, 8.21925163269043, 8.136322975158691, 8.228254318237305, 8.190400123596191, 8.18252182006836, 8.495749473571777, 8.24137020111084, 8.187064170837402, 8.19886589050293, 8.187289237976074, 8.202982902526855, 8.182141304016113], "best_val_epoch": 90, "model": "AE_sound_FiLM_embed_128", "lr": 0.0001, "batch_size": 256, "context": ""}