{"iter": 3, "val_mses": [11.284429550170898, 10.681203842163086, 10.368927955627441, 10.17381477355957, 9.927680969238281, 9.77270793914795, 9.686539649963379, 9.628765106201172, 9.548728942871094, 9.518911361694336, 9.0781888961792, 8.870392799377441, 8.807465553283691, 8.725955963134766, 8.725016593933105, 8.629378318786621, 8.60502815246582, 8.535313606262207, 8.50544261932373, 8.510313034057617, 8.609607696533203, 8.505574226379395, 8.491812705993652, 8.414420127868652, 8.52491569519043, 8.940237998962402, 8.516922950744629, 8.397053718566895, 8.409467697143555, 8.415736198425293, 8.390423774719238, 8.385649681091309, 8.400992393493652, 8.425466537475586, 8.344222068786621, 8.412853240966797, 8.345067977905273, 8.442176818847656, 8.33444595336914, 8.361080169677734, 8.408794403076172, 8.332639694213867, 9.074664115905762, 8.3055419921875, 8.283245086669922, 8.323147773742676, 8.25789737701416, 8.249456405639648, 8.29462718963623, 8.296365737915039, 8.232734680175781, 8.281954765319824, 8.309279441833496, 8.236444473266602, 8.32694149017334, 8.20505142211914, 8.364408493041992, 8.30833911895752, 8.206863403320312, 8.230663299560547, 8.229471206665039, 8.243218421936035, 8.278618812561035, 8.241497039794922, 8.197534561157227, 8.175636291503906, 8.200438499450684, 8.235751152038574, 8.201583862304688, 8.182239532470703, 8.209498405456543, 8.258563995361328, 8.194572448730469, 8.214741706848145, 8.17116641998291, 8.167442321777344, 8.22866439819336, 8.173867225646973, 8.179264068603516, 8.172981262207031, 8.155633926391602, 8.190030097961426, 8.188591957092285, 8.18426513671875, 8.158357620239258, 8.194775581359863, 8.193721771240234, 8.135624885559082, 8.176362991333008, 8.196170806884766, 8.135807991027832, 8.235386848449707, 8.176934242248535, 8.142473220825195, 8.141619682312012, 8.17712116241455, 8.1188383102417, 8.1041898727417, 9.892436981201172, 8.138073921203613], "best_val_epoch": 98, "model": "AE_sound_FiLM_embed_128", "lr": 0.0001, "batch_size": 256, "context": ""}