{"slider_8_min6dB": {"AUC": 0.9431021966923367}, "slider_8_6dB": {"AUC": 0.9981852038883979}, "slider_8_0dB": {"AUC": 0.984952973109456}}