{"slider_8_min6dB": {"AUC": 0.9408455371796491}, "slider_8_6dB": {"AUC": 0.9991162731978286}, "slider_8_0dB": {"AUC": 0.9875568110087111}}