{"slider_8_min6dB": {"AUC": 0.9254039893952785}, "slider_8_6dB": {"AUC": 0.9952262971846989}, "slider_8_0dB": {"AUC": 0.9794612422673905}}