{"valve_12_min6dB": {"AUC": 0.4609137772756162}, "valve_14_min6dB": {"AUC": 0.47291666666666665}, "valve_15_min6dB": {"AUC": 0.5299305555555556}, "valve_13_min6dB": {"AUC": 0.5704166666666666}, "pump_4_min6dB": {"AUC": 0.6071201525746981}, "pump_6_min6dB": {"AUC": 0.9246000000000001}, "pump_7_min6dB": {"AUC": 0.5365244136870435}, "pump_5_min6dB": {"AUC": 0.5209804398993588}, "fan_1_min6dB": {"AUC": 0.7259797797968669}, "fan_3_min6dB": {"AUC": 0.8954811580635508}, "fan_2_min6dB": {"AUC": 0.5832755317743428}, "fan_0_min6dB": {"AUC": 0.562007618518675}, "slider_9_min6dB": {"AUC": 0.7404648683527613}, "slider_11_min6dB": {"AUC": 0.5070066910743594}, "slider_10_min6dB": {"AUC": 0.6753250852165131}, "slider_8_min6dB": {"AUC": 0.9436939780330766}, "valve_13_6dB": {"AUC": 0.674375}, "valve_15_6dB": {"AUC": 0.6606249999999999}, "valve_14_6dB": {"AUC": 0.548125}, "valve_12_6dB": {"AUC": 0.3751853682649531}, "pump_4_6dB": {"AUC": 0.7122108660570199}, "pump_6_6dB": {"AUC": 0.9775}, "pump_7_6dB": {"AUC": 0.8782199154171473}, "pump_5_6dB": {"AUC": 0.38892947001055106}, "fan_0_6dB": {"AUC": 0.7903699992152081}, "fan_2_6dB": {"AUC": 0.907187210992205}, "fan_3_6dB": {"AUC": 0.9986264684893456}, "fan_1_6dB": {"AUC": 0.9473622954508423}, "slider_9_6dB": {"AUC": 0.9071806309528818}, "slider_11_6dB": {"AUC": 0.7565963893447798}, "slider_10_6dB": {"AUC": 0.9090392627193536}, "slider_8_6dB": {"AUC": 0.9900580734755713}, "valve_13_0dB": {"AUC": 0.6215277777777778}, "valve_15_0dB": {"AUC": 0.6113194444444444}, "valve_14_0dB": {"AUC": 0.5655555555555556}, "valve_12_0dB": {"AUC": 0.4063978532589506}, "slider_8_0dB": {"AUC": 0.9823570256280773}, "slider_10_0dB": {"AUC": 0.8289988637798258}, "slider_11_0dB": {"AUC": 0.543365736649413}, "slider_9_0dB": {"AUC": 0.7812144931195557}, "pump_4_0dB": {"AUC": 0.5779744730793681}, "pump_6_0dB": {"AUC": 0.9511000000000001}, "pump_7_0dB": {"AUC": 0.732314494425221}, "pump_5_0dB": {"AUC": 0.4674133593052512}, "fan_0_0dB": {"AUC": 0.6374140501904629}, "fan_2_0dB": {"AUC": 0.7990239793896157}, "fan_3_0dB": {"AUC": 0.9914518765202844}, "fan_1_0dB": {"AUC": 0.8880828050682412}}