{"valve_12_min6dB": {"AUC": 0.45406397853258956}, "valve_14_min6dB": {"AUC": 0.4939583333333333}, "valve_15_min6dB": {"AUC": 0.5365277777777777}, "valve_13_min6dB": {"AUC": 0.5647222222222222}, "pump_4_min6dB": {"AUC": 0.6021321336006651}, "pump_6_min6dB": {"AUC": 0.9207}, "pump_7_min6dB": {"AUC": 0.6230296039984622}, "pump_5_min6dB": {"AUC": 0.5105916727538349}, "fan_1_min6dB": {"AUC": 0.7210837904733824}, "fan_3_min6dB": {"AUC": 0.8775945549834638}, "fan_2_min6dB": {"AUC": 0.5587098692033293}, "fan_0_min6dB": {"AUC": 0.5654063713031772}, "slider_9_min6dB": {"AUC": 0.7503121098626716}, "slider_11_min6dB": {"AUC": 0.49551824264613054}, "slider_10_min6dB": {"AUC": 0.6751988385304887}, "slider_8_min6dB": {"AUC": 0.9181921474561293}, "valve_13_6dB": {"AUC": 0.6897916666666667}, "valve_15_6dB": {"AUC": 0.6763888888888889}, "valve_14_6dB": {"AUC": 0.5556944444444444}, "valve_12_6dB": {"AUC": 0.3540710401807782}, "pump_4_6dB": {"AUC": 0.738813633918529}, "pump_6_6dB": {"AUC": 0.9732}, "pump_7_6dB": {"AUC": 0.9208958093041137}, "pump_5_6dB": {"AUC": 0.39810080350620886}, "fan_0_6dB": {"AUC": 0.7742153589819438}, "fan_2_6dB": {"AUC": 0.9285655304531643}, "fan_3_6dB": {"AUC": 0.9985804283269772}, "fan_1_6dB": {"AUC": 0.9661936204715978}, "slider_9_6dB": {"AUC": 0.9294421299218673}, "slider_11_6dB": {"AUC": 0.7524302487059715}, "slider_10_6dB": {"AUC": 0.8923115768211085}, "slider_8_6dB": {"AUC": 0.9929459664183815}, "valve_13_0dB": {"AUC": 0.6065972222222222}, "valve_15_0dB": {"AUC": 0.6266666666666666}, "valve_14_0dB": {"AUC": 0.5698611111111112}, "valve_12_0dB": {"AUC": 0.4088694301249913}, "slider_8_0dB": {"AUC": 0.977654336573665}, "slider_10_0dB": {"AUC": 0.8305769473551319}, "slider_11_0dB": {"AUC": 0.527458654210327}, "slider_9_0dB": {"AUC": 0.8487564701426588}, "pump_4_0dB": {"AUC": 0.6177319184312192}, "pump_6_0dB": {"AUC": 0.9515}, "pump_7_0dB": {"AUC": 0.8517877739331027}, "pump_5_0dB": {"AUC": 0.440954467981495}, "fan_0_0dB": {"AUC": 0.624549499242374}, "fan_2_0dB": {"AUC": 0.7796109129343375}, "fan_3_0dB": {"AUC": 0.9886894667781861}, "fan_1_0dB": {"AUC": 0.9174121864355491}}