{"valve_12_min6dB": {"AUC": 0.672410140526799}, "valve_14_min6dB": {"AUC": 0.503611111111111}, "valve_15_min6dB": {"AUC": 0.6072222222222222}, "valve_13_min6dB": {"AUC": 0.5548611111111111}, "pump_4_min6dB": {"AUC": 0.5660423492591324}, "pump_6_min6dB": {"AUC": 0.9188000000000001}, "pump_7_min6dB": {"AUC": 0.5973663975394079}, "pump_5_min6dB": {"AUC": 0.5256066877688499}, "fan_1_min6dB": {"AUC": 0.7202923627222011}, "fan_3_min6dB": {"AUC": 0.8903169865179058}, "fan_2_min6dB": {"AUC": 0.5709803144404809}, "fan_0_min6dB": {"AUC": 0.5652313023320393}, "slider_9_min6dB": {"AUC": 0.7299022289553789}, "slider_11_min6dB": {"AUC": 0.4818836005554854}, "slider_10_min6dB": {"AUC": 0.65963893447797}, "slider_8_min6dB": {"AUC": 0.919557189748769}, "valve_13_6dB": {"AUC": 0.6677083333333333}, "valve_15_6dB": {"AUC": 0.6779861111111111}, "valve_14_6dB": {"AUC": 0.6243749999999999}, "valve_12_6dB": {"AUC": 0.5460772544311843}, "pump_4_6dB": {"AUC": 0.570150129590689}, "pump_6_6dB": {"AUC": 0.9906999999999999}, "pump_7_6dB": {"AUC": 0.9019607843137255}, "pump_5_6dB": {"AUC": 0.38957876795714635}, "fan_0_6dB": {"AUC": 0.7727484017410308}, "fan_2_6dB": {"AUC": 0.9146105826397146}, "fan_3_6dB": {"AUC": 0.9984039410378986}, "fan_1_6dB": {"AUC": 0.929702593865659}, "slider_9_6dB": {"AUC": 0.9377183015612507}, "slider_11_6dB": {"AUC": 0.7901780078272945}, "slider_10_6dB": {"AUC": 0.9119113748264108}, "slider_8_6dB": {"AUC": 0.9956129276606489}, "valve_13_0dB": {"AUC": 0.6113888888888889}, "valve_15_0dB": {"AUC": 0.6201388888888889}, "valve_14_0dB": {"AUC": 0.6411805555555555}, "valve_12_0dB": {"AUC": 0.5990396158463385}, "slider_8_0dB": {"AUC": 0.9795795985355384}, "slider_10_0dB": {"AUC": 0.8296932205529605}, "slider_11_0dB": {"AUC": 0.5426082565332659}, "slider_9_0dB": {"AUC": 0.8604272748951451}, "pump_4_0dB": {"AUC": 0.5028607755880483}, "pump_6_0dB": {"AUC": 0.9638}, "pump_7_0dB": {"AUC": 0.8236255286428298}, "pump_5_0dB": {"AUC": 0.4157941725509294}, "fan_0_0dB": {"AUC": 0.6371786126085881}, "fan_2_0dB": {"AUC": 0.7779098956268993}, "fan_3_0dB": {"AUC": 0.9896563101879207}, "fan_1_0dB": {"AUC": 0.8690807799442897}}