{"0": {"AUC": 0.8347014925373135}, "1": {"AUC": 0.7275636629634711}, "2": {"AUC": 0.7727315173020997}}