{"0": {"AUC": 0.9055417357656163}, "1": {"AUC": 0.8536486601223948}, "2": {"AUC": 0.8505309356740748}}