{"0": {"AUC": 0.8586733001658374}, "1": {"AUC": 0.7603144124197478}, "2": {"AUC": 0.8095768522718176}}