{"0": {"AUC": 0.9094168048645661}, "1": {"AUC": 0.7997988387509715}, "2": {"AUC": 0.8335056428590486}}