{"0": {"AUC": 0.8041072415699282}, "1": {"AUC": 0.7810869238656921}, "2": {"AUC": 0.7611789973586618}}