{"0": {"AUC": 0.8402155887230514}, "1": {"AUC": 0.7227697552755844}, "2": {"AUC": 0.7606287185507324}}