{"0": {"AUC": 0.9019707020453289}, "1": {"AUC": 0.8430452416874031}, "2": {"AUC": 0.8201588804994531}}