{"0": {"AUC": 0.8258623548922057}, "1": {"AUC": 0.7267341993716977}, "2": {"AUC": 0.7821029321522903}}