{"0": {"AUC": 0.8323106688778331}, "1": {"AUC": 0.8368863112382521}, "2": {"AUC": 0.7963968410661402}}