{"0": {"AUC": 0.883510226644555}, "1": {"AUC": 0.8291598905369307}, "2": {"AUC": 0.8540060297217257}}