{"valve_12_min6dB": {"AUC": 0.4851352305628133}, "valve_14_min6dB": {"AUC": 0.495}, "valve_15_min6dB": {"AUC": 0.5432638888888889}, "valve_13_min6dB": {"AUC": 0.5929166666666666}, "pump_4_min6dB": {"AUC": 0.6109834221722334}, "pump_6_min6dB": {"AUC": 0.9318}, "pump_7_min6dB": {"AUC": 0.7031910803537101}, "pump_5_min6dB": {"AUC": 0.4770716662608555}, "fan_1_min6dB": {"AUC": 0.733133665939898}, "fan_3_min6dB": {"AUC": 0.8691615319096693}, "fan_2_min6dB": {"AUC": 0.5861078081648831}, "fan_0_min6dB": {"AUC": 0.5620559134072648}, "slider_9_min6dB": {"AUC": 0.7728681844323809}, "slider_11_min6dB": {"AUC": 0.5491730842065395}, "slider_10_min6dB": {"AUC": 0.7312208054538568}, "slider_8_min6dB": {"AUC": 0.9201963135967681}, "valve_13_6dB": {"AUC": 0.6925}, "valve_15_6dB": {"AUC": 0.6761805555555556}, "valve_14_6dB": {"AUC": 0.5700694444444444}, "valve_12_6dB": {"AUC": 0.3743379704823106}, "pump_4_6dB": {"AUC": 0.6401291016675631}, "pump_6_6dB": {"AUC": 0.9874}, "pump_7_6dB": {"AUC": 0.8908112264513648}, "pump_5_6dB": {"AUC": 0.3116630143657171}, "fan_0_6dB": {"AUC": 0.8134670296832459}, "fan_2_6dB": {"AUC": 0.9441719513806315}, "fan_3_6dB": {"AUC": 0.9984806746418459}, "fan_1_6dB": {"AUC": 0.9604984443013322}, "slider_9_6dB": {"AUC": 0.9459383635624009}, "slider_11_6dB": {"AUC": 0.7993940159070825}, "slider_10_6dB": {"AUC": 0.9497538189622523}, "slider_8_6dB": {"AUC": 0.9934825148339856}, "valve_13_0dB": {"AUC": 0.6339583333333334}, "valve_15_0dB": {"AUC": 0.6154166666666667}, "valve_14_0dB": {"AUC": 0.6052083333333333}, "valve_12_0dB": {"AUC": 0.4196737518536827}, "slider_8_0dB": {"AUC": 0.977685898245171}, "slider_10_0dB": {"AUC": 0.8824958969827043}, "slider_11_0dB": {"AUC": 0.5932331776290872}, "slider_9_0dB": {"AUC": 0.8805706350208308}, "pump_4_0dB": {"AUC": 0.5661401535527409}, "pump_6_0dB": {"AUC": 0.9684}, "pump_7_0dB": {"AUC": 0.8629373317954632}, "pump_5_0dB": {"AUC": 0.40467494521548575}, "fan_0_0dB": {"AUC": 0.6335323485200636}, "fan_2_0dB": {"AUC": 0.8057454749636676}, "fan_3_0dB": {"AUC": 0.9923573330468612}, "fan_1_0dB": {"AUC": 0.8816039602423942}}