{"valve_12_min6dB": {"AUC": 0.5083680531035943}, "valve_14_min6dB": {"AUC": 0.5469444444444445}, "valve_15_min6dB": {"AUC": 0.5293749999999999}, "valve_13_min6dB": {"AUC": 0.6152083333333334}, "pump_4_min6dB": {"AUC": 0.6092229448872806}, "pump_6_min6dB": {"AUC": 0.908}, "pump_7_min6dB": {"AUC": 0.6858900422914264}, "pump_5_min6dB": {"AUC": 0.4788572356139924}, "fan_1_min6dB": {"AUC": 0.7277876490716242}, "fan_3_min6dB": {"AUC": 0.7834999731432386}, "fan_2_min6dB": {"AUC": 0.5934155766944114}, "fan_0_min6dB": {"AUC": 0.5390554727164064}, "slider_9_min6dB": {"AUC": 0.7768379413373732}, "slider_11_min6dB": {"AUC": 0.5655851533897235}, "slider_10_min6dB": {"AUC": 0.7679270294154779}, "slider_8_min6dB": {"AUC": 0.9285917182173967}, "valve_13_6dB": {"AUC": 0.7190972222222223}, "valve_15_6dB": {"AUC": 0.6717361111111111}, "valve_14_6dB": {"AUC": 0.6248611111111111}, "valve_12_6dB": {"AUC": 0.5243273780100275}, "pump_4_6dB": {"AUC": 0.6663895545014427}, "pump_6_6dB": {"AUC": 0.9630000000000001}, "pump_7_6dB": {"AUC": 0.8547673971549404}, "pump_5_6dB": {"AUC": 0.3308984660336012}, "fan_0_6dB": {"AUC": 0.7686312624887564}, "fan_2_6dB": {"AUC": 0.9243955608402695}, "fan_3_6dB": {"AUC": 0.9963091136501407}, "fan_1_6dB": {"AUC": 0.9040587829082642}, "slider_9_6dB": {"AUC": 0.9493049418563874}, "slider_11_6dB": {"AUC": 0.821108445903295}, "slider_10_6dB": {"AUC": 0.945840171695493}, "slider_8_6dB": {"AUC": 0.9942952278752683}, "valve_13_0dB": {"AUC": 0.660625}, "valve_15_0dB": {"AUC": 0.5954861111111112}, "valve_14_0dB": {"AUC": 0.6476388888888889}, "valve_12_0dB": {"AUC": 0.48993715133112065}, "slider_8_0dB": {"AUC": 0.9792324201489712}, "slider_10_0dB": {"AUC": 0.9115641964398433}, "slider_11_0dB": {"AUC": 0.6101502335563691}, "slider_9_0dB": {"AUC": 0.8829272398266212}, "pump_4_0dB": {"AUC": 0.559147146559734}, "pump_6_0dB": {"AUC": 0.9351}, "pump_7_0dB": {"AUC": 0.8205497885428681}, "pump_5_0dB": {"AUC": 0.40256472688905126}, "fan_0_0dB": {"AUC": 0.6068856437406807}, "fan_2_0dB": {"AUC": 0.813796406394504}, "fan_3_0dB": {"AUC": 0.9749618250320362}, "fan_1_0dB": {"AUC": 0.8475958442283966}}