{"valve_12_min6dB": {"AUC": 0.4986935950850929}, "valve_14_min6dB": {"AUC": 0.5254861111111112}, "valve_15_min6dB": {"AUC": 0.5305555555555556}, "valve_13_min6dB": {"AUC": 0.6041666666666667}, "pump_4_min6dB": {"AUC": 0.5639884590933542}, "pump_6_min6dB": {"AUC": 0.9295}, "pump_7_min6dB": {"AUC": 0.6603229527104959}, "pump_5_min6dB": {"AUC": 0.48827205583962335}, "fan_1_min6dB": {"AUC": 0.7387357329629658}, "fan_3_min6dB": {"AUC": 0.8414223340827649}, "fan_2_min6dB": {"AUC": 0.5858931166600608}, "fan_0_min6dB": {"AUC": 0.5307366781568256}, "slider_9_min6dB": {"AUC": 0.7611973796798946}, "slider_11_min6dB": {"AUC": 0.5374321424062618}, "slider_10_min6dB": {"AUC": 0.7373753313975507}, "slider_8_min6dB": {"AUC": 0.9171979548036865}, "valve_13_6dB": {"AUC": 0.7179166666666668}, "valve_15_6dB": {"AUC": 0.6886111111111111}, "valve_14_6dB": {"AUC": 0.6038194444444445}, "valve_12_6dB": {"AUC": 0.536261563448909}, "pump_4_6dB": {"AUC": 0.666487358795051}, "pump_6_6dB": {"AUC": 0.9794999999999999}, "pump_7_6dB": {"AUC": 0.8345828527489427}, "pump_5_6dB": {"AUC": 0.3620647674701729}, "fan_0_6dB": {"AUC": 0.7788033733979679}, "fan_2_6dB": {"AUC": 0.9270048883604174}, "fan_3_6dB": {"AUC": 0.9970994697707967}, "fan_1_6dB": {"AUC": 0.9692041495643269}, "slider_9_6dB": {"AUC": 0.9443392388727574}, "slider_11_6dB": {"AUC": 0.8078525438707234}, "slider_10_6dB": {"AUC": 0.9518684509531624}, "slider_8_6dB": {"AUC": 0.9924567605100365}, "valve_13_0dB": {"AUC": 0.6444444444444445}, "valve_15_0dB": {"AUC": 0.6106944444444444}, "valve_14_0dB": {"AUC": 0.6178472222222222}, "valve_12_0dB": {"AUC": 0.4776498834828049}, "slider_8_0dB": {"AUC": 0.9758158692084333}, "slider_10_0dB": {"AUC": 0.8930690569372555}, "slider_11_0dB": {"AUC": 0.5920969574548668}, "slider_9_0dB": {"AUC": 0.8734587383747843}, "pump_4_0dB": {"AUC": 0.5167489852804538}, "pump_6_0dB": {"AUC": 0.9579}, "pump_7_0dB": {"AUC": 0.8128604382929644}, "pump_5_0dB": {"AUC": 0.42115088061034006}, "fan_0_0dB": {"AUC": 0.6036800705105373}, "fan_2_0dB": {"AUC": 0.8003616726119699}, "fan_3_0dB": {"AUC": 0.987254548384374}, "fan_1_0dB": {"AUC": 0.8884940371350316}}