{"0": {"AUC": 0.9414870093974572}, "1": {"AUC": 0.8382676620229768}, "2": {"AUC": 0.9300879112083456}}