{"0": {"AUC": 0.9206495301271421}, "1": {"AUC": 0.7290495130983404}, "2": {"AUC": 0.8666824524425709}}