{"0": {"AUC": 0.9255721393034825}, "1": {"AUC": 0.8657085382500278}, "2": {"AUC": 0.8489801499426376}}