{"0": {"AUC": 0.9475179657269212}, "1": {"AUC": 0.8962223484922703}, "2": {"AUC": 0.90535538005923}}