{"0": {"AUC": 0.8736677722498619}, "1": {"AUC": 0.6887486855941115}, "2": {"AUC": 0.8259384754942504}}