{"0": {"AUC": 0.9027307904919845}, "1": {"AUC": 0.7586620164455852}, "2": {"AUC": 0.8701742216056136}}