{"0": {"AUC": 0.9098479823106688}, "1": {"AUC": 0.8417814526715912}, "2": {"AUC": 0.8784183986553188}}