{"0": {"AUC": 0.9470563847429518}, "1": {"AUC": 0.923630568672401}, "2": {"AUC": 0.902537285558016}}