{"0": {"AUC": 0.9493173023770038}, "1": {"AUC": 0.8751428702052759}, "2": {"AUC": 0.8433239508017395}}