{"0": {"AUC": 0.9425787728026533}, "1": {"AUC": 0.8808217567647001}, "2": {"AUC": 0.8699040847362665}}