{"fan_1_min6dB": {"AUC": 0.6921035684080664}, "fan_1_6dB": {"AUC": 0.966271211427596}, "fan_1_0dB": {"AUC": 0.8713386767638364}}