{"fan_1_min6dB": {"AUC": 0.700894623722659}, "fan_1_6dB": {"AUC": 0.9816187025240337}, "fan_1_0dB": {"AUC": 0.8901389654021927}}