{"fan_1_min6dB": {"AUC": 0.6889882915247398}, "fan_1_6dB": {"AUC": 0.9821928755984202}, "fan_1_0dB": {"AUC": 0.8796719454380397}}