{"val_accs": [0.7774614458641497, 0.7902577347414839, 0.8019156075703721, 0.8078122617447694, 0.8197182751765634, 0.820997809354143, 0.8189103975648125, 0.8206293868559354, 0.8220689811934048, 0.8267116729317433, 0.8204001882837857, 0.8110807091517475, 0.8161656973082427, 0.8172453930613447, 0.8239186704967453, 0.8238466907798718, 0.8260316540275966, 0.8275763766357628, 0.8289203137179134, 0.8247985278253697, 0.8270715715161107, 0.8259568330061098, 0.8201880375393166, 0.8213141412677711, 0.8255372670248605, 0.8201870904377787, 0.8256793322555318, 0.823568242927756, 0.8246365734624044, 0.8263953410181152, 0.8239518190505686, 0.8270630476022703, 0.8252881793204168, 0.8203859817607185, 0.8251982046743249, 0.8242075364657769, 0.8233040015987074, 0.8232547523187413, 0.8256016699294315, 0.8255003300648859, 0.8276142606972751, 0.8230321834573563, 0.8246649865085386, 0.8189975309062909], "best_val_epoch": 19, "model": "MLP_sound_32", "lr": 0.0001, "batch_size": 512}