{"pump_4_min6dB": {"AUC": 0.589124162550736}, "pump_4_6dB": {"AUC": 0.6751919409262067}, "pump_4_0dB": {"AUC": 0.5363098440021515}}