{"pump_4_min6dB": {"AUC": 0.5790503203090616}, "pump_4_6dB": {"AUC": 0.6721600078243435}, "pump_4_0dB": {"AUC": 0.55034476013497}}