{"pump_4_min6dB": {"AUC": 0.6014964056922099}, "pump_4_6dB": {"AUC": 0.7047777397427746}, "pump_4_0dB": {"AUC": 0.5690742823609957}}