{"0": {"AUC": 0.9271227197346601}, "1": {"AUC": 0.9097484831266205}, "2": {"AUC": 0.8742896400843094}}