{"0": {"AUC": 0.9051077943615258}, "1": {"AUC": 0.8943707506318945}, "2": {"AUC": 0.8926589471999147}}