{"0": {"AUC": 0.9501962410171365}, "1": {"AUC": 0.9069661879290188}, "2": {"AUC": 0.9061924708518982}}