{"0": {"AUC": 0.9133637368711994}, "1": {"AUC": 0.9134320852192199}, "2": {"AUC": 0.9104646354152771}}