{"0": {"AUC": 0.9170784964068546}, "1": {"AUC": 0.9183435546760194}, "2": {"AUC": 0.8904978522451376}}