{"0": {"AUC": 0.9373383084577114}, "1": {"AUC": 0.9436944439001771}, "2": {"AUC": 0.9212934553507109}}