{"0": {"AUC": 0.9187866224433389}, "1": {"AUC": 0.9358373990111749}, "2": {"AUC": 0.8531389237213522}}