{"0": {"AUC": 0.8969430624654505}, "1": {"AUC": 0.9060844746621731}, "2": {"AUC": 0.8882066913903044}}