{"0": {"AUC": 0.9366473189607518}, "1": {"AUC": 0.9135071941271365}, "2": {"AUC": 0.9114251220618447}}