{"0": {"AUC": 0.9096683250414594}, "1": {"AUC": 0.9193918137821581}, "2": {"AUC": 0.8859388756970199}}