{"valve_12_min6dB": {"AUC": 0.6150695572346585}, "valve_12_6dB": {"AUC": 0.4808982416496011}, "valve_12_0dB": {"AUC": 0.5261634065390862}}