{"valve_12_min6dB": {"AUC": 0.6112562672127675}, "valve_12_6dB": {"AUC": 0.5114045618247298}, "valve_12_0dB": {"AUC": 0.5227031989266295}}