{"valve_12_min6dB": {"AUC": 0.5741119977402726}, "valve_12_6dB": {"AUC": 0.44671986441635486}, "valve_12_0dB": {"AUC": 0.5758067933055575}}