{"iter": 10, "val_mses": [8.799310684204102, 7.197655200958252, 6.3447723388671875, 6.197464942932129, 5.994645118713379, 5.9333109855651855, 5.892899513244629, 5.8572163581848145, 5.80515193939209, 5.792115211486816, 5.748828411102295, 5.7263946533203125, 5.707285404205322, 5.685604095458984, 5.659772872924805, 5.641360282897949, 5.618317127227783, 5.600397109985352, 5.5954694747924805, 5.588137149810791, 5.588761329650879, 5.582955837249756, 5.5569891929626465, 5.552335739135742, 5.530484676361084, 5.530992031097412, 5.529669761657715, 5.517405986785889, 5.510928630828857, 5.509092330932617, 5.507679462432861, 5.499598979949951, 5.498234272003174, 5.492523193359375, 5.4856462478637695, 5.486583709716797, 5.49623441696167, 5.473802089691162, 5.473474979400635, 5.466884613037109, 5.470561504364014, 5.457785129547119, 5.455285549163818, 5.453771591186523, 5.4538702964782715, 5.4546051025390625, 5.456761837005615, 5.444608211517334, 5.440404415130615, 5.435771942138672, 5.436166286468506, 5.438229560852051, 5.432679176330566, 5.426109790802002, 5.420699596405029, 5.43008279800415, 5.4161696434021, 5.420999050140381, 5.409155368804932, 5.417195796966553, 5.420200347900391, 5.419659614562988, 5.413574695587158, 5.412325859069824, 5.400219917297363, 5.4180755615234375, 5.41030216217041, 5.40746545791626, 5.410345554351807, 5.400642395019531, 5.407925128936768, 5.400672912597656, 5.40786075592041, 5.409458160400391, 5.406032085418701, 5.398838996887207, 5.3986592292785645, 5.401493549346924, 5.391593933105469, 5.39785099029541, 5.392331600189209, 5.395230770111084, 5.395977020263672, 5.386592388153076, 5.383635520935059, 5.385733127593994, 5.3797101974487305, 5.381711483001709, 5.377223968505859, 5.374724388122559, 5.378692150115967, 5.367067813873291, 5.373055934906006, 5.3765974044799805, 5.376140117645264, 5.36237907409668, 5.378510475158691, 5.37275505065918, 5.376875400543213, 5.377500534057617], "best_val_epoch": 96, "model": "AE_sound", "lr": 0.0001, "batch_size": 256, "context": "1"}