{"iter": 10, "val_mses": [15.487934112548828, 14.103974342346191, 12.917348861694336, 12.255328178405762, 11.946953773498535, 11.73803424835205, 11.651966094970703, 11.546564102172852, 11.276043891906738, 11.094639778137207, 10.967671394348145, 10.923005104064941, 10.851775169372559, 10.825425148010254, 10.767068862915039, 10.722103118896484, 10.661873817443848, 10.641484260559082, 10.595364570617676, 10.577807426452637, 10.536603927612305, 10.488263130187988, 10.462895393371582, 10.459643363952637, 10.43376350402832, 10.41700267791748, 10.404678344726562, 10.390331268310547, 10.376556396484375, 10.35880184173584, 10.366943359375, 10.34698486328125, 10.352187156677246, 10.343620300292969, 10.339370727539062, 10.333919525146484, 10.314764976501465, 10.303953170776367, 10.323002815246582, 10.285303115844727, 10.278677940368652, 10.285351753234863, 10.228547096252441, 10.038145065307617, 9.914294242858887, 9.858236312866211, 9.776215553283691, 9.723087310791016, 9.680913925170898, 9.61332893371582, 9.596500396728516, 9.57732105255127, 9.594687461853027, 9.548240661621094, 9.519695281982422, 9.510497093200684, 9.497855186462402, 9.48641586303711, 9.465807914733887, 9.494168281555176, 9.4353609085083, 9.42662239074707, 9.424734115600586, 9.401838302612305, 9.448792457580566, 9.416873931884766, 9.376239776611328, 9.35726547241211, 9.37095832824707, 9.355124473571777, 9.315834999084473, 9.315261840820312, 9.320030212402344, 9.297540664672852, 9.284345626831055, 9.291996002197266, 9.260676383972168, 9.25040340423584, 9.240386009216309, 9.221756935119629, 9.24609661102295, 9.221723556518555, 9.198840141296387, 9.191086769104004, 9.180267333984375, 9.161253929138184, 9.164810180664062, 9.155211448669434, 9.162989616394043, 9.131662368774414, 9.131855010986328, 9.104262351989746, 9.123809814453125, 9.118940353393555, 9.109407424926758, 9.074409484863281, 9.070367813110352, 9.068089485168457, 9.053956985473633, 9.048917770385742], "best_val_epoch": 100, "model": "AE_sound", "lr": 0.0001, "batch_size": 256, "context": "13"}