{"iter": 8, "val_mses": [23.0340633392334, 16.5007266998291, 16.293758392333984, 16.143943786621094, 14.392857551574707, 13.537896156311035, 13.39249324798584, 13.187973976135254, 13.09957218170166, 12.942636489868164, 12.78787612915039, 12.380721092224121, 12.066669464111328, 11.998420715332031, 11.939550399780273, 11.874300956726074, 11.845139503479004, 11.801824569702148, 11.740586280822754, 11.686469078063965, 11.644301414489746, 11.508111000061035, 11.425544738769531, 11.332810401916504, 11.258552551269531, 11.251673698425293, 11.199875831604004, 11.15601634979248, 11.139029502868652, 11.129219055175781, 11.115706443786621, 11.12336254119873, 11.090761184692383, 11.023948669433594, 11.019628524780273, 11.0203857421875, 10.983354568481445, 10.9965181350708, 10.982510566711426, 10.921321868896484, 10.920899391174316, 10.89399242401123, 10.866204261779785, 10.87106704711914, 10.83587646484375, 10.800531387329102, 10.814520835876465, 10.808587074279785, 10.744447708129883, 10.704268455505371, 10.709785461425781, 10.68305492401123, 10.736656188964844, 10.673199653625488, 10.6751127243042, 10.669717788696289, 10.680813789367676, 10.655048370361328, 10.682851791381836, 10.59619140625, 10.593836784362793, 10.635744094848633, 10.633489608764648, 10.658815383911133, 10.595062255859375, 10.567323684692383, 10.614544868469238, 10.6417236328125, 10.534923553466797, 10.52181339263916, 10.53260326385498, 10.527510643005371, 10.487190246582031, 10.476639747619629, 10.507759094238281, 10.57217025756836, 10.526104927062988, 10.548991203308105, 10.500788688659668, 10.449715614318848, 10.437139511108398, 10.486055374145508, 10.40270709991455, 10.452406883239746, 10.455229759216309, 10.380623817443848, 10.381911277770996, 10.390555381774902, 10.380348205566406, 10.405484199523926, 10.342546463012695, 10.367303848266602, 10.316798210144043, 10.325258255004883, 10.31900405883789, 10.299055099487305, 10.344032287597656, 10.257439613342285, 10.291994094848633, 10.26981258392334], "best_val_epoch": 98, "model": "AE_sound", "lr": 0.0001, "batch_size": 256, "context": "10"}