{"iter": 5, "val_mses": [14.854463577270508, 12.50364875793457, 11.25801944732666, 11.058457374572754, 10.999258041381836, 10.89365291595459, 10.813803672790527, 10.765114784240723, 10.63553237915039, 10.584111213684082, 10.531521797180176, 10.502363204956055, 10.498176574707031, 10.43870735168457, 10.387568473815918, 10.401949882507324, 10.366216659545898, 10.367440223693848, 10.365111351013184, 10.358688354492188, 10.294149398803711, 10.083333015441895, 9.759163856506348, 9.585770606994629, 9.502362251281738, 9.473655700683594, 9.381561279296875, 9.375053405761719, 9.321969032287598, 9.24661922454834, 9.23432731628418, 9.22665786743164, 9.193044662475586, 9.135015487670898, 9.099003791809082, 9.082329750061035, 9.08134651184082, 9.001343727111816, 8.936405181884766, 8.94080924987793, 8.909293174743652, 8.852402687072754, 8.80079174041748, 8.789054870605469, 8.771458625793457, 8.74305534362793, 8.703435897827148, 8.701735496520996, 8.680988311767578, 8.648507118225098, 8.636425018310547, 8.65776252746582, 8.587985038757324, 8.591556549072266, 8.580025672912598, 8.55239486694336, 8.569300651550293, 8.601264953613281, 8.584026336669922, 8.522525787353516, 8.510588645935059, 8.52721118927002, 8.464912414550781, 8.466825485229492, 8.456280708312988, 8.427490234375, 8.42441463470459, 8.409852981567383, 8.408620834350586, 8.398568153381348, 8.585810661315918, 8.367595672607422, 8.377613067626953, 8.352083206176758, 8.527443885803223, 8.48234748840332, 8.339311599731445, 8.311788558959961, 8.318513870239258, 8.389229774475098, 8.294693946838379, 8.282122611999512, 8.28916072845459, 8.26594066619873, 8.253681182861328, 8.35344123840332, 8.300881385803223, 8.240012168884277, 8.283968925476074, 8.241443634033203, 8.264444351196289, 8.227743148803711, 8.233965873718262, 8.204024314880371, 8.239501953125, 8.19054126739502, 8.206963539123535, 8.24250602722168, 8.195904731750488, 8.154067993164062], "best_val_epoch": 100, "model": "AE_sound", "lr": 0.0001, "batch_size": 256, "context": "9"}