{"iter": 5, "val_mses": [15.943986892700195, 12.477127075195312, 11.968889236450195, 11.989119529724121, 12.02185344696045, 12.016128540039062, 11.990365028381348, 12.006739616394043, 12.111701011657715, 12.058988571166992, 12.013318061828613, 12.014863967895508, 12.067581176757812, 11.99806022644043, 12.032925605773926, 11.962587356567383, 11.952372550964355, 11.990594863891602, 11.93438720703125, 11.97948169708252, 12.058893203735352, 11.931059837341309, 12.006888389587402, 11.942662239074707, 11.932981491088867, 11.918240547180176, 12.019937515258789, 11.951712608337402, 11.908839225769043, 11.887946128845215, 11.885268211364746, 11.839522361755371, 11.882552146911621, 11.719510078430176, 11.17605972290039, 11.070050239562988, 11.02681827545166, 11.005590438842773, 11.011154174804688, 10.967355728149414, 10.830283164978027, 10.806285858154297, 10.760690689086914, 10.669769287109375, 10.606046676635742, 10.609352111816406, 10.53156566619873, 10.609301567077637, 10.516656875610352, 10.50161361694336, 10.45479679107666, 10.47930908203125, 10.394660949707031, 10.356958389282227, 10.423084259033203, 10.357248306274414, 10.320405960083008, 10.348270416259766, 10.412857055664062, 10.347407341003418, 10.358219146728516, 10.345800399780273, 10.310169219970703, 10.339841842651367, 10.286336898803711, 10.2360258102417, 10.283487319946289, 10.298133850097656, 10.272216796875, 10.274358749389648, 10.19533920288086, 10.263436317443848, 10.187424659729004, 10.212815284729004, 10.2516508102417, 10.195991516113281, 10.191837310791016, 10.196887016296387, 10.175629615783691, 10.169175148010254, 10.144954681396484, 10.133475303649902, 10.1746244430542, 10.212818145751953, 10.103133201599121, 10.08997917175293, 10.138947486877441, 10.09803581237793, 10.096473693847656, 10.087364196777344, 10.080565452575684, 10.090316772460938, 10.037252426147461, 10.077431678771973, 10.012868881225586, 10.014273643493652, 10.092422485351562, 10.002799034118652, 10.020745277404785, 9.987235069274902], "best_val_epoch": 100, "model": "AE_sound", "lr": 0.0001, "batch_size": 256, "context": "6"}