{"iter": 4, "val_mses": [16.020559310913086, 11.098480224609375, 10.02934741973877, 9.55603313446045, 9.014793395996094, 8.66246509552002, 8.382404327392578, 8.341045379638672, 8.273399353027344, 8.177611351013184, 8.128253936767578, 8.108863830566406, 8.032450675964355, 7.985466480255127, 7.911056995391846, 7.842175006866455, 7.770860195159912, 7.736027240753174, 7.7230353355407715, 7.69191837310791, 7.678183078765869, 7.64838171005249, 7.6545305252075195, 7.634772300720215, 7.599426746368408, 7.601895809173584, 7.591439247131348, 7.574413299560547, 7.560292720794678, 7.53453254699707, 7.530276298522949, 7.515994548797607, 7.474132061004639, 7.430446147918701, 7.382116317749023, 7.358415603637695, 7.32370662689209, 7.278899669647217, 7.272886753082275, 7.247786998748779, 7.21408748626709, 7.210322856903076, 7.190779685974121, 7.187007904052734, 7.1665544509887695, 7.160837650299072, 7.15466833114624, 7.143076419830322, 7.136594772338867, 7.121006011962891, 7.123561382293701, 7.125124931335449, 7.119144916534424, 7.087789535522461, 7.099765300750732, 7.0952019691467285, 7.0876874923706055, 7.063754558563232, 7.049430847167969, 7.044493675231934, 7.0470099449157715, 7.035231590270996, 7.033083915710449, 7.033868789672852, 7.013431072235107, 7.019815444946289, 7.006115436553955, 7.013106346130371, 7.002932071685791, 7.00855827331543, 6.9977192878723145, 6.98858642578125, 6.993696689605713, 6.990242004394531, 6.98711633682251, 6.98853063583374, 6.967864513397217, 6.981695175170898, 6.972987651824951, 6.951288223266602, 6.961890697479248, 6.952456474304199, 6.961868762969971, 6.952085971832275, 6.94016695022583, 6.93817138671875, 6.940932273864746, 6.928333282470703, 6.9241790771484375, 6.926023006439209, 6.923513412475586, 6.923785209655762, 6.920619964599609, 6.911275863647461, 6.922273635864258, 6.900049686431885, 6.910848617553711, 6.902181625366211, 6.891778945922852, 6.897618293762207], "best_val_epoch": 99, "model": "AE_sound", "lr": 0.0001, "batch_size": 256, "context": "8"}