{"iter": 5, "val_mses": [13.612887382507324, 11.169027328491211, 10.567888259887695, 9.281442642211914, 8.337472915649414, 8.363851547241211, 8.417838096618652, 8.388569831848145, 8.325495719909668, 8.371525764465332, 8.332529067993164, 8.308060646057129, 8.274531364440918, 8.295856475830078, 8.251177787780762, 8.244001388549805, 8.286110877990723, 8.25692081451416, 8.273545265197754, 8.24940299987793, 8.137801170349121, 8.087944030761719, 8.00967788696289, 7.971717834472656, 7.987914085388184, 7.957751750946045, 7.9153923988342285, 7.879161357879639, 7.791500091552734, 7.838131904602051, 7.858318328857422, 7.7805280685424805, 7.862068176269531, 7.749197483062744, 7.7630109786987305, 7.729877948760986, 7.6861138343811035, 7.714863300323486, 7.761213779449463, 7.694947719573975, 7.674869060516357, 7.660215377807617, 7.7053117752075195, 7.638065338134766, 7.654880046844482, 7.672219753265381, 7.6800408363342285, 7.652429580688477, 7.610655784606934, 7.6778340339660645, 7.641432285308838, 7.610599517822266, 7.637330055236816, 7.6029510498046875, 7.594045639038086, 7.635429859161377, 7.617964267730713, 7.611309051513672, 7.663605213165283, 7.596505165100098, 7.617799758911133, 7.6305365562438965, 7.597417831420898, 7.624853610992432, 7.578549385070801, 7.657598972320557, 7.619123935699463, 7.666172027587891, 7.662535190582275, 7.671412467956543, 7.635043621063232, 7.620604038238525, 7.628297328948975, 7.5906171798706055, 7.643315315246582, 7.660531997680664, 7.634693622589111, 7.631595134735107, 7.643093109130859, 7.589618682861328, 7.667174816131592, 7.625889301300049, 7.615358829498291, 7.569423198699951, 7.565735340118408, 7.617213249206543, 7.607830047607422, 7.646168231964111, 7.589097023010254, 7.638566970825195, 7.601687431335449, 7.649226665496826, 7.649506568908691, 7.5933356285095215, 7.643208980560303, 7.65283727645874, 7.655337810516357, 7.664740562438965, 7.6144866943359375, 7.603634357452393], "best_val_epoch": 85, "model": "AE_sound", "lr": 0.0001, "batch_size": 256, "context": "7"}