{"iter": 6, "val_mses": [12.085740089416504, 12.083105087280273, 10.6364164352417, 10.471480369567871, 10.026132583618164, 9.705011367797852, 9.553038597106934, 9.470693588256836, 9.463652610778809, 9.392801284790039, 9.272735595703125, 9.193217277526855, 9.182707786560059, 9.088166236877441, 9.062116622924805, 9.063758850097656, 9.005210876464844, 9.032438278198242, 9.040055274963379, 9.017937660217285, 9.005001068115234, 8.965999603271484, 8.830862045288086, 8.775186538696289, 8.712350845336914, 8.730574607849121, 8.676188468933105, 8.673991203308105, 8.68639087677002, 8.708642959594727, 8.611183166503906, 8.598458290100098, 8.612875938415527, 8.642441749572754, 8.591232299804688, 8.591971397399902, 8.616341590881348, 8.526577949523926, 8.568700790405273, 8.5980863571167, 8.577106475830078, 8.553955078125, 8.56006908416748, 8.452414512634277, 8.515295028686523, 8.420219421386719, 8.447627067565918, 8.495553970336914, 8.429320335388184, 8.429754257202148, 8.416515350341797, 8.476035118103027, 8.407872200012207, 8.408920288085938, 8.456448554992676, 8.426070213317871, 8.415216445922852, 8.422903060913086, 8.453224182128906, 8.393077850341797, 8.434626579284668, 8.424748420715332, 8.403525352478027, 8.415131568908691, 8.421791076660156, 8.419961929321289, 8.366570472717285, 8.436981201171875, 8.415352821350098, 8.386763572692871, 8.374786376953125, 8.350835800170898, 8.356008529663086, 8.381119728088379, 8.345699310302734, 8.387910842895508, 8.399652481079102, 8.318345069885254, 8.417311668395996, 8.389948844909668, 8.397076606750488, 8.390475273132324, 8.357488632202148, 8.333989143371582, 8.382758140563965, 8.388934135437012, 8.366609573364258, 8.401468276977539, 8.344388008117676, 8.37423038482666, 8.362234115600586, 8.38034439086914, 8.406261444091797, 8.368622779846191, 8.38737678527832, 8.382368087768555, 8.411076545715332, 8.379605293273926, 8.427963256835938, 8.378399848937988], "best_val_epoch": 78, "model": "AE_sound", "lr": 0.0001, "batch_size": 256, "context": "6"}