{"iter": 5, "val_mses": [12.288012504577637, 11.512808799743652, 10.759905815124512, 10.72439193725586, 10.71434497833252, 10.649762153625488, 10.72527027130127, 10.771254539489746, 10.731915473937988, 10.611224174499512, 10.619574546813965, 10.759066581726074, 10.525510787963867, 10.609031677246094, 10.535951614379883, 10.545376777648926, 10.493332862854004, 10.458841323852539, 10.435102462768555, 10.50948429107666, 10.387787818908691, 10.437213897705078, 10.34945297241211, 10.384729385375977, 10.380240440368652, 10.358863830566406, 10.343435287475586, 10.405900001525879, 10.35571575164795, 10.352080345153809, 10.3828763961792, 10.293924331665039, 10.252095222473145, 10.265219688415527, 10.240997314453125, 10.247393608093262, 10.280644416809082, 10.267995834350586, 10.18149185180664, 10.215340614318848, 10.173948287963867, 10.161090850830078, 10.223660469055176, 10.205208778381348, 10.227669715881348, 10.19487476348877, 10.143022537231445, 10.31393814086914, 10.529295921325684, 10.318161010742188, 10.145112991333008, 10.095793724060059, 10.188084602355957, 10.06783390045166, 10.327795028686523, 10.240296363830566, 10.051985740661621, 10.110342979431152, 10.37474250793457, 10.105541229248047, 10.049954414367676, 10.098536491394043, 10.064079284667969, 10.073368072509766, 10.11577033996582, 10.057707786560059, 10.052938461303711, 10.301260948181152, 10.037142753601074, 10.030157089233398, 10.055283546447754, 10.035922050476074, 9.968513488769531, 9.97698974609375, 9.990741729736328, 9.993099212646484, 10.189980506896973, 9.993023872375488, 10.041131973266602, 9.958553314208984, 9.98124885559082, 9.975930213928223, 9.955009460449219, 9.981083869934082, 9.966529846191406, 9.957601547241211, 9.95673656463623, 9.961708068847656, 9.940091133117676, 9.930700302124023, 9.958367347717285, 9.910656929016113, 9.938912391662598, 9.932965278625488, 9.910443305969238, 9.926734924316406, 9.939658164978027, 9.889262199401855, 9.921597480773926, 9.91772174835205], "best_val_epoch": 98, "model": "AE_sound", "lr": 0.0001, "batch_size": 256, "context": "4"}