{"iter": 5, "val_mses": [12.717308044433594, 11.076239585876465, 10.753177642822266, 10.24067211151123, 10.01904296875, 9.89089298248291, 9.84578800201416, 9.790374755859375, 9.698457717895508, 9.634417533874512, 9.553291320800781, 9.521716117858887, 9.476678848266602, 9.41435432434082, 9.40410041809082, 9.266925811767578, 9.231891632080078, 9.21493148803711, 9.061225891113281, 8.639471054077148, 8.367791175842285, 8.2604341506958, 8.146299362182617, 8.073898315429688, 7.909063339233398, 7.783963680267334, 7.767610549926758, 7.68734073638916, 7.654906749725342, 7.622979640960693, 7.60896635055542, 7.574466705322266, 7.546802043914795, 7.501552581787109, 7.500332832336426, 7.455207824707031, 7.463724136352539, 7.427868366241455, 7.3982744216918945, 7.399035930633545, 7.382401466369629, 7.3377461433410645, 7.3475141525268555, 7.315718650817871, 7.3153886795043945, 7.281925678253174, 7.279267311096191, 7.257348537445068, 7.241172790527344, 7.242316722869873, 7.231096267700195, 7.2357282638549805, 7.187252521514893, 7.174339294433594, 7.163668632507324, 7.163260459899902, 7.142185211181641, 7.148346424102783, 7.119975566864014, 7.121675491333008, 7.108489036560059, 7.105057239532471, 7.079553127288818, 7.094619274139404, 7.068764686584473, 7.053072929382324, 7.048657417297363, 7.046970844268799, 7.026648044586182, 7.0505852699279785, 7.019031524658203, 7.029747486114502, 7.012141227722168, 7.014156341552734, 7.024384498596191, 7.011051177978516, 7.0237603187561035, 7.004837512969971, 6.973580837249756, 6.9816460609436035, 6.994755744934082, 6.984508514404297, 6.985593795776367, 6.96670389175415, 6.9653449058532715, 6.956966400146484, 6.960824012756348, 6.946486473083496, 6.950908660888672, 6.960560321807861, 6.938928604125977, 6.950096607208252, 6.93415641784668, 6.929652214050293, 6.942028999328613, 6.947079181671143, 6.917109489440918, 6.938256740570068, 6.905773162841797, 6.912995338439941], "best_val_epoch": 99, "model": "AE_sound", "lr": 0.0001, "batch_size": 256, "context": "8"}