{"iter": 7, "val_mses": [14.688403129577637, 12.483314514160156, 12.130497932434082, 11.027376174926758, 10.768698692321777, 10.47481918334961, 10.36318302154541, 10.292008399963379, 10.259180068969727, 10.233195304870605, 9.754132270812988, 9.63412857055664, 9.601927757263184, 9.508443832397461, 9.385542869567871, 9.287583351135254, 9.198798179626465, 9.117494583129883, 9.04702377319336, 8.998713493347168, 8.993980407714844, 8.949597358703613, 8.91655158996582, 8.866147994995117, 8.864620208740234, 8.798513412475586, 8.77569580078125, 8.773046493530273, 8.720579147338867, 8.661602020263672, 8.649213790893555, 8.604870796203613, 8.588021278381348, 8.538132667541504, 8.53239631652832, 8.501344680786133, 8.431300163269043, 8.425972938537598, 8.4056978225708, 8.381366729736328, 8.41938591003418, 8.360218048095703, 8.338595390319824, 8.337213516235352, 8.294742584228516, 8.271973609924316, 8.245768547058105, 8.211918830871582, 8.206071853637695, 8.18540096282959, 8.15178394317627, 8.152859687805176, 8.15149974822998, 8.128251075744629, 8.130311965942383, 8.097933769226074, 8.124939918518066, 8.077128410339355, 8.074338912963867, 8.05494213104248, 8.063883781433105, 8.033652305603027, 8.049142837524414, 8.02757453918457, 8.042216300964355, 8.008159637451172, 8.032588005065918, 8.019038200378418, 7.959845542907715, 7.96851110458374, 7.970546245574951, 7.979083061218262, 7.976929187774658, 7.969388484954834, 7.960402488708496, 7.94428825378418, 7.945816516876221, 7.938967704772949, 7.882975101470947, 7.939001083374023, 7.901069164276123, 7.8960466384887695, 7.8738837242126465, 7.860603332519531, 7.837805271148682, 7.854068756103516, 7.827264308929443, 7.797333717346191, 7.82749605178833, 7.826865196228027, 7.809343338012695, 7.835413455963135, 7.854743957519531, 7.814966201782227, 7.768604278564453, 7.774214267730713, 7.765364170074463, 7.777818202972412, 7.722529888153076, 7.750062942504883], "best_val_epoch": 99, "model": "AE_sound", "lr": 0.0001, "batch_size": 256, "context": "8"}