{"iter": 6, "val_mses": [9.812126159667969, 8.867096900939941, 8.687664985656738, 8.245248794555664, 7.9121413230896, 7.540887832641602, 7.447195053100586, 7.297537326812744, 7.0811076164245605, 6.922835826873779, 6.7777228355407715, 6.653454780578613, 6.558114051818848, 6.492001533508301, 6.43021821975708, 6.377073287963867, 6.358306407928467, 6.329655647277832, 6.285853862762451, 6.261669635772705, 6.228266716003418, 6.223934650421143, 6.195108890533447, 6.1919026374816895, 6.1711955070495605, 6.171448230743408, 6.159887313842773, 6.154739856719971, 6.148402690887451, 6.137989044189453, 6.137476444244385, 6.11552619934082, 6.117782115936279, 6.111763954162598, 6.103516101837158, 6.101832866668701, 6.0928826332092285, 6.086339950561523, 6.084813594818115, 6.076419830322266, 6.080037593841553, 6.070725917816162, 6.066788196563721, 6.037295341491699, 6.013714790344238, 6.002652645111084, 5.9865899085998535, 5.975683212280273, 5.924261569976807, 5.895345687866211, 5.875662326812744, 5.855123519897461, 5.838496208190918, 5.820845603942871, 5.8300323486328125, 5.821025848388672, 5.813106060028076, 5.797268390655518, 5.7890191078186035, 5.786674499511719, 5.787081241607666, 5.778345108032227, 5.771846771240234, 5.764641761779785, 5.761847019195557, 5.749915599822998, 5.752818584442139, 5.7548747062683105, 5.746789932250977, 5.747481346130371, 5.738961696624756, 5.740911960601807, 5.7327399253845215, 5.729852199554443, 5.726767539978027, 5.72139835357666, 5.719522953033447, 5.709198474884033, 5.707657814025879, 5.7043046951293945, 5.700722694396973, 5.7073750495910645, 5.694783687591553, 5.696118354797363, 5.692000865936279, 5.69208288192749, 5.693160057067871, 5.687232971191406, 5.684268474578857, 5.68920373916626, 5.6876373291015625, 5.685554504394531, 5.684443473815918, 5.689038276672363, 5.681468963623047, 5.682693004608154, 5.677959442138672, 5.680773735046387, 5.690880298614502, 5.673547744750977], "best_val_epoch": 100, "model": "AE_sound", "lr": 0.0001, "batch_size": 256, "context": "0"}