{"iter": 9, "val_mses": [12.257195472717285, 12.409358024597168, 10.95936393737793, 10.914107322692871, 10.88182258605957, 10.769574165344238, 10.817489624023438, 10.717110633850098, 10.640722274780273, 10.661931037902832, 10.587179183959961, 10.599844932556152, 10.568718910217285, 10.600950241088867, 10.5783109664917, 10.560149192810059, 10.611964225769043, 10.553262710571289, 10.534529685974121, 10.523422241210938, 10.490147590637207, 10.43496036529541, 10.429912567138672, 10.435956001281738, 10.28532600402832, 10.132499694824219, 10.132674217224121, 10.043268203735352, 10.145066261291504, 10.028602600097656, 10.00466251373291, 9.9981689453125, 9.96408748626709, 10.000085830688477, 9.953499794006348, 9.961108207702637, 9.947760581970215, 9.95375919342041, 9.926009178161621, 10.13983154296875, 9.954732894897461, 9.90858268737793, 9.906713485717773, 9.893643379211426, 9.898662567138672, 10.035682678222656, 9.895768165588379, 9.912310600280762, 9.827186584472656, 9.917085647583008, 9.864911079406738, 9.857418060302734, 9.835517883300781, 9.88520336151123, 9.866106986999512, 9.871702194213867, 9.856077194213867, 9.867562294006348, 9.810710906982422, 9.791234016418457, 9.854161262512207, 9.830711364746094, 9.802754402160645, 9.809110641479492, 9.840316772460938, 9.774842262268066, 9.780914306640625, 9.920559883117676, 9.777005195617676, 9.787452697753906, 9.738656044006348, 9.74083423614502, 9.78255844116211, 9.758541107177734, 9.758520126342773, 9.808585166931152, 9.747482299804688, 9.782082557678223, 9.841455459594727, 9.746370315551758, 9.751422882080078, 9.771269798278809, 9.860294342041016, 9.746914863586426, 9.73151969909668, 9.73582935333252, 9.737326622009277, 9.727270126342773, 9.82562255859375, 9.782478332519531, 9.733842849731445, 9.752372741699219, 9.736771583557129, 9.725156784057617, 9.725848197937012, 9.735577583312988, 9.756739616394043, 10.087272644042969, 9.765664100646973, 9.728616714477539], "best_val_epoch": 94, "model": "AE_sound", "lr": 0.0001, "batch_size": 256, "context": "4"}