{"iter": 5, "val_mses": [17.356096267700195, 14.088922500610352, 11.201226234436035, 10.174967765808105, 9.950572967529297, 9.703084945678711, 9.468290328979492, 9.304110527038574, 9.205016136169434, 9.118475914001465, 9.009389877319336, 8.809270858764648, 8.669541358947754, 8.546527862548828, 8.455422401428223, 8.379608154296875, 8.331208229064941, 8.210493087768555, 8.1493558883667, 8.098690032958984, 8.060720443725586, 8.023181915283203, 7.98837423324585, 7.936800956726074, 7.906654357910156, 7.881160736083984, 7.848344326019287, 7.8103132247924805, 7.801468372344971, 7.778659820556641, 7.741325855255127, 7.74246883392334, 7.717343807220459, 7.701008319854736, 7.679331302642822, 7.661458969116211, 7.633749485015869, 7.605674743652344, 7.609036445617676, 7.59690523147583, 7.579248428344727, 7.544785976409912, 7.524969100952148, 7.516317844390869, 7.495380401611328, 7.479751110076904, 7.453742504119873, 7.428227424621582, 7.437623023986816, 7.414133548736572, 7.405563831329346, 7.39424991607666, 7.408440589904785, 7.369229793548584, 7.360560894012451, 7.351129531860352, 7.337247848510742, 7.336925506591797, 7.3166327476501465, 7.312819957733154, 7.2901153564453125, 7.296025276184082, 7.284173011779785, 7.273626327514648, 7.251911640167236, 7.2726593017578125, 7.233440399169922, 7.2499799728393555, 7.230315208435059, 7.226945400238037, 7.208978652954102, 7.202391624450684, 7.204725742340088, 7.193894386291504, 7.194062232971191, 7.179567337036133, 7.184742450714111, 7.166337490081787, 7.176141262054443, 7.161096096038818, 7.155455112457275, 7.153471946716309, 7.167241096496582, 7.1425676345825195, 7.136441707611084, 7.118099689483643, 7.144176483154297, 7.1121625900268555, 7.042562484741211, 6.954251766204834, 6.912372589111328, 6.906702995300293, 6.879587173461914, 6.833110332489014, 6.820736885070801, 6.802243232727051, 6.798680305480957, 6.777022838592529, 6.76772403717041, 6.758607387542725], "best_val_epoch": 100, "model": "AE_sound", "lr": 0.0001, "batch_size": 256, "context": "12"}