{"iter": 5, "val_mses": [12.223148345947266, 9.512856483459473, 8.784502983093262, 8.50281810760498, 8.049118041992188, 7.820791244506836, 7.619802951812744, 7.528287410736084, 7.462679386138916, 7.269939422607422, 6.958658218383789, 6.803547382354736, 6.759127140045166, 6.746203422546387, 6.7123122215271, 6.696799278259277, 6.657064914703369, 6.605291843414307, 6.594510555267334, 6.5680646896362305, 6.553001403808594, 6.523278713226318, 6.505793571472168, 6.492815971374512, 6.476098537445068, 6.464716911315918, 6.459616661071777, 6.458996295928955, 6.444716453552246, 6.426145076751709, 6.416812419891357, 6.416930675506592, 6.393771171569824, 6.410463809967041, 6.369694232940674, 6.370358943939209, 6.343634128570557, 6.382669448852539, 6.327550888061523, 6.314575672149658, 6.311103820800781, 6.310556411743164, 6.28653621673584, 6.278283596038818, 6.286281585693359, 6.27098274230957, 6.274847507476807, 6.260213375091553, 6.261366367340088, 6.257105350494385, 6.259765148162842, 6.246603488922119, 6.24934720993042, 6.246768951416016, 6.240911960601807, 6.2246317863464355, 6.228304862976074, 6.231213092803955, 6.225170135498047, 6.211498260498047, 6.249377250671387, 6.219051361083984, 6.225957870483398, 6.196541786193848, 6.187549114227295, 6.183416366577148, 6.182124614715576, 6.1746506690979, 6.197482585906982, 6.193242073059082, 6.158598899841309, 6.162679672241211, 6.157084941864014, 6.153072357177734, 6.148744106292725, 6.140848159790039, 6.140876293182373, 6.1361188888549805, 6.130573749542236, 6.129749774932861, 6.127828121185303, 6.1146955490112305, 6.114742755889893, 6.105007171630859, 6.1015729904174805, 6.09885311126709, 6.09003210067749, 6.092099666595459, 6.084646224975586, 6.079200744628906, 6.0797038078308105, 6.07622766494751, 6.097888469696045, 6.079477310180664, 6.057735443115234, 6.069925308227539, 6.059849262237549, 6.056887626647949, 6.059113025665283, 6.056809425354004], "best_val_epoch": 100, "model": "AE_sound", "lr": 0.0001, "batch_size": 256, "context": "0"}