{"iter": 4, "val_mses": [19.408063888549805, 12.88448429107666, 11.157488822937012, 9.506000518798828, 9.061808586120605, 8.983377456665039, 8.917332649230957, 8.840457916259766, 8.61205768585205, 8.547675132751465, 8.47227954864502, 8.466240882873535, 8.387763977050781, 8.333015441894531, 8.272320747375488, 8.222284317016602, 8.227084159851074, 8.17633056640625, 8.165481567382812, 8.142863273620605, 8.117053985595703, 8.096458435058594, 8.082796096801758, 8.067840576171875, 8.019519805908203, 8.019786834716797, 8.009063720703125, 7.988727569580078, 7.976779937744141, 7.957273960113525, 7.959646224975586, 7.9537763595581055, 7.919283866882324, 7.909883499145508, 7.935673236846924, 7.882007122039795, 7.892908573150635, 7.884139060974121, 7.857315540313721, 7.862426280975342, 7.847595691680908, 7.844878673553467, 7.837990760803223, 7.802697658538818, 7.79547119140625, 7.7774810791015625, 7.773172378540039, 7.793553829193115, 7.756742000579834, 7.72879695892334, 7.698158264160156, 7.697215557098389, 7.6696953773498535, 7.644014358520508, 7.619176387786865, 7.595932483673096, 7.5716328620910645, 7.558770179748535, 7.517971992492676, 7.513642311096191, 7.50733757019043, 7.489805221557617, 7.472947597503662, 7.468587875366211, 7.46211576461792, 7.471233367919922, 7.471487522125244, 7.442854881286621, 7.421895503997803, 7.42992639541626, 7.441192150115967, 7.4075236320495605, 7.401000022888184, 7.399349212646484, 7.376566410064697, 7.3707098960876465, 7.363832950592041, 7.357947826385498, 7.370126247406006, 7.331805229187012, 7.328805923461914, 7.318573474884033, 7.303239345550537, 7.3138957023620605, 7.306905746459961, 7.2847580909729, 7.287250995635986, 7.2783589363098145, 7.254336833953857, 7.268411636352539, 7.241066932678223, 7.2521443367004395, 7.235357761383057, 7.2246479988098145, 7.210110187530518, 7.2075066566467285, 7.202546119689941, 7.204622745513916, 7.187052249908447, 7.197175979614258], "best_val_epoch": 99, "model": "AE_sound", "lr": 0.0001, "batch_size": 256, "context": "15"}