{"iter": 8, "val_mses": [17.295698165893555, 12.866585731506348, 10.257554054260254, 9.451109886169434, 8.982466697692871, 8.865236282348633, 8.746637344360352, 8.627996444702148, 8.50727653503418, 8.419404029846191, 8.33772087097168, 8.259101867675781, 8.159526824951172, 8.095840454101562, 8.048279762268066, 8.001258850097656, 7.945528030395508, 7.913506984710693, 7.8867878913879395, 7.848649501800537, 7.816369533538818, 7.798861503601074, 7.75783634185791, 7.754601955413818, 7.726745128631592, 7.7133636474609375, 7.684421062469482, 7.647433757781982, 7.640296459197998, 7.617541790008545, 7.593035697937012, 7.568058967590332, 7.539495944976807, 7.514819622039795, 7.505356311798096, 7.461308479309082, 7.437760353088379, 7.412864685058594, 7.403482437133789, 7.361588478088379, 7.3420844078063965, 7.337692737579346, 7.299715518951416, 7.265190124511719, 7.243638515472412, 7.2282586097717285, 7.215129852294922, 7.183800220489502, 7.183166980743408, 7.165823459625244, 7.154455661773682, 7.127221584320068, 7.124228000640869, 7.112055778503418, 7.096168041229248, 7.073923587799072, 7.073153972625732, 7.050257682800293, 7.031675815582275, 7.011892795562744, 6.996982097625732, 6.9811692237854, 6.966003894805908, 6.958634853363037, 6.945627212524414, 6.9287028312683105, 6.928084850311279, 6.913586139678955, 6.8909807205200195, 6.8924150466918945, 6.884622097015381, 6.873954772949219, 6.85569953918457, 6.849950790405273, 6.835258960723877, 6.843693256378174, 6.8311333656311035, 6.832194805145264, 6.8155317306518555, 6.804399490356445, 6.802359580993652, 6.815462112426758, 6.789974689483643, 6.793066024780273, 6.783786296844482, 6.783042907714844, 6.7602458000183105, 6.755277633666992, 6.746219635009766, 6.73702335357666, 6.734899044036865, 6.726582050323486, 6.732757091522217, 6.721798419952393, 6.704395771026611, 6.677797317504883, 6.713552474975586, 6.692392349243164, 6.67030143737793, 6.663504123687744], "best_val_epoch": 100, "model": "AE_sound", "lr": 0.0001, "batch_size": 256, "context": "12"}