{"iter": 10, "val_mses": [11.504966735839844, 11.340418815612793, 10.808063507080078, 9.509037971496582, 9.195331573486328, 9.08310317993164, 9.034045219421387, 8.942902565002441, 8.900823593139648, 8.866640090942383, 8.839852333068848, 8.808393478393555, 8.811051368713379, 8.741249084472656, 8.712096214294434, 8.687026977539062, 8.690375328063965, 8.728673934936523, 8.717941284179688, 8.673596382141113, 8.634353637695312, 8.590417861938477, 8.599742889404297, 8.598705291748047, 8.593972206115723, 8.565308570861816, 8.586106300354004, 8.55533504486084, 8.584710121154785, 8.540889739990234, 8.543210983276367, 8.588153839111328, 8.517566680908203, 8.53710651397705, 8.509763717651367, 8.510435104370117, 8.5333833694458, 8.490941047668457, 8.498429298400879, 8.467519760131836, 8.451415061950684, 8.465813636779785, 8.4520263671875, 8.427541732788086, 8.435633659362793, 8.39779281616211, 8.438858985900879, 8.443253517150879, 8.38368034362793, 8.38999080657959, 8.368725776672363, 8.337413787841797, 8.360485076904297, 8.36441421508789, 8.368269920349121, 8.345518112182617, 8.37775993347168, 8.35755443572998, 8.346863746643066, 8.38988971710205, 8.369367599487305, 8.361867904663086, 8.375547409057617, 8.383721351623535, 8.342670440673828, 8.33407211303711, 8.351507186889648, 8.330570220947266, 8.330389976501465, 8.290637016296387, 8.27649211883545, 8.296628952026367, 8.24992561340332, 8.239761352539062, 8.225605964660645, 8.240496635437012, 8.226783752441406, 8.238962173461914, 8.217034339904785, 8.202813148498535, 8.19278621673584, 8.21435260772705, 8.22138786315918, 8.185601234436035, 8.164989471435547, 8.17352294921875, 8.170320510864258, 8.16964054107666, 8.182249069213867, 8.154926300048828, 8.153542518615723, 8.126766204833984, 8.12704849243164, 8.143890380859375, 8.126935005187988, 8.129632949829102, 8.094146728515625, 8.084478378295898, 8.107277870178223, 8.104655265808105], "best_val_epoch": 98, "model": "AE_sound", "lr": 0.0001, "batch_size": 256, "context": "5"}