{"iter": 4, "val_mses": [12.54182243347168, 11.238402366638184, 10.488564491271973, 9.91589641571045, 9.92797565460205, 9.726449012756348, 9.563136100769043, 9.517765045166016, 9.459407806396484, 9.478537559509277, 9.427791595458984, 9.38706111907959, 9.161493301391602, 9.104008674621582, 9.087650299072266, 9.04279613494873, 8.969980239868164, 8.90934944152832, 8.917618751525879, 8.89010238647461, 8.76563549041748, 8.62424373626709, 8.53568172454834, 8.466691017150879, 8.458850860595703, 8.430222511291504, 8.398953437805176, 8.379234313964844, 8.375418663024902, 8.347227096557617, 8.30827808380127, 8.3177490234375, 8.292806625366211, 8.291360855102539, 8.27614688873291, 8.246512413024902, 8.221047401428223, 8.240242004394531, 8.254691123962402, 8.21568489074707, 8.257779121398926, 8.215648651123047, 8.210121154785156, 8.204683303833008, 8.215778350830078, 8.196206092834473, 8.218168258666992, 8.1500883102417, 8.138362884521484, 8.1761474609375, 8.14008903503418, 8.200437545776367, 8.163591384887695, 8.182774543762207, 8.181139945983887, 8.15711498260498, 8.150527000427246, 8.141180992126465, 8.117416381835938, 8.110998153686523, 8.132719993591309, 8.11264705657959, 8.127824783325195, 8.124147415161133, 8.151244163513184, 8.119486808776855, 8.106431007385254, 8.05797290802002, 8.088656425476074, 8.151079177856445, 8.082592010498047, 8.126434326171875, 8.114471435546875, 8.086326599121094, 8.084858894348145, 8.048982620239258, 8.078619956970215, 8.010659217834473, 8.037210464477539, 8.04259967803955, 8.040834426879883, 8.028000831604004, 8.043054580688477, 8.011363983154297, 7.957326412200928, 7.961328506469727, 7.991720199584961, 7.917302131652832, 7.890807151794434, 7.891186714172363, 7.849353790283203, 7.873829364776611, 7.872857570648193, 7.830485820770264, 7.824448108673096, 7.829281330108643, 7.793194770812988, 7.830105304718018, 7.800750255584717, 7.790233612060547], "best_val_epoch": 100, "model": "AE_sound", "lr": 0.0001, "batch_size": 256, "context": "5"}