{"iter": 9, "val_mses": [14.463066101074219, 10.261735916137695, 9.92376708984375, 9.200146675109863, 8.88050365447998, 8.726104736328125, 8.635663986206055, 8.555256843566895, 8.519721031188965, 8.456247329711914, 8.442949295043945, 8.414212226867676, 8.386792182922363, 8.34271240234375, 8.303216934204102, 8.268411636352539, 8.225608825683594, 8.181100845336914, 8.151195526123047, 8.094623565673828, 8.04449462890625, 8.017312049865723, 7.983067035675049, 7.955607891082764, 7.927824974060059, 7.910796642303467, 7.891130447387695, 7.876522064208984, 7.856181621551514, 7.84658670425415, 7.8590312004089355, 7.808526992797852, 7.767337322235107, 7.774147987365723, 7.731465816497803, 7.740107536315918, 7.688045501708984, 7.668554306030273, 7.638824939727783, 7.619682312011719, 7.605329513549805, 7.572360515594482, 7.550752639770508, 7.5304155349731445, 7.511248588562012, 7.492553234100342, 7.480307102203369, 7.475780487060547, 7.4752655029296875, 7.460779190063477, 7.438841819763184, 7.455554485321045, 7.4342427253723145, 7.450134754180908, 7.418470859527588, 7.4154229164123535, 7.380627155303955, 7.411158084869385, 7.409457683563232, 7.397421836853027, 7.389608383178711, 7.352503776550293, 7.3128461837768555, 7.257701873779297, 7.256850242614746, 7.223172664642334, 7.210787296295166, 7.209140777587891, 7.181515693664551, 7.178013801574707, 7.164374351501465, 7.136852741241455, 7.143857955932617, 7.130612850189209, 7.119973659515381, 7.113148212432861, 7.093408584594727, 7.082657337188721, 7.074216365814209, 7.014837741851807, 6.941518783569336, 6.91567325592041, 6.8941850662231445, 6.873846054077148, 6.848939418792725, 6.863959789276123, 6.824367046356201, 6.841574192047119, 6.816826343536377, 6.79714298248291, 6.793034076690674, 6.773860454559326, 6.770810604095459, 6.767704010009766, 6.739955425262451, 6.757371425628662, 6.743109226226807, 6.729213237762451, 6.720772743225098, 6.7431464195251465], "best_val_epoch": 99, "model": "AE_sound", "lr": 0.0001, "batch_size": 256, "context": "9"}