{"iter": 6, "val_mses": [18.086856842041016, 13.906119346618652, 11.27599811553955, 10.922531127929688, 10.744288444519043, 10.631035804748535, 10.512334823608398, 10.483242988586426, 10.416792869567871, 10.374658584594727, 10.310774803161621, 10.291165351867676, 10.22390079498291, 10.20083236694336, 10.111723899841309, 10.027079582214355, 9.937264442443848, 9.902989387512207, 9.87081241607666, 9.838351249694824, 9.788475036621094, 9.744584083557129, 9.67859935760498, 9.663721084594727, 9.64530086517334, 9.622249603271484, 9.550867080688477, 9.511137008666992, 9.489455223083496, 9.485603332519531, 9.46284008026123, 9.42520523071289, 9.442060470581055, 9.39570140838623, 9.382972717285156, 9.379369735717773, 9.36201000213623, 9.307371139526367, 9.305075645446777, 9.311263084411621, 9.268649101257324, 9.279207229614258, 9.244909286499023, 9.206283569335938, 9.207552909851074, 9.181380271911621, 9.175325393676758, 9.147211074829102, 9.145305633544922, 9.136981010437012, 9.109688758850098, 9.074090003967285, 9.044553756713867, 9.073232650756836, 9.051125526428223, 9.013659477233887, 8.977502822875977, 9.005964279174805, 8.973220825195312, 8.937113761901855, 8.94229793548584, 8.946433067321777, 8.93845272064209, 8.936967849731445, 8.914670944213867, 8.92695140838623, 8.898289680480957, 8.878528594970703, 8.88776683807373, 8.875619888305664, 8.903424263000488, 8.88909912109375, 8.850594520568848, 8.852628707885742, 8.855514526367188, 8.85315227508545, 8.862639427185059, 8.828381538391113, 8.835354804992676, 8.846813201904297, 8.799112319946289, 8.817811012268066, 8.85693073272705, 8.795795440673828, 8.84776496887207, 8.82913875579834, 8.82730770111084, 8.790342330932617, 8.794849395751953, 8.783310890197754, 8.770312309265137, 8.782966613769531, 8.763132095336914, 8.761055946350098, 8.775378227233887, 8.792435646057129, 8.776435852050781, 8.763943672180176, 8.772292137145996, 8.763315200805664], "best_val_epoch": 94, "model": "AE_sound", "lr": 0.0001, "batch_size": 256, "context": "14"}