{"iter": 5, "val_mses": [11.644258499145508, 11.27438735961914, 9.90015697479248, 9.946727752685547, 9.862872123718262, 9.620100021362305, 9.470398902893066, 9.426027297973633, 9.36177921295166, 9.331191062927246, 9.333660125732422, 9.338807106018066, 9.299829483032227, 9.327229499816895, 9.308884620666504, 9.258747100830078, 9.232163429260254, 9.208107948303223, 9.131762504577637, 9.116435050964355, 9.091572761535645, 9.065909385681152, 9.048294067382812, 9.049484252929688, 9.050663948059082, 9.005313873291016, 9.02916145324707, 9.0198974609375, 8.978211402893066, 8.981145858764648, 8.970381736755371, 8.961636543273926, 8.737922668457031, 8.669910430908203, 8.623358726501465, 8.542041778564453, 8.483025550842285, 8.477187156677246, 8.459465980529785, 8.438406944274902, 8.450722694396973, 8.408700942993164, 8.403387069702148, 8.396797180175781, 8.416033744812012, 8.426689147949219, 8.400784492492676, 8.411149024963379, 8.426557540893555, 8.448665618896484, 8.443286895751953, 8.279431343078613, 8.253822326660156, 8.272229194641113, 8.236549377441406, 8.259528160095215, 8.24276351928711, 8.29549789428711, 8.245023727416992, 8.302773475646973, 8.275951385498047, 8.248801231384277, 8.250988006591797, 8.213725090026855, 8.173179626464844, 8.188261032104492, 8.180815696716309, 8.147348403930664, 8.10680103302002, 8.127448081970215, 8.073315620422363, 8.07253646850586, 8.110300064086914, 8.086934089660645, 8.066251754760742, 8.050040245056152, 8.00616455078125, 7.990854263305664, 8.012825965881348, 7.971190452575684, 7.993978977203369, 7.993260860443115, 7.990201950073242, 7.960633277893066, 7.942427635192871, 7.912400245666504, 7.925514221191406, 7.932888031005859, 7.889393329620361, 7.906045913696289, 7.873802185058594, 7.911236763000488, 7.883238315582275, 7.858040809631348, 7.83341121673584, 7.873453140258789, 7.83766508102417, 7.887336730957031, 7.8618574142456055, 7.869585037231445], "best_val_epoch": 95, "model": "AE_sound", "lr": 0.0001, "batch_size": 256, "context": "5"}