{"iter": 9, "val_mses": [20.796239852905273, 12.66213607788086, 10.593391418457031, 10.141806602478027, 10.059235572814941, 10.01601791381836, 9.963136672973633, 9.937543869018555, 9.864021301269531, 9.762057304382324, 9.69946575164795, 9.631752967834473, 9.57392692565918, 9.544278144836426, 9.485645294189453, 9.451308250427246, 9.407449722290039, 9.375128746032715, 9.357505798339844, 9.32269287109375, 9.27967643737793, 9.235692977905273, 9.174400329589844, 9.090606689453125, 9.045389175415039, 9.015984535217285, 8.96815013885498, 8.939284324645996, 8.908648490905762, 8.862092018127441, 8.822822570800781, 8.699237823486328, 8.581046104431152, 8.480320930480957, 8.366634368896484, 8.270956039428711, 8.194268226623535, 8.129587173461914, 8.061285018920898, 8.021072387695312, 7.996004104614258, 7.973302364349365, 7.923659801483154, 7.890847206115723, 7.866589546203613, 7.842696666717529, 7.842069625854492, 7.81731653213501, 7.796694755554199, 7.777533531188965, 7.752296447753906, 7.739720344543457, 7.729201316833496, 7.71324348449707, 7.694001197814941, 7.675802707672119, 7.66722297668457, 7.654148578643799, 7.636952877044678, 7.6260576248168945, 7.610344886779785, 7.585956573486328, 7.572862148284912, 7.539689540863037, 7.502007961273193, 7.497177600860596, 7.451663017272949, 7.429927825927734, 7.399381160736084, 7.376819610595703, 7.363672256469727, 7.344616889953613, 7.3314995765686035, 7.321654796600342, 7.300496578216553, 7.279332160949707, 7.273475170135498, 7.259520530700684, 7.2555341720581055, 7.243921279907227, 7.224668025970459, 7.203619956970215, 7.17190408706665, 7.102593421936035, 7.0644001960754395, 7.0452375411987305, 7.030744552612305, 6.993480205535889, 6.981618881225586, 6.98209285736084, 6.960184574127197, 6.951282501220703, 6.92877721786499, 6.936117649078369, 6.918405532836914, 6.9094014167785645, 6.901942253112793, 6.8961052894592285, 6.884566783905029, 6.881958484649658], "best_val_epoch": 100, "model": "AE_sound", "lr": 0.0001, "batch_size": 256, "context": "12"}