{"iter": 10, "val_mses": [12.485651969909668, 12.365618705749512, 12.209894180297852, 12.05666732788086, 11.950456619262695, 11.83159351348877, 11.510383605957031, 11.47500228881836, 11.368947982788086, 11.332487106323242, 11.208919525146484, 11.217679977416992, 11.143001556396484, 11.08330249786377, 11.006807327270508, 10.945436477661133, 10.952022552490234, 10.883091926574707, 10.7960205078125, 10.813085556030273, 10.767462730407715, 10.770984649658203, 10.727067947387695, 10.69158935546875, 10.711533546447754, 10.613409996032715, 9.986888885498047, 9.662375450134277, 9.662093162536621, 9.593517303466797, 9.586326599121094, 9.433002471923828, 9.123407363891602, 9.074665069580078, 9.014552116394043, 9.006224632263184, 8.98595142364502, 8.855987548828125, 8.74433422088623, 8.660335540771484, 8.583504676818848, 8.585005760192871, 8.600495338439941, 8.536442756652832, 8.43667984008789, 8.391334533691406, 8.380846977233887, 8.365422248840332, 8.292386054992676, 8.287181854248047, 8.377395629882812, 8.337991714477539, 8.138497352600098, 8.183614730834961, 8.141398429870605, 8.041571617126465, 8.123462677001953, 8.002561569213867, 7.987714767456055, 7.957042217254639, 7.942135334014893, 7.915921688079834, 7.9184393882751465, 7.893440246582031, 7.8762006759643555, 7.879412651062012, 7.864278316497803, 7.952915668487549, 7.820712089538574, 7.8436689376831055, 7.869974613189697, 7.833074569702148, 7.876449108123779, 7.848457336425781, 7.7933173179626465, 7.944192409515381, 7.800086975097656, 7.856035232543945, 7.790309906005859, 7.776516437530518, 7.780168056488037, 7.891073226928711, 7.791738510131836, 7.81712007522583, 7.776339530944824, 7.7149128913879395, 7.691659927368164, 7.692659378051758, 7.713493347167969, 7.757426738739014, 7.6660990715026855, 7.685094356536865, 7.648864269256592, 7.617478370666504, 7.60502815246582, 7.56695556640625, 7.532485008239746, 7.505137920379639, 7.46330451965332, 7.455300807952881], "best_val_epoch": 100, "model": "AE_sound", "lr": 0.0001, "batch_size": 256, "context": "8"}