{"iter": 7, "val_mses": [9.968505859375, 8.813069343566895, 8.674860954284668, 8.538497924804688, 8.341479301452637, 8.174359321594238, 7.889289855957031, 7.804233551025391, 7.741117000579834, 7.709037780761719, 7.704895496368408, 7.714669227600098, 7.672649383544922, 7.6293559074401855, 7.597594261169434, 7.541773319244385, 7.447988986968994, 7.333467483520508, 7.234134674072266, 7.182712078094482, 7.118607997894287, 7.0491719245910645, 6.998315811157227, 6.952853202819824, 6.925926685333252, 6.88467264175415, 6.8175811767578125, 6.803073883056641, 6.774590969085693, 6.76217794418335, 6.755584239959717, 6.7187299728393555, 6.701038837432861, 6.682832717895508, 6.682643890380859, 6.676825046539307, 6.662392616271973, 6.64532470703125, 6.639665126800537, 6.632816791534424, 6.617208480834961, 6.614813804626465, 6.610275745391846, 6.599721431732178, 6.591198444366455, 6.5782551765441895, 6.609552383422852, 6.562559604644775, 6.5478291511535645, 6.539045810699463, 6.540436744689941, 6.533693313598633, 6.523655891418457, 6.5225090980529785, 6.510565757751465, 6.519355773925781, 6.4869842529296875, 6.485780239105225, 6.487088203430176, 6.477078914642334, 6.487473487854004, 6.4725117683410645, 6.466836929321289, 6.463057518005371, 6.463719844818115, 6.453810691833496, 6.448321342468262, 6.449019908905029, 6.4631028175354, 6.4398417472839355, 6.447269439697266, 6.436289310455322, 6.433723449707031, 6.422921180725098, 6.418001651763916, 6.411574840545654, 6.418130397796631, 6.411106586456299, 6.404679298400879, 6.414970397949219, 6.401971340179443, 6.40121603012085, 6.399909496307373, 6.383883953094482, 6.3797454833984375, 6.385100364685059, 6.3810811042785645, 6.369117259979248, 6.3738508224487305, 6.3717803955078125, 6.366885662078857, 6.355268478393555, 6.355978488922119, 6.356700420379639, 6.347912311553955, 6.348420143127441, 6.348836898803711, 6.336121082305908, 6.330268859863281, 6.333369255065918], "best_val_epoch": 99, "model": "AE_sound", "lr": 0.0001, "batch_size": 256, "context": "0"}