{"iter": 9, "val_mses": [11.427719116210938, 10.070587158203125, 9.349823951721191, 9.153107643127441, 8.918726921081543, 8.799690246582031, 8.642097473144531, 8.56597900390625, 8.526137351989746, 8.514763832092285, 8.474531173706055, 8.402161598205566, 8.41109561920166, 8.374147415161133, 8.346050262451172, 8.314931869506836, 8.298693656921387, 8.29723072052002, 8.254192352294922, 8.2332124710083, 8.230091094970703, 8.198806762695312, 8.178712844848633, 8.169363975524902, 8.119569778442383, 8.112486839294434, 8.123611450195312, 8.082327842712402, 8.085664749145508, 8.07582950592041, 8.109527587890625, 8.039724349975586, 8.024446487426758, 8.003925323486328, 7.991413116455078, 7.999608993530273, 7.983800411224365, 7.979037284851074, 7.904293060302734, 7.888322830200195, 7.8040266036987305, 7.804505825042725, 7.766180515289307, 7.757478713989258, 7.777153015136719, 7.7574663162231445, 7.747831344604492, 7.751889228820801, 7.7363505363464355, 7.7426910400390625, 7.752272605895996, 7.751308917999268, 7.7518439292907715, 7.702564716339111, 7.7168707847595215, 7.694314002990723, 7.702887535095215, 7.665581703186035, 7.7086501121521, 7.689263343811035, 7.6666035652160645, 7.652521133422852, 7.665400981903076, 7.637177467346191, 7.632155895233154, 7.65079927444458, 7.622199535369873, 7.62377405166626, 7.587671279907227, 7.613373279571533, 7.634166240692139, 7.612318515777588, 7.619452476501465, 7.614416122436523, 7.607536315917969, 7.608040809631348, 7.599318504333496, 7.613203525543213, 7.582228183746338, 7.596438884735107, 7.572587490081787, 7.5956292152404785, 7.580465793609619, 7.551342964172363, 7.594444274902344, 7.543561935424805, 7.5516557693481445, 7.572690010070801, 7.560474395751953, 7.574513912200928, 7.553746700286865, 7.548100471496582, 7.557337284088135, 7.554830551147461, 7.5610833168029785, 7.581709861755371, 7.560266971588135, 7.547338962554932, 7.567399024963379, 7.561385631561279], "best_val_epoch": 86, "model": "AE_sound", "lr": 0.0001, "batch_size": 256, "context": "5"}