{"iter": 10, "val_mses": [20.023441314697266, 16.251117706298828, 13.800223350524902, 13.305892944335938, 12.7155122756958, 12.289813995361328, 12.050200462341309, 11.933295249938965, 11.879350662231445, 11.721853256225586, 10.99322509765625, 10.805562019348145, 10.574450492858887, 10.451623916625977, 10.337858200073242, 10.251418113708496, 10.132472038269043, 10.06463623046875, 9.970903396606445, 9.921758651733398, 9.914602279663086, 9.84901237487793, 9.815406799316406, 9.739304542541504, 9.75557804107666, 9.693305969238281, 9.694971084594727, 9.649353981018066, 9.628633499145508, 9.632133483886719, 9.607918739318848, 9.552176475524902, 9.523591041564941, 9.509730339050293, 9.458619117736816, 9.433908462524414, 9.390467643737793, 9.354284286499023, 9.406726837158203, 9.33523178100586, 9.328277587890625, 9.325177192687988, 9.317917823791504, 9.279034614562988, 9.26999282836914, 9.248046875, 9.250153541564941, 9.212069511413574, 9.201532363891602, 9.227673530578613, 9.201650619506836, 9.16536808013916, 9.153629302978516, 9.131631851196289, 9.174795150756836, 9.101075172424316, 9.112481117248535, 9.102254867553711, 9.07040786743164, 9.072006225585938, 9.075779914855957, 9.071306228637695, 9.032356262207031, 9.045207977294922, 9.007556915283203, 9.016092300415039, 8.957913398742676, 8.968421936035156, 8.946969032287598, 8.968778610229492, 8.957908630371094, 8.923001289367676, 8.911151885986328, 8.907853126525879, 8.888212203979492, 8.868829727172852, 8.880556106567383, 8.841763496398926, 8.81318473815918, 8.824122428894043, 8.831665992736816, 8.81389045715332, 8.777212142944336, 8.79645824432373, 8.775923728942871, 8.806072235107422, 8.743834495544434, 8.758917808532715, 8.765231132507324, 8.78116226196289, 8.733804702758789, 8.711898803710938, 8.719043731689453, 8.75220775604248, 8.692554473876953, 8.676472663879395, 8.582695960998535, 8.518250465393066, 8.46569538116455, 8.420364379882812], "best_val_epoch": 100, "model": "AE_sound", "lr": 0.0001, "batch_size": 256, "context": "14"}