{"iter": 7, "val_mses": [9.748035430908203, 7.806702136993408, 6.9743266105651855, 6.580355644226074, 6.4476847648620605, 6.36840295791626, 6.33089542388916, 6.319786071777344, 6.307823181152344, 6.300473213195801, 6.296998500823975, 6.287603378295898, 6.272580146789551, 6.271417140960693, 6.261904716491699, 6.251492977142334, 6.246655464172363, 6.2402424812316895, 6.229015350341797, 6.2137837409973145, 6.206843376159668, 6.193927764892578, 6.1839118003845215, 6.171673774719238, 6.176070213317871, 6.15895938873291, 6.1558003425598145, 6.159904479980469, 6.145883560180664, 6.1459550857543945, 6.154670715332031, 6.143199920654297, 6.136855125427246, 6.129137992858887, 6.126938343048096, 6.120326519012451, 6.108707904815674, 6.097353935241699, 6.08778715133667, 6.070201396942139, 6.06245756149292, 6.061816215515137, 6.049234867095947, 6.039585590362549, 6.041301727294922, 6.028755187988281, 6.029783725738525, 6.02897834777832, 6.009529113769531, 6.008285999298096, 5.995183944702148, 5.987182140350342, 5.983144283294678, 5.981414794921875, 5.972902774810791, 5.969176292419434, 5.970983982086182, 5.965962886810303, 5.950716495513916, 5.9541916847229, 5.940123081207275, 5.9527587890625, 5.936938762664795, 5.935506820678711, 5.936712265014648, 5.921579837799072, 5.946855545043945, 5.915316104888916, 5.931185722351074, 5.919029235839844, 5.917484283447266, 5.918008804321289, 5.910525798797607, 5.904613018035889, 5.909556865692139, 5.907188892364502, 5.892692565917969, 5.902820587158203, 5.892265796661377, 5.892635345458984, 5.88439416885376, 5.846888542175293, 5.805832386016846, 5.789517402648926, 5.7869553565979, 5.765023708343506, 5.754356861114502, 5.741326808929443, 5.747302055358887, 5.733602523803711, 5.7346577644348145, 5.720869064331055, 5.726363182067871, 5.711646556854248, 5.715714454650879, 5.701249122619629, 5.692232608795166, 5.697018146514893, 5.70274543762207, 5.686211109161377], "best_val_epoch": 100, "model": "AE_sound", "lr": 0.0001, "batch_size": 256, "context": "2"}