{"iter": 4, "val_mses": [15.645132064819336, 12.137945175170898, 10.301136016845703, 10.014240264892578, 9.908824920654297, 9.753778457641602, 9.272851943969727, 9.015323638916016, 8.848062515258789, 8.718923568725586, 8.617082595825195, 8.530708312988281, 8.45102310180664, 8.383084297180176, 8.32351303100586, 8.269674301147461, 8.18808364868164, 8.128777503967285, 8.069690704345703, 8.032648086547852, 7.973623275756836, 7.955830097198486, 7.902421951293945, 7.888052940368652, 7.855676174163818, 7.832398891448975, 7.814527988433838, 7.801798343658447, 7.779079914093018, 7.767587184906006, 7.754108905792236, 7.744225025177002, 7.709769248962402, 7.693705081939697, 7.680674076080322, 7.664334774017334, 7.650275230407715, 7.619537353515625, 7.60526180267334, 7.5775885581970215, 7.575538158416748, 7.558290958404541, 7.530237674713135, 7.518388271331787, 7.5162835121154785, 7.4844970703125, 7.4867262840271, 7.4635396003723145, 7.450255870819092, 7.422582626342773, 7.410183429718018, 7.403995990753174, 7.3932271003723145, 7.392862319946289, 7.37758207321167, 7.365615367889404, 7.347925662994385, 7.330348968505859, 7.326772689819336, 7.322485446929932, 7.3087639808654785, 7.308874607086182, 7.288115978240967, 7.289275169372559, 7.267653465270996, 7.2661967277526855, 7.253100395202637, 7.236591815948486, 7.231945037841797, 7.234697341918945, 7.222784042358398, 7.197060585021973, 7.201009273529053, 7.194765090942383, 7.194304943084717, 7.177217960357666, 7.168145179748535, 7.159799575805664, 7.176136493682861, 7.155376434326172, 7.149505138397217, 7.128379821777344, 7.136065483093262, 7.1225385665893555, 7.110812187194824, 7.12357234954834, 7.101527690887451, 7.087939739227295, 7.037177085876465, 6.959109783172607, 6.921956539154053, 6.889167785644531, 6.869662284851074, 6.8374152183532715, 6.837396621704102, 6.822628974914551, 6.8171467781066895, 6.79146671295166, 6.784943103790283, 6.7731122970581055], "best_val_epoch": 100, "model": "AE_sound", "lr": 0.0001, "batch_size": 256, "context": "12"}