{"iter": 6, "val_mses": [12.211687088012695, 11.0947847366333, 10.451395988464355, 10.475656509399414, 10.368305206298828, 10.098636627197266, 10.069541931152344, 10.05453109741211, 10.040303230285645, 10.030750274658203, 10.003055572509766, 9.971390724182129, 9.924556732177734, 9.917351722717285, 9.911919593811035, 10.145317077636719, 9.805054664611816, 9.834527969360352, 9.914766311645508, 9.80873966217041, 9.74337387084961, 9.97882080078125, 9.789093971252441, 9.761013984680176, 9.65061092376709, 9.605554580688477, 9.594172477722168, 9.539424896240234, 9.513219833374023, 9.51112174987793, 9.46151351928711, 9.30866527557373, 9.296853065490723, 9.243658065795898, 9.234456062316895, 9.232699394226074, 9.203699111938477, 9.190652847290039, 9.1751708984375, 9.18639087677002, 9.338985443115234, 9.246932983398438, 9.261364936828613, 9.11367130279541, 9.15180778503418, 9.119465827941895, 9.156604766845703, 9.118371963500977, 9.157876968383789, 9.141437530517578, 9.159782409667969, 9.165323257446289, 9.168144226074219, 9.028714179992676, 8.986957550048828, 8.981090545654297, 8.969658851623535, 8.910375595092773, 8.936083793640137, 8.920530319213867, 9.294306755065918, 8.909509658813477, 8.922113418579102, 8.876899719238281, 8.856180191040039, 8.905604362487793, 8.865084648132324, 8.993009567260742, 8.876317024230957, 8.953276634216309, 8.868785858154297, 8.964048385620117, 8.863033294677734, 8.817644119262695, 8.832853317260742, 8.8363676071167, 8.881814002990723, 8.794855117797852, 8.862669944763184, 8.863207817077637, 8.79349136352539, 8.79036808013916, 8.818674087524414, 8.805074691772461, 8.802330017089844, 8.77780818939209, 8.770377159118652, 8.945873260498047, 8.862964630126953, 8.763166427612305, 8.77598762512207, 8.76612377166748, 8.760811805725098, 8.815593719482422, 8.73672866821289, 8.78541088104248, 8.735548973083496, 8.758298873901367, 8.775978088378906, 9.012311935424805], "best_val_epoch": 97, "model": "AE_sound", "lr": 0.0001, "batch_size": 256, "context": "4"}