{"iter": 6, "val_mses": [23.043760299682617, 16.463014602661133, 14.035359382629395, 13.71856689453125, 13.628994941711426, 13.53449821472168, 13.39445972442627, 13.267133712768555, 13.18717098236084, 13.122612953186035, 13.052433967590332, 12.991039276123047, 12.92807674407959, 12.896239280700684, 12.800923347473145, 12.709258079528809, 12.64004135131836, 12.633793830871582, 12.570433616638184, 12.521860122680664, 12.48856258392334, 12.427982330322266, 12.388652801513672, 12.396842002868652, 12.349957466125488, 12.310896873474121, 12.26321029663086, 12.233916282653809, 12.209826469421387, 12.218732833862305, 12.098367691040039, 12.088665962219238, 11.998870849609375, 11.989527702331543, 11.93331527709961, 12.01503849029541, 11.869384765625, 11.852373123168945, 11.813619613647461, 11.821481704711914, 11.754551887512207, 11.843843460083008, 11.732479095458984, 11.736296653747559, 11.658395767211914, 11.624237060546875, 11.582549095153809, 11.577754020690918, 11.509087562561035, 11.514623641967773, 11.512425422668457, 11.49311637878418, 11.498889923095703, 11.494161605834961, 11.451308250427246, 11.482895851135254, 11.438405990600586, 11.424488067626953, 11.381418228149414, 11.408129692077637, 11.391088485717773, 11.388315200805664, 11.346793174743652, 11.36048412322998, 11.3799409866333, 11.346288681030273, 11.355154991149902, 11.328001022338867, 11.35063648223877, 11.356661796569824, 11.374856948852539, 11.296170234680176, 11.374943733215332, 11.292734146118164, 11.29473876953125, 11.343294143676758, 11.422269821166992, 11.269681930541992, 11.253011703491211, 11.26868724822998, 11.269937515258789, 11.22226333618164, 11.2610445022583, 11.251473426818848, 11.268043518066406, 11.212291717529297, 11.281920433044434, 11.231226921081543, 11.221576690673828, 11.222783088684082, 11.231409072875977, 11.220000267028809, 11.184651374816895, 11.183818817138672, 11.25544548034668, 11.176777839660645, 11.240134239196777, 11.238659858703613, 11.197033882141113, 11.162654876708984], "best_val_epoch": 100, "model": "AE_sound", "lr": 0.0001, "batch_size": 256, "context": "10"}