{"iter": 9, "val_mses": [11.41496467590332, 10.39059066772461, 10.111885070800781, 9.84205436706543, 9.52721881866455, 9.326894760131836, 9.2391939163208, 9.144213676452637, 9.020755767822266, 8.916086196899414, 8.808258056640625, 8.691385269165039, 8.638667106628418, 8.582124710083008, 8.530077934265137, 8.503847122192383, 8.465349197387695, 8.420287132263184, 8.39342975616455, 8.394292831420898, 8.32255744934082, 8.271180152893066, 8.269787788391113, 8.2462158203125, 8.230427742004395, 8.210786819458008, 8.192421913146973, 8.199408531188965, 8.176697731018066, 8.161277770996094, 8.148300170898438, 8.132128715515137, 8.157936096191406, 8.124424934387207, 8.141568183898926, 8.122124671936035, 8.121898651123047, 8.106047630310059, 8.092628479003906, 8.079026222229004, 8.060417175292969, 8.055804252624512, 8.07024097442627, 8.041911125183105, 8.028685569763184, 8.027963638305664, 8.01461124420166, 8.008565902709961, 8.00356674194336, 8.011631965637207, 7.982104778289795, 7.956200122833252, 7.9851274490356445, 7.959892749786377, 7.923717498779297, 7.896040439605713, 7.888693809509277, 7.83449649810791, 7.784143447875977, 7.729092597961426, 7.6758246421813965, 7.638541221618652, 7.601527214050293, 7.563421249389648, 7.545776844024658, 7.5465216636657715, 7.524302005767822, 7.502317905426025, 7.4912872314453125, 7.463560581207275, 7.450077056884766, 7.444082736968994, 7.438926696777344, 7.417684078216553, 7.409196853637695, 7.4037652015686035, 7.3653082847595215, 7.354025363922119, 7.390158653259277, 7.366379737854004, 7.341604232788086, 7.321596145629883, 7.314996719360352, 7.298707008361816, 7.297595500946045, 7.2722368240356445, 7.28704309463501, 7.264637470245361, 7.269824028015137, 7.24550199508667, 7.241749286651611, 7.248693466186523, 7.239259243011475, 7.233768463134766, 7.219851016998291, 7.21837854385376, 7.215242862701416, 7.206396579742432, 7.219413757324219, 7.194668292999268], "best_val_epoch": 100, "model": "AE_sound", "lr": 0.0001, "batch_size": 256, "context": "8"}