{"iter": 9, "val_mses": [20.95415496826172, 14.538081169128418, 12.25216007232666, 11.22611141204834, 10.359856605529785, 9.866948127746582, 9.652546882629395, 9.519293785095215, 9.391501426696777, 9.28767204284668, 9.234254837036133, 9.150594711303711, 9.097189903259277, 9.035207748413086, 8.981019973754883, 8.930756568908691, 8.919421195983887, 8.848397254943848, 8.830428123474121, 8.791481971740723, 8.776129722595215, 8.732671737670898, 8.680183410644531, 8.630967140197754, 8.620121955871582, 8.57674789428711, 8.535731315612793, 8.487602233886719, 8.477783203125, 8.42314624786377, 8.399825096130371, 8.359745979309082, 8.362305641174316, 8.319724082946777, 8.29960823059082, 8.288101196289062, 8.267329216003418, 8.256479263305664, 8.241312026977539, 8.256163597106934, 8.219297409057617, 8.21422004699707, 8.18955135345459, 8.18637752532959, 8.179062843322754, 8.164179801940918, 8.176898002624512, 8.155986785888672, 8.14992904663086, 8.133110046386719, 8.125268936157227, 8.120229721069336, 8.111532211303711, 8.11510181427002, 8.110566139221191, 8.08751106262207, 8.078965187072754, 8.067395210266113, 8.053836822509766, 8.05627727508545, 8.035080909729004, 8.037749290466309, 8.021060943603516, 7.979620933532715, 7.976439476013184, 7.938663959503174, 7.917080402374268, 7.899898529052734, 7.881923675537109, 7.842307090759277, 7.854496955871582, 7.814934253692627, 7.800295352935791, 7.789266109466553, 7.774528503417969, 7.764091491699219, 7.76025915145874, 7.775941371917725, 7.737390995025635, 7.726186275482178, 7.7160420417785645, 7.719356060028076, 7.703954219818115, 7.70716667175293, 7.703058242797852, 7.710637092590332, 7.706934452056885, 7.692352294921875, 7.693528175354004, 7.685948848724365, 7.656290054321289, 7.655553340911865, 7.651492118835449, 7.647250175476074, 7.657034873962402, 7.643967151641846, 7.635897159576416, 7.630775451660156, 7.629364013671875, 7.6261982917785645], "best_val_epoch": 100, "model": "AE_sound", "lr": 0.0001, "batch_size": 256, "context": "13"}