{"iter": 4, "val_mses": [11.608570098876953, 10.730060577392578, 9.010726928710938, 8.021204948425293, 8.00831413269043, 7.87979793548584, 7.827083587646484, 7.82487154006958, 7.716664791107178, 7.665566921234131, 7.599364280700684, 7.682421684265137, 7.631121635437012, 7.664753437042236, 7.6963677406311035, 7.715758323669434, 7.680383205413818, 7.616267204284668, 7.633631229400635, 7.561246395111084, 7.596519947052002, 7.582638740539551, 7.546489238739014, 7.548666000366211, 7.535675048828125, 7.544191837310791, 7.5286993980407715, 7.467087268829346, 7.47849702835083, 7.491383075714111, 7.512792587280273, 7.477833271026611, 7.466020107269287, 7.463199138641357, 7.4834489822387695, 7.4602484703063965, 7.458264350891113, 7.476042747497559, 7.470603942871094, 7.444149494171143, 7.453260898590088, 7.453832149505615, 7.434208869934082, 7.450136661529541, 7.453964710235596, 7.519618511199951, 7.477756500244141, 7.457118511199951, 7.456918239593506, 7.432803630828857, 7.452818393707275, 7.538941383361816, 7.506155014038086, 7.433332920074463, 7.450384616851807, 7.4688591957092285, 7.414602756500244, 7.475911617279053, 7.456335544586182, 7.46823787689209, 7.4210896492004395, 7.478001594543457, 7.423893928527832, 7.384210109710693, 7.451285362243652, 7.485824108123779, 7.3818278312683105, 7.435343265533447, 7.419753551483154, 7.4747467041015625, 7.450923442840576, 7.437636852264404, 7.377869606018066, 7.397911071777344, 7.383150577545166, 7.429912567138672, 7.447693824768066, 7.411221504211426, 7.434866428375244, 7.4836883544921875, 7.494203090667725, 7.327149391174316, 7.3895463943481445, 7.318002700805664, 7.346117973327637, 7.355016231536865, 7.3327555656433105, 7.382382392883301, 7.387314319610596, 7.391796588897705, 7.316372871398926, 7.304293155670166, 7.348881721496582, 7.378185272216797, 7.307110786437988, 7.361291408538818, 7.360129356384277, 7.456908226013184, 7.371607780456543, 7.340794086456299], "best_val_epoch": 92, "model": "AE_sound", "lr": 0.0001, "batch_size": 256, "context": "7"}