{"iter": 6, "val_mses": [15.351506233215332, 13.928284645080566, 12.245529174804688, 10.705060005187988, 10.631470680236816, 10.578575134277344, 10.493461608886719, 10.385370254516602, 10.274537086486816, 10.198562622070312, 10.09044075012207, 9.98801040649414, 9.955118179321289, 9.909835815429688, 9.872491836547852, 9.88402271270752, 9.801681518554688, 9.77993392944336, 9.735323905944824, 9.709277153015137, 9.670621871948242, 9.633835792541504, 9.6133451461792, 9.668390274047852, 9.610024452209473, 9.563940048217773, 9.57533073425293, 9.565832138061523, 9.534392356872559, 9.480156898498535, 9.502351760864258, 9.413229942321777, 9.436891555786133, 9.408116340637207, 9.381232261657715, 9.375052452087402, 9.406434059143066, 9.320950508117676, 9.317156791687012, 9.287549018859863, 9.298897743225098, 9.2794828414917, 9.241325378417969, 9.235583305358887, 9.215106010437012, 9.231637001037598, 9.165767669677734, 9.25586223602295, 9.177152633666992, 9.168536186218262, 9.148326873779297, 9.185588836669922, 9.118456840515137, 9.101808547973633, 9.129541397094727, 9.094640731811523, 9.079066276550293, 9.057680130004883, 9.036715507507324, 9.066306114196777, 9.078423500061035, 9.018790245056152, 9.010794639587402, 9.016074180603027, 9.00324535369873, 8.996655464172363, 8.971240043640137, 8.995849609375, 8.934701919555664, 8.929393768310547, 8.952857971191406, 8.954168319702148, 8.86610221862793, 8.930039405822754, 8.90839958190918, 8.84818172454834, 8.868476867675781, 8.87166690826416, 8.817490577697754, 8.797078132629395, 8.796124458312988, 8.815423965454102, 8.782269477844238, 8.760427474975586, 8.781414031982422, 8.776491165161133, 8.794207572937012, 8.761311531066895, 8.71862506866455, 8.781091690063477, 8.728694915771484, 8.757777214050293, 8.733294486999512, 8.751931190490723, 8.711995124816895, 8.735506057739258, 8.680781364440918, 8.636054992675781, 8.693072319030762, 8.67333698272705], "best_val_epoch": 98, "model": "AE_sound", "lr": 0.0001, "batch_size": 256, "context": "11"}