{"iter": 7, "val_mses": [14.565174102783203, 12.204136848449707, 10.937530517578125, 10.411011695861816, 10.211994171142578, 10.150075912475586, 10.055926322937012, 9.952021598815918, 9.808375358581543, 9.691733360290527, 9.564053535461426, 9.526937484741211, 9.491016387939453, 9.40114974975586, 9.26511287689209, 9.084863662719727, 8.94241714477539, 8.861648559570312, 8.784744262695312, 8.758563995361328, 8.721077919006348, 8.683637619018555, 8.665227890014648, 8.660443305969238, 8.653985977172852, 8.62708854675293, 8.644152641296387, 8.58913803100586, 8.576603889465332, 8.574594497680664, 8.551177978515625, 8.540346145629883, 8.535262107849121, 8.522612571716309, 8.509965896606445, 8.489470481872559, 8.46876049041748, 8.504658699035645, 8.452083587646484, 8.4398832321167, 8.430299758911133, 8.411229133605957, 8.390637397766113, 8.363378524780273, 8.334318161010742, 8.321906089782715, 8.292337417602539, 8.256681442260742, 8.23878288269043, 8.228227615356445, 8.205936431884766, 8.202484130859375, 8.204737663269043, 8.175145149230957, 8.164108276367188, 8.164167404174805, 8.125697135925293, 8.115063667297363, 8.129987716674805, 8.101790428161621, 8.10045337677002, 8.088919639587402, 8.075343132019043, 8.035707473754883, 8.026444435119629, 8.024589538574219, 8.02004623413086, 7.995939254760742, 8.002930641174316, 7.996032238006592, 7.978060722351074, 7.97409200668335, 7.989668846130371, 7.987379550933838, 7.955991268157959, 7.944685459136963, 7.945693492889404, 7.937869548797607, 7.929992198944092, 7.933732032775879, 7.921184539794922, 7.915870189666748, 7.917466640472412, 7.891170501708984, 7.878809928894043, 7.871510982513428, 7.878177165985107, 7.872074604034424, 7.866002082824707, 7.8558268547058105, 7.853397846221924, 7.854706764221191, 7.831089019775391, 7.826780796051025, 7.81475830078125, 7.803554534912109, 7.806027412414551, 7.833343505859375, 7.794054985046387, 7.790483474731445], "best_val_epoch": 100, "model": "AE_sound", "lr": 0.0001, "batch_size": 256, "context": "15"}