{"iter": 8, "val_mses": [19.483983993530273, 12.166064262390137, 10.465127944946289, 10.216638565063477, 10.050071716308594, 9.951162338256836, 9.849780082702637, 9.728751182556152, 9.62583065032959, 9.530082702636719, 9.443965911865234, 9.394294738769531, 9.353240966796875, 9.268647193908691, 9.260369300842285, 9.203926086425781, 9.1768217086792, 9.079818725585938, 8.865405082702637, 8.771366119384766, 8.695493698120117, 8.652490615844727, 8.618558883666992, 8.557146072387695, 8.517671585083008, 8.4811429977417, 8.437338829040527, 8.403116226196289, 8.437265396118164, 8.38470458984375, 8.324727058410645, 8.34011173248291, 8.295249938964844, 8.267911911010742, 8.226758003234863, 8.267467498779297, 8.20869255065918, 8.167929649353027, 8.171468734741211, 8.164651870727539, 8.145408630371094, 8.127409934997559, 8.133697509765625, 8.091483116149902, 8.094703674316406, 8.069198608398438, 8.071954727172852, 8.046263694763184, 8.03957462310791, 8.026206016540527, 8.006875038146973, 7.992080211639404, 7.990028381347656, 7.954441070556641, 7.954195976257324, 7.929750442504883, 7.910708427429199, 7.911259174346924, 7.885670185089111, 7.869772434234619, 7.829107284545898, 7.815311908721924, 7.805930137634277, 7.795517444610596, 7.803159236907959, 7.781105995178223, 7.767204761505127, 7.743103981018066, 7.760136127471924, 7.726153373718262, 7.750944137573242, 7.751105785369873, 7.733701705932617, 7.710492134094238, 7.698144912719727, 7.695566177368164, 7.6827168464660645, 7.719766616821289, 7.680025577545166, 7.679637908935547, 7.683319091796875, 7.689275741577148, 7.679073810577393, 7.648897171020508, 7.640699863433838, 7.622793674468994, 7.622462272644043, 7.622897624969482, 7.6218037605285645, 7.606228351593018, 7.613027095794678, 7.604105472564697, 7.63132905960083, 7.620297908782959, 7.58484411239624, 7.579211235046387, 7.466158866882324, 7.405074119567871, 7.3882155418396, 7.354437828063965], "best_val_epoch": 100, "model": "AE_sound", "lr": 0.0001, "batch_size": 256, "context": "14"}