{"iter": 7, "val_mses": [19.859556198120117, 14.663369178771973, 11.218155860900879, 9.864781379699707, 9.665313720703125, 9.568999290466309, 9.405291557312012, 9.2379732131958, 9.145657539367676, 9.026140213012695, 8.930130958557129, 8.8455228805542, 8.774873733520508, 8.702255249023438, 8.673897743225098, 8.604215621948242, 8.57664680480957, 8.54744815826416, 8.524495124816895, 8.500197410583496, 8.455024719238281, 8.418933868408203, 8.402530670166016, 8.37447738647461, 8.344040870666504, 8.338384628295898, 8.313096046447754, 8.292729377746582, 8.283364295959473, 8.287739753723145, 8.258480072021484, 8.24691390991211, 8.238176345825195, 8.194683074951172, 8.173836708068848, 8.087935447692871, 8.048130989074707, 8.03374195098877, 8.006573677062988, 8.01323413848877, 8.00200080871582, 7.966968059539795, 7.964743614196777, 7.975561141967773, 7.93254280090332, 7.9432291984558105, 7.9276604652404785, 7.916049957275391, 7.931066036224365, 7.896385192871094, 7.913655757904053, 7.903120040893555, 7.891860008239746, 7.875848770141602, 7.8775434494018555, 7.874438285827637, 7.842819690704346, 7.867648601531982, 7.862758159637451, 7.8343095779418945, 7.842973232269287, 7.836631774902344, 7.819337368011475, 7.801799297332764, 7.800416946411133, 7.804840087890625, 7.78981351852417, 7.793612003326416, 7.758301258087158, 7.762950897216797, 7.744866847991943, 7.75297737121582, 7.737707614898682, 7.721780300140381, 7.712510585784912, 7.7340264320373535, 7.707118988037109, 7.711374282836914, 7.69996976852417, 7.686910152435303, 7.6901326179504395, 7.678918838500977, 7.6669464111328125, 7.6649556159973145, 7.648595333099365, 7.652753829956055, 7.670145034790039, 7.639266490936279, 7.642055988311768, 7.631834030151367, 7.620842933654785, 7.606921672821045, 7.590024948120117, 7.583046913146973, 7.5779523849487305, 7.57234525680542, 7.575918674468994, 7.579745292663574, 7.577606201171875, 7.560790538787842], "best_val_epoch": 100, "model": "AE_sound", "lr": 0.0001, "batch_size": 256, "context": "14"}