{"iter": 9, "val_mses": [14.896053314208984, 10.941521644592285, 10.995133399963379, 10.827483177185059, 10.029960632324219, 9.782326698303223, 9.639688491821289, 9.554744720458984, 9.508106231689453, 9.36013126373291, 9.05351448059082, 8.927382469177246, 8.871606826782227, 8.917195320129395, 8.693944931030273, 8.68994140625, 8.733891487121582, 8.653480529785156, 8.60878849029541, 8.629191398620605, 8.573798179626465, 8.568181991577148, 8.561627388000488, 8.559045791625977, 8.622966766357422, 8.453832626342773, 8.516688346862793, 8.449995040893555, 8.396747589111328, 8.424352645874023, 8.434542655944824, 8.440202713012695, 8.454252243041992, 8.423809051513672, 8.423747062683105, 8.43386459350586, 8.439125061035156, 8.384206771850586, 8.443792343139648, 8.503130912780762, 8.450852394104004, 8.439077377319336, 8.4283447265625, 8.41305923461914, 8.37026309967041, 8.397029876708984, 8.404502868652344, 8.393616676330566, 8.334786415100098, 8.289481163024902, 8.299551010131836, 8.255974769592285, 8.228700637817383, 8.176915168762207, 8.251679420471191, 8.18565559387207, 8.196111679077148, 8.13327693939209, 8.213780403137207, 8.196891784667969, 8.1101655960083, 8.093055725097656, 8.116368293762207, 8.100991249084473, 8.11439323425293, 8.196160316467285, 8.129075050354004, 8.178391456604004, 8.04638957977295, 8.149463653564453, 8.115198135375977, 7.811258792877197, 7.6869025230407715, 7.657131195068359, 7.637739181518555, 7.643087387084961, 7.658326148986816, 7.703824043273926, 7.6784210205078125, 7.695370197296143, 7.693714618682861, 7.755726337432861, 7.686307430267334, 7.685434341430664, 7.714207172393799, 7.759860038757324, 7.7194108963012695, 7.712498188018799, 7.744162082672119, 7.677403926849365, 7.726930141448975, 7.733676910400391, 7.741140365600586, 7.722336769104004, 7.740860939025879, 7.754744052886963, 7.720706462860107, 7.711197853088379, 7.714373588562012, 7.7558794021606445], "best_val_epoch": 75, "model": "AE_sound", "lr": 0.0001, "batch_size": 256, "context": "7"}