{"iter": 7, "val_mses": [22.768247604370117, 17.50879669189453, 16.03790283203125, 13.554595947265625, 12.653841972351074, 12.341276168823242, 12.012353897094727, 11.620914459228516, 11.476744651794434, 11.33409595489502, 11.165226936340332, 10.882891654968262, 10.774157524108887, 10.662014961242676, 10.60902214050293, 10.544522285461426, 10.460689544677734, 10.402833938598633, 10.337156295776367, 10.27340030670166, 10.235243797302246, 10.186869621276855, 10.151239395141602, 10.107953071594238, 10.091970443725586, 10.061821937561035, 10.047682762145996, 10.050286293029785, 9.984625816345215, 9.976274490356445, 9.95457649230957, 9.970026016235352, 9.950467109680176, 9.915040016174316, 9.904902458190918, 9.896254539489746, 9.855277061462402, 9.833536148071289, 9.824149131774902, 9.782733917236328, 9.74168872833252, 9.706747055053711, 9.694087982177734, 9.676728248596191, 9.682917594909668, 9.666664123535156, 9.629841804504395, 9.627259254455566, 9.620590209960938, 9.617337226867676, 9.572043418884277, 9.537638664245605, 9.557063102722168, 9.51495361328125, 9.525927543640137, 9.504646301269531, 9.48652458190918, 9.4661283493042, 9.488740921020508, 9.456088066101074, 9.425978660583496, 9.434732437133789, 9.427943229675293, 9.393837928771973, 9.379539489746094, 9.383403778076172, 9.381891250610352, 9.380690574645996, 9.357163429260254, 9.350625038146973, 9.339366912841797, 9.316930770874023, 9.321672439575195, 9.314981460571289, 9.312421798706055, 9.334390640258789, 9.302757263183594, 9.283226013183594, 9.261039733886719, 9.268146514892578, 9.24389934539795, 9.23654842376709, 9.272510528564453, 9.235163688659668, 9.224152565002441, 9.21735954284668, 9.214828491210938, 9.212294578552246, 9.206076622009277, 9.211532592773438, 9.179465293884277, 9.178755760192871, 9.173593521118164, 9.185677528381348, 9.154943466186523, 9.179025650024414, 9.151412010192871, 9.153173446655273, 9.158465385437012, 9.138911247253418], "best_val_epoch": 100, "model": "AE_sound", "lr": 0.0001, "batch_size": 256, "context": "10"}