{"iter": 8, "val_mses": [14.011053085327148, 11.08770751953125, 9.374451637268066, 9.399317741394043, 8.379429817199707, 8.492626190185547, 8.485946655273438, 8.277095794677734, 8.334762573242188, 8.409953117370605, 8.353370666503906, 8.209490776062012, 8.12615966796875, 8.056921005249023, 7.9954400062561035, 8.028231620788574, 8.073668479919434, 7.995906352996826, 7.994085788726807, 7.981132984161377, 7.9423933029174805, 7.90305757522583, 7.899369716644287, 7.941067695617676, 7.810492038726807, 7.822963237762451, 7.828606605529785, 7.819031238555908, 7.800759792327881, 7.869619846343994, 7.851223945617676, 7.823703765869141, 7.85374116897583, 7.769627571105957, 7.8406901359558105, 7.941202163696289, 7.905944347381592, 7.926229476928711, 7.940210819244385, 7.894073963165283, 7.879443168640137, 7.8850016593933105, 7.833889961242676, 7.866164684295654, 7.927258491516113, 7.8557448387146, 7.828616619110107, 7.878049850463867, 7.815431118011475, 7.855480194091797, 7.803677082061768, 7.821648120880127, 7.80431604385376, 7.788741588592529, 7.817400932312012, 7.784438133239746, 7.788765907287598, 7.821162700653076, 7.788608074188232, 7.793980121612549, 7.830050468444824, 7.804225444793701, 7.8434271812438965, 7.724995136260986, 7.742683410644531, 7.7235002517700195, 7.767331123352051, 7.751280307769775, 7.735482692718506, 7.724900245666504, 7.7585625648498535, 7.585106372833252, 7.5888142585754395, 7.550250053405762, 7.532268047332764, 7.467928409576416, 7.579770088195801, 7.510056018829346, 7.493351936340332, 7.4843430519104, 7.399665355682373, 7.468780994415283, 7.4030256271362305, 7.433126449584961, 7.360021591186523, 7.425333023071289, 7.405541896820068, 7.36865234375, 7.34956693649292, 7.415685176849365, 7.329841136932373, 7.372988224029541, 7.339907169342041, 7.395133972167969, 7.3177595138549805, 7.329305648803711, 7.304816722869873, 7.3164215087890625, 7.297214031219482, 7.278517246246338], "best_val_epoch": 100, "model": "AE_sound", "lr": 0.0001, "batch_size": 256, "context": "7"}