{"iter": 6, "val_mses": [12.33842658996582, 11.194231986999512, 10.669655799865723, 9.698494911193848, 8.993199348449707, 8.95930290222168, 8.807052612304688, 8.503533363342285, 8.2477445602417, 8.072393417358398, 7.944851875305176, 7.870735168457031, 7.820579528808594, 7.792730808258057, 7.755313873291016, 7.691042423248291, 7.669955253601074, 7.638382911682129, 7.601849555969238, 7.539524078369141, 7.521134853363037, 7.4814372062683105, 7.452494144439697, 7.434543609619141, 7.428681373596191, 7.406619071960449, 7.41663932800293, 7.384639263153076, 7.379634857177734, 7.367262363433838, 7.348943710327148, 7.331183910369873, 7.33237886428833, 7.306823253631592, 7.311896324157715, 7.283803939819336, 7.269373416900635, 7.273046970367432, 7.255864143371582, 7.233338832855225, 7.216990947723389, 7.224325656890869, 7.218133449554443, 7.195173263549805, 7.1905646324157715, 7.183071613311768, 7.164949893951416, 7.170121192932129, 7.1602044105529785, 7.149611473083496, 7.1373419761657715, 7.125514030456543, 7.107921600341797, 7.107823848724365, 7.090993404388428, 7.0954108238220215, 7.078892230987549, 7.07256555557251, 7.051993370056152, 7.048853874206543, 7.049959182739258, 7.0254011154174805, 7.033119201660156, 7.0338592529296875, 7.017472743988037, 7.019705772399902, 7.019872665405273, 6.997438430786133, 6.992125988006592, 6.993088245391846, 6.992831707000732, 6.989017486572266, 6.984530448913574, 6.977695941925049, 6.9720354080200195, 6.965831756591797, 6.954998970031738, 6.960377216339111, 6.93629264831543, 6.93569278717041, 6.933987617492676, 6.951966762542725, 6.92339563369751, 6.933391571044922, 6.920404434204102, 6.922956943511963, 6.91499137878418, 6.919787883758545, 6.906223297119141, 6.901537895202637, 6.916914463043213, 6.905387878417969, 6.90234899520874, 6.897276878356934, 6.90825891494751, 6.887664318084717, 6.888791084289551, 6.881740093231201, 6.897839546203613, 6.890159606933594], "best_val_epoch": 98, "model": "AE_sound", "lr": 0.0001, "batch_size": 256, "context": "8"}