{"iter": 8, "val_mses": [12.886178970336914, 11.19664478302002, 11.11454963684082, 10.977668762207031, 10.544780731201172, 10.400813102722168, 10.223097801208496, 10.180062294006348, 10.057583808898926, 10.045860290527344, 9.969633102416992, 9.988612174987793, 9.872403144836426, 9.84255313873291, 9.75390625, 9.718415260314941, 9.649433135986328, 9.524726867675781, 9.472631454467773, 9.366926193237305, 9.31018352508545, 9.306307792663574, 9.221783638000488, 9.195550918579102, 9.161747932434082, 9.158903121948242, 9.155425071716309, 9.144105911254883, 9.101919174194336, 9.088977813720703, 9.071541786193848, 9.066146850585938, 9.092803955078125, 9.01220703125, 9.047205924987793, 8.991260528564453, 8.94582748413086, 8.995551109313965, 8.908478736877441, 8.950675964355469, 8.95263957977295, 8.932137489318848, 8.887636184692383, 8.896812438964844, 8.821687698364258, 8.857320785522461, 8.84145736694336, 8.78167724609375, 8.812517166137695, 8.805805206298828, 8.756970405578613, 8.763614654541016, 8.770942687988281, 8.799062728881836, 8.747912406921387, 8.733197212219238, 8.710590362548828, 8.716623306274414, 8.778677940368652, 8.729876518249512, 8.670737266540527, 8.665775299072266, 8.659795761108398, 8.670097351074219, 8.6052827835083, 8.631032943725586, 8.639328002929688, 8.56500244140625, 8.57645320892334, 8.572859764099121, 8.653034210205078, 8.553311347961426, 8.538856506347656, 8.527647018432617, 8.551295280456543, 8.55099105834961, 8.52982234954834, 8.548474311828613, 8.548080444335938, 8.547685623168945, 8.502784729003906, 8.55046558380127, 8.502037048339844, 8.525084495544434, 8.528609275817871, 8.484910011291504, 8.453054428100586, 8.469045639038086, 8.495941162109375, 8.486595153808594, 8.440633773803711, 8.46696662902832, 8.428389549255371, 8.422957420349121, 8.452407836914062, 8.437250137329102, 8.435612678527832, 8.46231460571289, 8.413660049438477, 8.403298377990723], "best_val_epoch": 100, "model": "AE_sound", "lr": 0.0001, "batch_size": 256, "context": "8"}