{"iter": 9, "val_mses": [10.804999351501465, 8.61393928527832, 7.502077102661133, 7.056497097015381, 6.736625671386719, 6.42152214050293, 6.178101539611816, 5.987603187561035, 5.918187618255615, 5.858124256134033, 5.7960615158081055, 5.7873077392578125, 5.769360542297363, 5.75562858581543, 5.752426624298096, 5.718392372131348, 5.699202060699463, 5.697159290313721, 5.666723728179932, 5.665199279785156, 5.644722938537598, 5.641345024108887, 5.641084671020508, 5.646984100341797, 5.628135681152344, 5.610607624053955, 5.609914779663086, 5.591065406799316, 5.597784042358398, 5.617492198944092, 5.592952251434326, 5.593169689178467, 5.583637237548828, 5.572448253631592, 5.5666069984436035, 5.577547073364258, 5.563347339630127, 5.535335540771484, 5.569762706756592, 5.558559417724609, 5.5363969802856445, 5.529781341552734, 5.5387043952941895, 5.548844814300537, 5.553587913513184, 5.542189121246338, 5.5439772605896, 5.526711940765381, 5.537656307220459, 5.518016815185547, 5.5179290771484375, 5.511004447937012, 5.5027594566345215, 5.501804351806641, 5.496002197265625, 5.500073432922363, 5.488472938537598, 5.487049102783203, 5.49203634262085, 5.463647842407227, 5.469099044799805, 5.47368049621582, 5.48140287399292, 5.470827579498291, 5.470602989196777, 5.447680473327637, 5.449156761169434, 5.453341484069824, 5.435762882232666, 5.45740270614624, 5.433096408843994, 5.439255237579346, 5.444015979766846, 5.440200328826904, 5.444421768188477, 5.418550968170166, 5.421648979187012, 5.416147232055664, 5.417274475097656, 5.4337358474731445, 5.412948131561279, 5.406459808349609, 5.4243597984313965, 5.401336193084717, 5.391385078430176, 5.411701679229736, 5.397750377655029, 5.397674560546875, 5.399928569793701, 5.40464448928833, 5.405325412750244, 5.39735221862793, 5.388569355010986, 5.402149200439453, 5.383483409881592, 5.3898091316223145, 5.39732551574707, 5.3833746910095215, 5.390147686004639, 5.392552375793457], "best_val_epoch": 98, "model": "AE_sound", "lr": 0.0001, "batch_size": 256, "context": "3"}