{"iter": 7, "val_mses": [16.994260787963867, 14.552919387817383, 14.11871337890625, 11.68438720703125, 10.57905387878418, 10.105453491210938, 9.597760200500488, 9.353663444519043, 9.263134956359863, 9.17341136932373, 9.064141273498535, 8.942534446716309, 8.865838050842285, 8.80228042602539, 8.755513191223145, 8.739023208618164, 8.66850757598877, 8.619660377502441, 8.595406532287598, 8.560322761535645, 8.498706817626953, 8.460531234741211, 8.418706893920898, 8.38101577758789, 8.352934837341309, 8.327678680419922, 8.297443389892578, 8.272010803222656, 8.241832733154297, 8.229551315307617, 8.220601081848145, 8.194652557373047, 8.158822059631348, 8.148629188537598, 8.138689041137695, 8.11168098449707, 8.09185791015625, 8.079980850219727, 8.054913520812988, 8.028417587280273, 8.012666702270508, 8.006166458129883, 7.986653804779053, 7.974302768707275, 7.964206218719482, 7.94996976852417, 7.938578128814697, 7.926976680755615, 7.905911922454834, 7.910760879516602, 7.879410266876221, 7.897177696228027, 7.879236698150635, 7.871418476104736, 7.8500471115112305, 7.818785190582275, 7.823535442352295, 7.801726818084717, 7.797377586364746, 7.785950183868408, 7.7916436195373535, 7.766744136810303, 7.780664920806885, 7.7690043449401855, 7.761371612548828, 7.755032539367676, 7.752321243286133, 7.73574161529541, 7.724632740020752, 7.723720550537109, 7.7159833908081055, 7.721620559692383, 7.71208381652832, 7.71530294418335, 7.70508337020874, 7.696010112762451, 7.686474800109863, 7.706047058105469, 7.695479393005371, 7.668898105621338, 7.690829753875732, 7.674920558929443, 7.667882442474365, 7.659005641937256, 7.655128479003906, 7.656918048858643, 7.641606330871582, 7.6374945640563965, 7.627840518951416, 7.629300117492676, 7.63950252532959, 7.6284661293029785, 7.620530128479004, 7.616025447845459, 7.612417697906494, 7.605011940002441, 7.611432075500488, 7.598625659942627, 7.600732803344727, 7.6096954345703125], "best_val_epoch": 98, "model": "AE_sound", "lr": 0.0001, "batch_size": 256, "context": "13"}