{"iter": 8, "val_mses": [7.3718414306640625, 7.286242961883545, 7.036408424377441, 6.346944808959961, 6.189073085784912, 5.939483165740967, 5.853382587432861, 5.84272575378418, 5.836090564727783, 5.829188823699951, 5.8051438331604, 5.785247802734375, 5.7873101234436035, 5.780816555023193, 5.777159690856934, 5.7688703536987305, 5.768567085266113, 5.75325345993042, 5.743908405303955, 5.7350382804870605, 5.707530975341797, 5.676092624664307, 5.670860767364502, 5.644007682800293, 5.646913528442383, 5.633509635925293, 5.633574962615967, 5.630646705627441, 5.6262688636779785, 5.626633644104004, 5.624856472015381, 5.631737232208252, 5.620939254760742, 5.622847080230713, 5.622818470001221, 5.618712902069092, 5.61715030670166, 5.620055198669434, 5.619255065917969, 5.609783172607422, 5.601592063903809, 5.596992015838623, 5.60486364364624, 5.583447456359863, 5.585752487182617, 5.577674388885498, 5.576425075531006, 5.574589729309082, 5.578192710876465, 5.577602386474609, 5.563772678375244, 5.572793483734131, 5.569657325744629, 5.564467430114746, 5.563448905944824, 5.558019161224365, 5.559610366821289, 5.565993785858154, 5.552595138549805, 5.55320405960083, 5.5539116859436035, 5.56694221496582, 5.543185234069824, 5.542627334594727, 5.545873165130615, 5.558251857757568, 5.548192501068115, 5.546320915222168, 5.535592555999756, 5.548351287841797, 5.556519508361816, 5.542876720428467, 5.528303146362305, 5.531639575958252, 5.530506610870361, 5.531118392944336, 5.526058673858643, 5.526386260986328, 5.5264573097229, 5.537508487701416, 5.519606113433838, 5.528079986572266, 5.516699314117432, 5.521242618560791, 5.515996932983398, 5.510354042053223, 5.508780479431152, 5.515496253967285, 5.5231614112854, 5.517339706420898, 5.508483409881592, 5.510023593902588, 5.502919673919678, 5.503011226654053, 5.500709533691406, 5.495657920837402, 5.512172698974609, 5.497876167297363, 5.497498035430908, 5.5056962966918945], "best_val_epoch": 96, "model": "AE_sound", "lr": 0.0001, "batch_size": 256, "context": "1"}