{"iter": 4, "val_mses": [19.134004592895508, 19.111440658569336, 14.88962459564209, 13.814093589782715, 12.34813117980957, 12.231912612915039, 12.092711448669434, 12.107665061950684, 12.031272888183594, 11.95550537109375, 11.890390396118164, 11.90648078918457, 11.946993827819824, 11.838449478149414, 11.793160438537598, 11.74059772491455, 11.724729537963867, 11.647139549255371, 11.574347496032715, 11.5878324508667, 11.548971176147461, 11.52472972869873, 11.469080924987793, 11.451606750488281, 11.365801811218262, 11.250886917114258, 11.208494186401367, 11.1591796875, 11.149871826171875, 11.07828140258789, 11.017962455749512, 10.96591854095459, 10.994894027709961, 10.225506782531738, 10.1634521484375, 10.087648391723633, 10.011872291564941, 9.94897747039795, 9.93369197845459, 9.90191650390625, 9.876872062683105, 9.875870704650879, 9.792064666748047, 9.784956932067871, 9.7926025390625, 9.757097244262695, 9.713423728942871, 9.711932182312012, 9.657927513122559, 9.667976379394531, 9.656082153320312, 9.625076293945312, 9.619589805603027, 9.589166641235352, 9.561980247497559, 9.512957572937012, 9.545858383178711, 9.48298454284668, 9.488348960876465, 9.469834327697754, 9.446636199951172, 9.515243530273438, 9.400330543518066, 9.36108684539795, 9.306267738342285, 9.28004264831543, 9.266234397888184, 9.229362487792969, 9.2201509475708, 9.227081298828125, 9.152589797973633, 9.114839553833008, 8.948075294494629, 8.850363731384277, 8.761404991149902, 8.74695110321045, 8.741445541381836, 8.69019603729248, 8.72586727142334, 8.72743034362793, 8.635300636291504, 8.660356521606445, 8.596257209777832, 8.625654220581055, 8.589597702026367, 8.559672355651855, 8.560181617736816, 8.523880958557129, 8.529597282409668, 8.511176109313965, 8.4872407913208, 8.485336303710938, 8.463254928588867, 8.468353271484375, 8.43691349029541, 8.438227653503418, 8.42941665649414, 8.418988227844238, 8.401273727416992, 8.402007102966309], "best_val_epoch": 99, "model": "AE_sound", "lr": 0.0001, "batch_size": 256, "context": "11"}