{"iter": 8, "val_mses": [18.351137161254883, 13.787386894226074, 12.242486953735352, 10.809919357299805, 10.593395233154297, 10.383056640625, 9.634018898010254, 9.580816268920898, 9.391376495361328, 9.032361030578613, 8.902904510498047, 8.822378158569336, 8.771662712097168, 8.697352409362793, 8.692584991455078, 8.630905151367188, 8.586339950561523, 8.545195579528809, 8.522857666015625, 8.486722946166992, 8.456841468811035, 8.440118789672852, 8.39568042755127, 8.41209888458252, 8.402078628540039, 8.347212791442871, 8.356133460998535, 8.318599700927734, 8.294109344482422, 8.294870376586914, 8.27658748626709, 8.278091430664062, 8.244491577148438, 8.223892211914062, 8.227588653564453, 8.216192245483398, 8.211543083190918, 8.21823501586914, 8.165762901306152, 8.160819053649902, 8.168802261352539, 8.125215530395508, 8.160499572753906, 8.142304420471191, 8.124115943908691, 8.13325023651123, 8.168783187866211, 8.102045059204102, 8.08466625213623, 8.080814361572266, 8.096152305603027, 8.014198303222656, 8.028584480285645, 8.02757453918457, 7.964872360229492, 8.030355453491211, 7.978368282318115, 8.037450790405273, 8.000541687011719, 7.9906392097473145, 7.934878826141357, 7.971956253051758, 7.943387985229492, 7.917230606079102, 7.888570308685303, 7.905211925506592, 7.889935493469238, 7.864383220672607, 7.865499496459961, 7.867047309875488, 7.879796028137207, 7.845694541931152, 7.841949462890625, 7.84946346282959, 7.8211445808410645, 7.833481311798096, 7.816001892089844, 7.7970428466796875, 7.820509433746338, 7.811398029327393, 7.841728210449219, 7.820347785949707, 7.8567728996276855, 7.785705089569092, 7.822909832000732, 7.810488224029541, 7.782530784606934, 7.789519309997559, 7.785085201263428, 7.802993297576904, 7.7873215675354, 7.772380352020264, 7.750439167022705, 7.770791053771973, 7.747710704803467, 7.773216247558594, 7.780760288238525, 7.766994953155518, 7.737725257873535, 7.743720531463623], "best_val_epoch": 99, "model": "AE_sound", "lr": 0.0001, "batch_size": 256, "context": "11"}