{"iter": 8, "val_mses": [12.241313934326172, 10.92730712890625, 10.82933235168457, 10.316118240356445, 10.151123046875, 10.114123344421387, 10.129560470581055, 10.118837356567383, 10.25745677947998, 10.094901084899902, 10.0311918258667, 10.003937721252441, 10.093242645263672, 10.078792572021484, 9.938483238220215, 9.881787300109863, 9.895796775817871, 9.994197845458984, 9.837835311889648, 9.79358196258545, 9.77992057800293, 9.762298583984375, 9.799276351928711, 9.921399116516113, 9.798130989074707, 9.72301959991455, 9.749970436096191, 9.771449089050293, 9.730883598327637, 9.765457153320312, 9.947083473205566, 9.72442626953125, 9.907712936401367, 9.876718521118164, 9.672172546386719, 9.767770767211914, 9.73516845703125, 9.626683235168457, 9.664463996887207, 9.721062660217285, 9.589641571044922, 9.713553428649902, 9.66700267791748, 9.591147422790527, 9.53818416595459, 9.552571296691895, 9.568218231201172, 9.605562210083008, 9.516494750976562, 9.456304550170898, 10.036712646484375, 9.570070266723633, 9.466168403625488, 9.402325630187988, 9.44415283203125, 9.418185234069824, 9.42821979522705, 9.390400886535645, 9.384893417358398, 9.526853561401367, 9.402963638305664, 9.416330337524414, 9.364044189453125, 9.381803512573242, 9.380534172058105, 9.367375373840332, 9.358231544494629, 9.35545825958252, 9.328971862792969, 9.366262435913086, 9.381540298461914, 9.298674583435059, 9.33348274230957, 9.3343505859375, 9.496427536010742, 9.291627883911133, 9.353254318237305, 9.289942741394043, 9.437079429626465, 9.289830207824707, 9.322629928588867, 9.271734237670898, 9.398725509643555, 9.541081428527832, 9.247323036193848, 9.292313575744629, 9.341440200805664, 9.492244720458984, 9.275797843933105, 9.381591796875, 9.285436630249023, 9.291585922241211, 9.251703262329102, 9.309615135192871, 9.24039077758789, 9.309494972229004, 9.3318510055542, 9.283794403076172, 9.271943092346191, 9.263699531555176], "best_val_epoch": 95, "model": "AE_sound", "lr": 0.0001, "batch_size": 256, "context": "4"}