{"iter": 4, "val_mses": [12.069778442382812, 12.047532081604004, 11.265870094299316, 11.088936805725098, 11.122743606567383, 11.032818794250488, 10.801193237304688, 10.798065185546875, 10.673205375671387, 10.653985977172852, 10.551512718200684, 10.370894432067871, 10.416084289550781, 10.420958518981934, 10.481446266174316, 10.345244407653809, 10.451435089111328, 10.393488883972168, 10.337064743041992, 10.339532852172852, 10.282708168029785, 10.27817153930664, 10.129782676696777, 10.108349800109863, 10.090852737426758, 10.09711742401123, 10.029558181762695, 10.01207447052002, 10.074467658996582, 9.995150566101074, 9.968125343322754, 9.934728622436523, 9.976109504699707, 9.952555656433105, 9.927583694458008, 9.967077255249023, 9.94622802734375, 9.892060279846191, 9.918747901916504, 9.859721183776855, 9.848447799682617, 9.903329849243164, 9.95375919342041, 9.913371086120605, 9.850419044494629, 9.85229206085205, 9.85523796081543, 9.930703163146973, 9.847297668457031, 9.838671684265137, 9.815483093261719, 9.815366744995117, 9.790790557861328, 9.764437675476074, 9.823263168334961, 9.854628562927246, 9.794204711914062, 9.770195960998535, 9.825345993041992, 9.698805809020996, 9.856361389160156, 9.81131362915039, 9.822996139526367, 9.779031753540039, 9.821943283081055, 9.722123146057129, 9.791057586669922, 9.757990837097168, 9.755825996398926, 9.746892929077148, 9.802871704101562, 9.79120922088623, 9.773359298706055, 9.797246932983398, 9.759698867797852, 9.787245750427246, 9.766627311706543, 9.827136993408203, 9.7908935546875, 9.79759407043457, 9.848031044006348, 9.808321952819824, 9.763532638549805, 9.809813499450684, 9.872260093688965, 9.775903701782227, 9.760250091552734, 9.75288200378418, 9.780804634094238, 9.838912010192871, 9.753194808959961, 9.774331092834473, 9.806178092956543, 9.817108154296875, 9.763304710388184, 9.742850303649902, 9.812857627868652, 9.804261207580566, 9.780200004577637, 9.760652542114258], "best_val_epoch": 60, "model": "AE_sound", "lr": 0.0001, "batch_size": 256, "context": "6"}