{"iter": 4, "val_mses": [8.94987678527832, 8.588217735290527, 7.5008225440979, 7.3363566398620605, 6.756898403167725, 6.485315322875977, 6.2349534034729, 6.177884578704834, 6.120509147644043, 6.103110313415527, 6.052915573120117, 5.970374584197998, 5.939290523529053, 5.904038429260254, 5.866154193878174, 5.780919075012207, 5.762395858764648, 5.7008161544799805, 5.688371181488037, 5.652162551879883, 5.634289741516113, 5.628383159637451, 5.618504047393799, 5.593817234039307, 5.605065822601318, 5.59883975982666, 5.572413444519043, 5.5338592529296875, 5.552091121673584, 5.547087669372559, 5.540136814117432, 5.520391941070557, 5.523682594299316, 5.536322593688965, 5.522641181945801, 5.523255348205566, 5.495972156524658, 5.498685836791992, 5.4996209144592285, 5.489935398101807, 5.5075201988220215, 5.500389575958252, 5.473885536193848, 5.49262809753418, 5.471755504608154, 5.488738059997559, 5.500312805175781, 5.4811835289001465, 5.4648661613464355, 5.480718612670898, 5.463774681091309, 5.455869674682617, 5.478144645690918, 5.46211576461792, 5.465860366821289, 5.4574174880981445, 5.4521589279174805, 5.4573750495910645, 5.4399309158325195, 5.449819087982178, 5.468005657196045, 5.427915573120117, 5.448429584503174, 5.442249774932861, 5.428708076477051, 5.4420485496521, 5.4522504806518555, 5.427436828613281, 5.424406051635742, 5.431572437286377, 5.410037517547607, 5.414834976196289, 5.424066066741943, 5.435910701751709, 5.422416687011719, 5.424912929534912, 5.411335468292236, 5.424696922302246, 5.410478591918945, 5.3928117752075195, 5.408847332000732, 5.41748046875, 5.392319202423096, 5.392029762268066, 5.394700527191162, 5.408279895782471, 5.3997087478637695, 5.398135185241699, 5.377293586730957, 5.3836469650268555, 5.388391017913818, 5.378873348236084, 5.3764142990112305, 5.408848285675049, 5.365126132965088, 5.389697074890137, 5.390947341918945, 5.368122100830078, 5.368285655975342, 5.3797287940979], "best_val_epoch": 95, "model": "AE_sound", "lr": 0.0001, "batch_size": 256, "context": "3"}