{"iter": 7, "val_mses": [15.818668365478516, 12.186678886413574, 10.949416160583496, 10.172405242919922, 9.876485824584961, 9.653105735778809, 9.538275718688965, 9.47766399383545, 9.412211418151855, 9.373310089111328, 9.341020584106445, 9.309664726257324, 9.29743480682373, 9.225898742675781, 9.147783279418945, 9.061570167541504, 8.983518600463867, 8.907684326171875, 8.833120346069336, 8.812006950378418, 8.74964714050293, 8.720513343811035, 8.656218528747559, 8.632661819458008, 8.602025032043457, 8.587794303894043, 8.557727813720703, 8.538516998291016, 8.524435997009277, 8.493603706359863, 8.474695205688477, 8.441750526428223, 8.4240083694458, 8.41518497467041, 8.377176284790039, 8.355034828186035, 8.309118270874023, 8.29782485961914, 8.25964069366455, 8.235971450805664, 8.212920188903809, 8.211094856262207, 8.165282249450684, 8.168213844299316, 8.151801109313965, 8.171245574951172, 8.115303993225098, 8.100595474243164, 8.08838176727295, 8.078815460205078, 8.05780029296875, 8.03853702545166, 8.02417278289795, 8.020691871643066, 8.032349586486816, 8.006665229797363, 7.971581935882568, 7.981298446655273, 7.973090171813965, 7.966968059539795, 7.944028377532959, 7.9584479331970215, 7.945174694061279, 7.960803031921387, 7.922195911407471, 7.919609069824219, 7.897779941558838, 7.892291069030762, 7.903465747833252, 7.8792338371276855, 7.879406452178955, 7.9258575439453125, 7.867404460906982, 7.852747917175293, 7.875819683074951, 7.839470863342285, 7.845413684844971, 7.821404457092285, 7.8195390701293945, 7.834615230560303, 7.811462879180908, 7.837100505828857, 7.805124759674072, 7.803308010101318, 7.815058708190918, 7.792923450469971, 7.773129463195801, 7.7513017654418945, 7.751377105712891, 7.743074893951416, 7.720414161682129, 7.739711761474609, 7.729678153991699, 7.73188591003418, 7.734849452972412, 7.692304611206055, 7.705105781555176, 7.7016754150390625, 7.680817604064941, 7.674342632293701], "best_val_epoch": 100, "model": "AE_sound", "lr": 0.0001, "batch_size": 256, "context": "12"}