{"iter": 5, "val_mses": [16.15305519104004, 14.362850189208984, 11.599066734313965, 11.0865478515625, 10.876533508300781, 10.736207962036133, 10.558188438415527, 10.483741760253906, 10.398438453674316, 10.308770179748535, 10.219344139099121, 10.076254844665527, 9.991744041442871, 9.928430557250977, 9.833841323852539, 9.8192777633667, 9.758124351501465, 9.713468551635742, 9.673940658569336, 9.640157699584961, 9.605700492858887, 9.57662296295166, 9.528940200805664, 9.515169143676758, 9.465974807739258, 9.448974609375, 9.414497375488281, 9.384062767028809, 9.395711898803711, 9.361230850219727, 9.335053443908691, 9.322776794433594, 9.33377742767334, 9.310126304626465, 9.256107330322266, 9.220283508300781, 9.219356536865234, 9.223896026611328, 9.200057029724121, 9.210476875305176, 9.179312705993652, 9.148282051086426, 9.155130386352539, 9.166518211364746, 9.162343978881836, 9.100601196289062, 9.1137056350708, 9.1122407913208, 9.095389366149902, 9.069151878356934, 9.037933349609375, 9.043092727661133, 9.056014060974121, 9.026315689086914, 9.05208969116211, 9.019503593444824, 9.004303932189941, 8.962198257446289, 8.953737258911133, 8.97845458984375, 8.99008560180664, 8.955547332763672, 8.946643829345703, 8.935376167297363, 8.93889045715332, 8.913341522216797, 8.926838874816895, 8.89531421661377, 8.880877494812012, 8.901982307434082, 8.886870384216309, 8.866591453552246, 8.859332084655762, 8.82974910736084, 8.847467422485352, 8.86897087097168, 8.87609577178955, 8.86780071258545, 8.852137565612793, 8.834972381591797, 8.821318626403809, 8.815484046936035, 8.839875221252441, 8.820805549621582, 8.78934097290039, 8.78738784790039, 8.783814430236816, 8.811277389526367, 8.79987907409668, 8.771642684936523, 8.768434524536133, 8.785016059875488, 8.759136199951172, 8.760050773620605, 8.73853874206543, 8.739986419677734, 8.716655731201172, 8.558812141418457, 8.49863052368164, 8.449942588806152], "best_val_epoch": 100, "model": "AE_sound", "lr": 0.0001, "batch_size": 256, "context": "14"}