{"iter": 6, "val_mses": [10.486576080322266, 8.406867027282715, 6.754117488861084, 6.540510177612305, 6.412054061889648, 6.273857116699219, 6.173859119415283, 6.131474018096924, 6.1043267250061035, 6.067784309387207, 6.019624710083008, 6.03220272064209, 6.037110328674316, 5.996885299682617, 6.004990100860596, 6.022878646850586, 6.009572982788086, 5.97286319732666, 5.9621758460998535, 5.920030117034912, 5.889584064483643, 5.865352153778076, 5.86425256729126, 5.850431442260742, 5.8286452293396, 5.809129238128662, 5.8060808181762695, 5.803262233734131, 5.781692028045654, 5.787096977233887, 5.785755634307861, 5.761288166046143, 5.75023078918457, 5.742974758148193, 5.764906406402588, 5.750674724578857, 5.752398490905762, 5.744276523590088, 5.741153717041016, 5.745363235473633, 5.713644504547119, 5.735151767730713, 5.703372478485107, 5.719008445739746, 5.719975471496582, 5.7247490882873535, 5.706820487976074, 5.684913635253906, 5.695559024810791, 5.689267158508301, 5.684985637664795, 5.698705673217773, 5.681890487670898, 5.68626070022583, 5.6863555908203125, 5.663252353668213, 5.678347587585449, 5.663467884063721, 5.658018112182617, 5.658417224884033, 5.6661458015441895, 5.660094261169434, 5.6728196144104, 5.654000282287598, 5.650515556335449, 5.634860992431641, 5.658937931060791, 5.649772644042969, 5.633618354797363, 5.6282877922058105, 5.625425815582275, 5.6095099449157715, 5.615914821624756, 5.608814239501953, 5.625713348388672, 5.617407321929932, 5.605524063110352, 5.607763290405273, 5.628994464874268, 5.593791484832764, 5.594598770141602, 5.6090192794799805, 5.594147682189941, 5.599696159362793, 5.614960670471191, 5.578042984008789, 5.579411029815674, 5.582005023956299, 5.572821617126465, 5.592219352722168, 5.584405422210693, 5.5943145751953125, 5.585082530975342, 5.5696611404418945, 5.5508880615234375, 5.56101131439209, 5.5716471672058105, 5.551862716674805, 5.566833972930908, 5.560880184173584], "best_val_epoch": 95, "model": "AE_sound", "lr": 0.0001, "batch_size": 256, "context": "3"}