{"iter": 4, "val_mses": [17.261066436767578, 13.589132308959961, 10.118674278259277, 9.306300163269043, 9.00685977935791, 8.950106620788574, 8.8863525390625, 8.825782775878906, 8.768494606018066, 8.733369827270508, 8.68632984161377, 8.623271942138672, 8.601666450500488, 8.55221939086914, 8.517555236816406, 8.480486869812012, 8.39454174041748, 8.335457801818848, 8.296045303344727, 8.233428001403809, 8.18546199798584, 8.154977798461914, 8.087053298950195, 8.027626991271973, 7.993557929992676, 7.953713417053223, 7.904159069061279, 7.885071754455566, 7.844902992248535, 7.823035717010498, 7.784284591674805, 7.771055698394775, 7.753498554229736, 7.724666118621826, 7.739327907562256, 7.733100891113281, 7.7092485427856445, 7.689152717590332, 7.669172286987305, 7.668522357940674, 7.636244297027588, 7.637021541595459, 7.6233978271484375, 7.6220269203186035, 7.618775367736816, 7.59653377532959, 7.588836669921875, 7.563980579376221, 7.568345546722412, 7.554058074951172, 7.514226913452148, 7.51271915435791, 7.5311431884765625, 7.511851787567139, 7.499797821044922, 7.485800266265869, 7.482492923736572, 7.483384132385254, 7.473393440246582, 7.465574264526367, 7.433411598205566, 7.4337968826293945, 7.42853307723999, 7.433781623840332, 7.4049882888793945, 7.402505397796631, 7.395092487335205, 7.395726203918457, 7.376397132873535, 7.370360374450684, 7.38431453704834, 7.362339973449707, 7.333429336547852, 7.3610429763793945, 7.355050563812256, 7.3508429527282715, 7.317625045776367, 7.343722343444824, 7.33292293548584, 7.320100784301758, 7.307734966278076, 7.3188090324401855, 7.303929805755615, 7.309769630432129, 7.305603504180908, 7.295848369598389, 7.317383766174316, 7.290461540222168, 7.285904407501221, 7.280282497406006, 7.28362512588501, 7.2894415855407715, 7.274933338165283, 7.260539531707764, 7.281004905700684, 7.264921188354492, 7.2694807052612305, 7.252331733703613, 7.254995822906494, 7.240596294403076], "best_val_epoch": 100, "model": "AE_sound", "lr": 0.0001, "batch_size": 256, "context": "9"}