{"iter": 5, "val_mses": [14.038854598999023, 13.508172988891602, 12.181373596191406, 11.158005714416504, 10.602700233459473, 10.326688766479492, 10.119969367980957, 9.964628219604492, 9.907512664794922, 9.86874008178711, 9.836209297180176, 9.807701110839844, 9.759886741638184, 9.71904468536377, 9.717582702636719, 9.668649673461914, 9.659114837646484, 9.585686683654785, 9.597959518432617, 9.519468307495117, 9.515119552612305, 9.481719970703125, 9.477228164672852, 9.439273834228516, 9.412054061889648, 9.394558906555176, 9.396142959594727, 9.344776153564453, 9.327840805053711, 9.350257873535156, 9.333817481994629, 9.278692245483398, 9.290207862854004, 9.217135429382324, 9.216997146606445, 9.163532257080078, 9.1437406539917, 9.155900955200195, 9.14150619506836, 9.100948333740234, 9.124263763427734, 9.022640228271484, 9.125041961669922, 9.055620193481445, 9.030611991882324, 9.039398193359375, 8.996052742004395, 9.000835418701172, 8.96851634979248, 8.975780487060547, 8.956974029541016, 8.956384658813477, 8.921736717224121, 8.947097778320312, 8.881133079528809, 8.900300025939941, 8.867868423461914, 8.883782386779785, 8.890748977661133, 8.856644630432129, 8.881742477416992, 8.82075023651123, 8.868036270141602, 8.829522132873535, 8.800163269042969, 8.821008682250977, 8.833601951599121, 8.841161727905273, 8.799922943115234, 8.81035041809082, 8.801161766052246, 8.804211616516113, 8.753917694091797, 8.761063575744629, 8.728501319885254, 8.722471237182617, 8.772244453430176, 8.757696151733398, 8.740082740783691, 8.780721664428711, 8.742411613464355, 8.711912155151367, 8.70979118347168, 8.69816780090332, 8.74718189239502, 8.723965644836426, 8.74874496459961, 8.738533973693848, 8.711618423461914, 8.723484992980957, 8.68785572052002, 8.69063663482666, 8.683603286743164, 8.664588928222656, 8.643194198608398, 8.65076732635498, 8.688889503479004, 8.679342269897461, 8.686800003051758, 8.682785987854004], "best_val_epoch": 95, "model": "AE_sound", "lr": 0.0001, "batch_size": 256, "context": "11"}