{"iter": 10, "val_mses": [19.124338150024414, 13.973084449768066, 13.754262924194336, 10.952751159667969, 10.144974708557129, 9.571876525878906, 9.407492637634277, 9.22584342956543, 9.025625228881836, 8.957962989807129, 8.911344528198242, 8.872645378112793, 8.865023612976074, 8.838666915893555, 8.762065887451172, 8.638826370239258, 8.536974906921387, 8.41771125793457, 8.4151029586792, 8.339789390563965, 8.340609550476074, 8.318244934082031, 8.288297653198242, 8.255780220031738, 8.259498596191406, 8.240070343017578, 8.238700866699219, 8.201338768005371, 8.19300365447998, 8.147089004516602, 8.149951934814453, 8.102827072143555, 8.120512962341309, 8.067800521850586, 8.063884735107422, 8.07223892211914, 8.035370826721191, 8.032838821411133, 8.03026294708252, 8.009377479553223, 8.006917953491211, 8.004926681518555, 7.994879245758057, 8.006176948547363, 7.994067668914795, 7.9746012687683105, 7.92213249206543, 7.956787109375, 7.974872589111328, 7.952664375305176, 7.919957160949707, 7.919393539428711, 7.946883678436279, 7.927110195159912, 7.94282341003418, 7.897632122039795, 7.920210838317871, 7.908159255981445, 7.938564777374268, 7.880836486816406, 7.891855239868164, 7.8848090171813965, 7.895939826965332, 7.890450477600098, 7.864193439483643, 7.875660419464111, 7.830029010772705, 7.870039939880371, 7.894242763519287, 7.8908233642578125, 7.855222225189209, 7.8661370277404785, 7.857296466827393, 7.849735260009766, 7.848954677581787, 7.829728603363037, 7.839536190032959, 7.807718276977539, 7.839057922363281, 7.825933933258057, 7.842387676239014, 7.810461044311523, 7.808257102966309, 7.803088665008545, 7.8150458335876465, 7.806952953338623, 7.783942222595215, 7.8107991218566895, 7.797357082366943, 7.757976531982422, 7.774136066436768, 7.782047748565674, 7.773855686187744, 7.747900009155273, 7.739081382751465, 7.726894378662109, 7.746156215667725, 7.724907398223877, 7.743358135223389, 7.718117713928223], "best_val_epoch": 100, "model": "AE_sound", "lr": 0.0001, "batch_size": 256, "context": "11"}