{"iter": 10, "val_mses": [9.86642074584961, 9.136691093444824, 8.611163139343262, 8.385859489440918, 8.133076667785645, 7.815646171569824, 7.351160049438477, 7.125576972961426, 7.035852432250977, 6.976820945739746, 6.917299747467041, 6.863157749176025, 6.828917026519775, 6.780319690704346, 6.7477593421936035, 6.689974784851074, 6.680386543273926, 6.6345319747924805, 6.59420108795166, 6.556131839752197, 6.548735618591309, 6.511435508728027, 6.4836273193359375, 6.482815265655518, 6.4503960609436035, 6.436341285705566, 6.412199974060059, 6.345871925354004, 6.330542087554932, 6.28175163269043, 6.265811920166016, 6.2368903160095215, 6.1997971534729, 6.184982776641846, 6.1640777587890625, 6.161957740783691, 6.149256706237793, 6.129299163818359, 6.116036891937256, 6.100831508636475, 6.084832191467285, 6.0840864181518555, 6.076563835144043, 6.063365459442139, 6.0558061599731445, 6.050385475158691, 6.039802551269531, 6.028518199920654, 6.029354095458984, 6.020264625549316, 6.011483192443848, 6.0064377784729, 5.997628211975098, 5.991164207458496, 5.985762119293213, 5.979065418243408, 5.981637477874756, 5.973134517669678, 5.9707932472229, 5.961398601531982, 5.9544901847839355, 5.943166732788086, 5.9453630447387695, 5.934414386749268, 5.934666633605957, 5.922013282775879, 5.938594818115234, 5.923247814178467, 5.9155683517456055, 5.924490928649902, 5.910613536834717, 5.911326885223389, 5.910372734069824, 5.9015045166015625, 5.902624607086182, 5.891319274902344, 5.896015167236328, 5.892457008361816, 5.887933254241943, 5.885441780090332, 5.8824143409729, 5.882975101470947, 5.876655101776123, 5.872973918914795, 5.875177383422852, 5.873953819274902, 5.875938415527344, 5.87168025970459, 5.861865520477295, 5.870461463928223, 5.863691806793213, 5.853660583496094, 5.858719348907471, 5.867870807647705, 5.859642505645752, 5.858280181884766, 5.856216907501221, 5.861265182495117, 5.853834629058838, 5.8431196212768555], "best_val_epoch": 100, "model": "AE_sound", "lr": 0.0001, "batch_size": 256, "context": "0"}