{"iter": 7, "val_mses": [8.684442520141602, 7.285768985748291, 6.7284064292907715, 6.619300365447998, 6.301755905151367, 6.219261169433594, 6.160029888153076, 6.117827892303467, 6.027222156524658, 5.975727081298828, 5.945157051086426, 5.919699192047119, 5.890016555786133, 5.876946449279785, 5.870602130889893, 5.856986045837402, 5.8326802253723145, 5.840729236602783, 5.829751014709473, 5.820646286010742, 5.8270487785339355, 5.813973903656006, 5.828039169311523, 5.8040971755981445, 5.792555332183838, 5.785092830657959, 5.77850341796875, 5.753978252410889, 5.77272367477417, 5.755593299865723, 5.741587162017822, 5.748360633850098, 5.739996433258057, 5.726831436157227, 5.732305526733398, 5.727024078369141, 5.7258782386779785, 5.716144561767578, 5.722138404846191, 5.724084854125977, 5.719118595123291, 5.698573589324951, 5.70078706741333, 5.691093921661377, 5.692619800567627, 5.699529647827148, 5.6836042404174805, 5.683586120605469, 5.676985263824463, 5.679734230041504, 5.672815799713135, 5.6670637130737305, 5.65596342086792, 5.661584377288818, 5.6533918380737305, 5.65726375579834, 5.6505961418151855, 5.6554155349731445, 5.648894309997559, 5.648982048034668, 5.654918193817139, 5.64492130279541, 5.640707015991211, 5.628803730010986, 5.636011600494385, 5.6334614753723145, 5.626642227172852, 5.62658166885376, 5.619349002838135, 5.6186394691467285, 5.616871356964111, 5.6243896484375, 5.622812747955322, 5.619965553283691, 5.615177154541016, 5.61155891418457, 5.614063262939453, 5.599620819091797, 5.6131911277771, 5.614242076873779, 5.600509166717529, 5.599259376525879, 5.594066619873047, 5.589831352233887, 5.597222805023193, 5.601165771484375, 5.593801498413086, 5.577942848205566, 5.57914400100708, 5.573666572570801, 5.5776519775390625, 5.577420234680176, 5.57268762588501, 5.568690776824951, 5.575743198394775, 5.5737457275390625, 5.579400062561035, 5.578184604644775, 5.5770697593688965, 5.565636157989502], "best_val_epoch": 100, "model": "AE_sound", "lr": 0.0001, "batch_size": 256, "context": "1"}