{"iter": 8, "val_mses": [17.13256072998047, 14.333751678466797, 12.13947582244873, 11.13375473022461, 10.44197940826416, 9.870599746704102, 9.66118049621582, 9.218354225158691, 9.004315376281738, 8.928912162780762, 8.899412155151367, 8.847513198852539, 8.814702987670898, 8.752178192138672, 8.701855659484863, 8.631582260131836, 8.53252124786377, 8.416563034057617, 8.328946113586426, 8.256142616271973, 8.23585319519043, 8.179258346557617, 8.14804458618164, 8.11925983428955, 8.094873428344727, 8.065166473388672, 8.047633171081543, 8.02566909790039, 8.006664276123047, 7.977158069610596, 7.960812568664551, 7.9344892501831055, 7.920095920562744, 7.886090278625488, 7.888481140136719, 7.845382213592529, 7.8453497886657715, 7.813803672790527, 7.796106338500977, 7.797873020172119, 7.767654895782471, 7.747928619384766, 7.749720573425293, 7.714054107666016, 7.709507942199707, 7.6893696784973145, 7.672725677490234, 7.676673889160156, 7.655642032623291, 7.626794338226318, 7.616272449493408, 7.605813503265381, 7.603626251220703, 7.5706329345703125, 7.588131904602051, 7.5827836990356445, 7.589012622833252, 7.545924663543701, 7.545541286468506, 7.517251968383789, 7.520281791687012, 7.514745235443115, 7.497178077697754, 7.507553577423096, 7.504769802093506, 7.475508689880371, 7.476563930511475, 7.473377704620361, 7.4676642417907715, 7.469534397125244, 7.472461223602295, 7.4531636238098145, 7.443873882293701, 7.456910610198975, 7.444786548614502, 7.437198162078857, 7.4375786781311035, 7.4451584815979, 7.431817054748535, 7.435474872589111, 7.432052135467529, 7.432065010070801, 7.428476333618164, 7.413492202758789, 7.409978866577148, 7.409115791320801, 7.393754005432129, 7.405214309692383, 7.396177291870117, 7.410716533660889, 7.372553825378418, 7.374156475067139, 7.3516950607299805, 7.333728313446045, 7.33928108215332, 7.314405918121338, 7.3211870193481445, 7.316746234893799, 7.306500434875488, 7.297122001647949], "best_val_epoch": 100, "model": "AE_sound", "lr": 0.0001, "batch_size": 256, "context": "13"}