{"iter": 10, "val_mses": [15.945549011230469, 12.051589012145996, 11.549409866333008, 11.308164596557617, 11.21434497833252, 11.181255340576172, 11.162232398986816, 11.045103073120117, 10.892058372497559, 10.702451705932617, 10.646157264709473, 10.599757194519043, 10.602767944335938, 10.530035018920898, 10.444272994995117, 10.4663667678833, 10.48128604888916, 10.424894332885742, 10.432692527770996, 10.343404769897461, 10.319002151489258, 10.189384460449219, 10.194009780883789, 10.148113250732422, 10.139092445373535, 10.039385795593262, 10.127291679382324, 10.043747901916504, 9.988598823547363, 9.963367462158203, 9.9518461227417, 10.0210542678833, 9.934038162231445, 9.973008155822754, 9.902581214904785, 9.897115707397461, 9.869433403015137, 9.936001777648926, 9.913981437683105, 9.82720947265625, 9.8475341796875, 9.782855987548828, 9.583412170410156, 9.341422080993652, 9.294777870178223, 9.291976928710938, 9.131255149841309, 9.018415451049805, 8.921036720275879, 8.835216522216797, 8.765560150146484, 8.682021141052246, 8.611336708068848, 8.592140197753906, 8.610373497009277, 8.599600791931152, 8.534371376037598, 8.537639617919922, 8.545815467834473, 8.536378860473633, 8.504108428955078, 8.517759323120117, 8.452299118041992, 8.466410636901855, 8.412731170654297, 8.44324016571045, 8.395759582519531, 8.383755683898926, 8.357805252075195, 8.370861053466797, 8.35877799987793, 8.400979042053223, 8.347628593444824, 8.351652145385742, 8.346697807312012, 8.353193283081055, 8.401963233947754, 8.33674430847168, 8.385330200195312, 8.319035530090332, 8.335643768310547, 8.33371639251709, 8.327021598815918, 8.314308166503906, 8.300307273864746, 8.30296802520752, 8.29351806640625, 8.272746086120605, 8.30931282043457, 8.330086708068848, 8.320927619934082, 8.246011734008789, 8.296067237854004, 8.315926551818848, 8.313278198242188, 8.230220794677734, 8.297284126281738, 8.347551345825195, 8.289063453674316, 8.26225757598877], "best_val_epoch": 96, "model": "AE_sound", "lr": 0.0001, "batch_size": 256, "context": "6"}