{"iter": 6, "val_mses": [9.565032958984375, 7.732191562652588, 7.074286937713623, 6.557120323181152, 6.217844009399414, 6.197433948516846, 6.180739879608154, 6.163161754608154, 6.121427536010742, 6.102052211761475, 6.078550815582275, 6.0793776512146, 6.064225196838379, 6.06062126159668, 6.053634166717529, 6.0408101081848145, 6.032034397125244, 6.019900321960449, 6.003096580505371, 5.97703742980957, 5.959805965423584, 5.942145824432373, 5.926058769226074, 5.917421340942383, 5.9029107093811035, 5.892159938812256, 5.8779072761535645, 5.865662097930908, 5.8554205894470215, 5.841170787811279, 5.840763568878174, 5.832319259643555, 5.826521396636963, 5.823213577270508, 5.820076942443848, 5.814764976501465, 5.814845561981201, 5.807488918304443, 5.808452129364014, 5.802261829376221, 5.807995319366455, 5.802020072937012, 5.795142650604248, 5.794436931610107, 5.789211750030518, 5.791683673858643, 5.787583827972412, 5.782804489135742, 5.783907413482666, 5.771886825561523, 5.7743916511535645, 5.7735371589660645, 5.7662353515625, 5.767427921295166, 5.759576797485352, 5.759456634521484, 5.7583489418029785, 5.752866268157959, 5.749136447906494, 5.7459211349487305, 5.729383945465088, 5.727749347686768, 5.723714351654053, 5.7196807861328125, 5.7140092849731445, 5.71520471572876, 5.711435794830322, 5.709870338439941, 5.712120056152344, 5.711587905883789, 5.709023475646973, 5.702544689178467, 5.704054832458496, 5.704653739929199, 5.704390525817871, 5.700728416442871, 5.697264194488525, 5.699910640716553, 5.6932878494262695, 5.690884590148926, 5.694126129150391, 5.688046455383301, 5.683452606201172, 5.68485689163208, 5.688144207000732, 5.673338890075684, 5.675475597381592, 5.679553031921387, 5.675019264221191, 5.677344799041748, 5.674729824066162, 5.665904521942139, 5.663934230804443, 5.6787896156311035, 5.670189380645752, 5.673776626586914, 5.673256874084473, 5.6653032302856445, 5.66339111328125, 5.6717681884765625], "best_val_epoch": 99, "model": "AE_sound", "lr": 0.0001, "batch_size": 256, "context": "2"}