{"iter": 5, "val_mses": [8.03653621673584, 7.392954349517822, 6.568203926086426, 6.415628433227539, 6.338557720184326, 6.226874828338623, 6.171811103820801, 6.14824914932251, 6.126723766326904, 6.109077453613281, 6.085725784301758, 6.060015678405762, 6.0323615074157715, 6.0013346672058105, 5.976325511932373, 5.958490371704102, 5.934609889984131, 5.915888786315918, 5.899327278137207, 5.894070148468018, 5.884924411773682, 5.873915195465088, 5.859757423400879, 5.85219144821167, 5.844939708709717, 5.836948871612549, 5.827297687530518, 5.82697868347168, 5.816424369812012, 5.81038236618042, 5.803697109222412, 5.804352760314941, 5.794484615325928, 5.791311740875244, 5.782169342041016, 5.777259349822998, 5.771827220916748, 5.765742301940918, 5.758352279663086, 5.75360107421875, 5.754516124725342, 5.748305320739746, 5.743226051330566, 5.7405009269714355, 5.741394996643066, 5.736022472381592, 5.736126899719238, 5.731666088104248, 5.72953987121582, 5.7210516929626465, 5.721091270446777, 5.719477653503418, 5.715191841125488, 5.707103729248047, 5.711747646331787, 5.7057294845581055, 5.697807788848877, 5.674173355102539, 5.639726161956787, 5.633062839508057, 5.618021488189697, 5.611042022705078, 5.60708475112915, 5.598381996154785, 5.596741199493408, 5.592698097229004, 5.59084939956665, 5.58308219909668, 5.585566997528076, 5.581045627593994, 5.579391002655029, 5.575005054473877, 5.571942329406738, 5.571036338806152, 5.571164131164551, 5.571035861968994, 5.5665602684021, 5.5613250732421875, 5.561507701873779, 5.556179523468018, 5.559145927429199, 5.555317401885986, 5.555299282073975, 5.553625583648682, 5.546083927154541, 5.550273418426514, 5.545517921447754, 5.5398640632629395, 5.537473678588867, 5.535548210144043, 5.531445503234863, 5.5328192710876465, 5.525758743286133, 5.524085998535156, 5.527832984924316, 5.524089813232422, 5.518728256225586, 5.520595550537109, 5.51547384262085, 5.5075273513793945], "best_val_epoch": 100, "model": "AE_sound", "lr": 0.0001, "batch_size": 256, "context": "2"}