{"iter": 9, "val_mses": [12.030506134033203, 11.010918617248535, 10.525206565856934, 9.756534576416016, 9.414093017578125, 9.289288520812988, 9.231527328491211, 9.141366958618164, 9.049369812011719, 8.934432029724121, 8.930696487426758, 8.941214561462402, 8.808049201965332, 8.825628280639648, 8.877127647399902, 8.789731979370117, 8.771349906921387, 8.774128913879395, 8.754461288452148, 8.76949691772461, 8.749194145202637, 8.780494689941406, 8.823275566101074, 8.80505657196045, 8.782508850097656, 8.774761199951172, 8.811333656311035, 8.795007705688477, 8.81215763092041, 8.784111022949219, 8.816971778869629, 8.780462265014648, 8.76016902923584, 8.725076675415039, 8.717679023742676, 8.699685096740723, 8.685881614685059, 8.62498664855957, 8.66518783569336, 8.607878684997559, 8.645495414733887, 8.631695747375488, 8.637960433959961, 8.59982681274414, 8.62507438659668, 8.588485717773438, 8.6248140335083, 8.545514106750488, 8.519698143005371, 8.55429458618164, 8.53402328491211, 8.529921531677246, 8.571346282958984, 8.46749210357666, 8.5152587890625, 8.517807960510254, 8.49573802947998, 8.478062629699707, 8.456076622009277, 8.41626262664795, 8.429244041442871, 8.463479995727539, 8.457504272460938, 8.454917907714844, 8.4618501663208, 8.482831954956055, 8.4353609085083, 8.4201078414917, 8.432136535644531, 8.422648429870605, 8.453680992126465, 8.418386459350586, 8.419106483459473, 8.350855827331543, 8.380592346191406, 8.402334213256836, 8.406391143798828, 8.38769817352295, 8.357457160949707, 8.38985824584961, 8.331023216247559, 8.302408218383789, 8.39095687866211, 8.385858535766602, 8.428444862365723, 8.347434997558594, 8.383538246154785, 8.303650856018066, 8.403526306152344, 8.402426719665527, 8.395109176635742, 8.29678726196289, 8.337992668151855, 8.314895629882812, 8.287324905395508, 8.325715065002441, 8.303308486938477, 8.289117813110352, 8.286348342895508, 8.295480728149414], "best_val_epoch": 99, "model": "AE_sound", "lr": 0.0001, "batch_size": 256, "context": "6"}