{"iter": 8, "val_mses": [15.755319595336914, 12.702733039855957, 11.73520565032959, 11.569036483764648, 11.37781047821045, 11.269287109375, 11.2189359664917, 11.15536117553711, 11.036539077758789, 10.860974311828613, 10.54006576538086, 10.362168312072754, 10.218812942504883, 9.997389793395996, 9.904162406921387, 9.883910179138184, 9.840022087097168, 9.804244995117188, 9.773146629333496, 9.749218940734863, 9.742663383483887, 9.713961601257324, 9.694863319396973, 9.677660942077637, 9.668278694152832, 9.663159370422363, 9.624536514282227, 9.631478309631348, 9.618101119995117, 9.584433555603027, 9.571000099182129, 9.54880142211914, 9.511310577392578, 9.47070026397705, 9.470643997192383, 9.443403244018555, 9.441113471984863, 9.423971176147461, 9.402182579040527, 9.379789352416992, 9.358499526977539, 9.386676788330078, 9.300317764282227, 9.297564506530762, 9.237309455871582, 9.243824005126953, 9.185782432556152, 9.178723335266113, 9.183405876159668, 9.140520095825195, 9.127218246459961, 9.113534927368164, 9.090551376342773, 9.086282730102539, 8.914390563964844, 8.79345417022705, 8.723015785217285, 8.655121803283691, 8.591832160949707, 8.566313743591309, 8.484064102172852, 8.455083847045898, 8.38196086883545, 8.192543983459473, 8.097017288208008, 8.03895378112793, 7.992419242858887, 7.955059051513672, 7.894192695617676, 7.8463053703308105, 7.808465003967285, 7.759305000305176, 7.744081020355225, 7.716474533081055, 7.675113677978516, 7.654109954833984, 7.605788707733154, 7.5899529457092285, 7.548576354980469, 7.538708686828613, 7.5153584480285645, 7.480334758758545, 7.48533296585083, 7.477291107177734, 7.441500186920166, 7.43922758102417, 7.423201084136963, 7.41298770904541, 7.410403251647949, 7.389769077301025, 7.359879493713379, 7.349701881408691, 7.346512317657471, 7.350686073303223, 7.341635704040527, 7.3443098068237305, 7.3242998123168945, 7.31532621383667, 7.301124095916748, 7.300426959991455], "best_val_epoch": 100, "model": "AE_sound", "lr": 0.0001, "batch_size": 256, "context": "15"}