{"iter": 7, "val_mses": [12.309004783630371, 11.876617431640625, 11.441116333007812, 11.402458190917969, 11.269037246704102, 11.25031566619873, 11.333446502685547, 11.199882507324219, 11.138839721679688, 11.099971771240234, 11.200389862060547, 11.219964027404785, 11.073448181152344, 11.103880882263184, 10.96646785736084, 11.04822826385498, 11.66823673248291, 11.036906242370605, 10.962271690368652, 10.94898796081543, 10.97084903717041, 11.0380859375, 10.87181282043457, 10.966733932495117, 10.951149940490723, 10.934389114379883, 10.940352439880371, 10.872057914733887, 10.987439155578613, 10.86672306060791, 10.840370178222656, 10.895537376403809, 10.838827133178711, 11.14795207977295, 10.840563774108887, 10.892897605895996, 10.78274154663086, 10.780360221862793, 10.802130699157715, 10.729446411132812, 10.752805709838867, 10.78194808959961, 11.09895133972168, 12.028974533081055, 10.79211711883545, 10.756072998046875, 10.749104499816895, 10.72352409362793, 10.77710247039795, 10.78691577911377, 10.645094871520996, 10.753483772277832, 10.868437767028809, 10.98268985748291, 10.691641807556152, 10.681353569030762, 10.68098258972168, 10.679551124572754, 10.698763847351074, 10.661880493164062, 10.690169334411621, 10.693692207336426, 10.783930778503418, 10.620670318603516, 10.706009864807129, 10.677756309509277, 10.6956205368042, 10.649266242980957, 11.266579627990723, 10.66440200805664, 10.676602363586426, 10.655158996582031, 10.732353210449219, 10.610127449035645, 10.46920108795166, 10.425381660461426, 10.37839126586914, 10.344487190246582, 10.300946235656738, 10.344382286071777, 10.311860084533691, 10.249320030212402, 10.29010009765625, 10.308117866516113, 10.28238296508789, 10.383811950683594, 10.192242622375488, 10.230291366577148, 10.159749984741211, 10.16700267791748, 10.240818977355957, 10.301316261291504, 10.356985092163086, 10.182822227478027, 10.450275421142578, 10.189302444458008, 10.207788467407227, 10.186591148376465, 10.209675788879395, 10.17817497253418], "best_val_epoch": 89, "model": "AE_sound", "lr": 0.0001, "batch_size": 256, "context": "4"}