{"iter": 9, "val_mses": [16.965072631835938, 14.385891914367676, 11.516788482666016, 11.001699447631836, 10.514151573181152, 10.159507751464844, 10.089338302612305, 10.027320861816406, 9.967757225036621, 9.885392189025879, 9.791851997375488, 9.656115531921387, 9.555241584777832, 9.43622875213623, 9.376317024230957, 9.291223526000977, 9.287310600280762, 9.20223331451416, 9.227614402770996, 9.180699348449707, 9.148262977600098, 9.11092472076416, 9.02813720703125, 8.957021713256836, 8.886165618896484, 8.903814315795898, 8.848374366760254, 8.791868209838867, 8.78366470336914, 8.784513473510742, 8.742752075195312, 8.732352256774902, 8.707262992858887, 8.713515281677246, 8.717100143432617, 8.671090126037598, 8.658881187438965, 8.644214630126953, 8.593693733215332, 8.589353561401367, 8.605976104736328, 8.594332695007324, 8.568177223205566, 8.57967758178711, 8.5486421585083, 8.549967765808105, 8.540701866149902, 8.5084867477417, 8.462689399719238, 8.463756561279297, 8.437178611755371, 8.42939567565918, 8.420182228088379, 8.409704208374023, 8.41169261932373, 8.400372505187988, 8.378594398498535, 8.376583099365234, 8.390386581420898, 8.359871864318848, 8.319157600402832, 8.335378646850586, 8.352210998535156, 8.319830894470215, 8.311605453491211, 8.30915355682373, 8.302994728088379, 8.308248519897461, 8.284333229064941, 8.277461051940918, 8.287877082824707, 8.251813888549805, 8.265832901000977, 8.25502872467041, 8.275501251220703, 8.262871742248535, 8.256131172180176, 8.223804473876953, 8.21528434753418, 8.225666999816895, 8.197661399841309, 8.188353538513184, 8.21901798248291, 8.211282730102539, 8.182211875915527, 8.17773723602295, 8.138422966003418, 7.974015235900879, 7.907526969909668, 7.848679542541504, 7.834937572479248, 7.827463626861572, 7.806751728057861, 7.789299964904785, 7.779345512390137, 7.78235387802124, 7.741191387176514, 7.733171463012695, 7.731581687927246, 7.714507579803467], "best_val_epoch": 100, "model": "AE_sound", "lr": 0.0001, "batch_size": 256, "context": "14"}