{"iter": 6, "val_mses": [16.313926696777344, 14.421979904174805, 12.851752281188965, 11.32565689086914, 10.633444786071777, 10.444201469421387, 10.292902946472168, 10.182476997375488, 10.031304359436035, 9.943549156188965, 9.881068229675293, 9.831249237060547, 9.730941772460938, 9.691516876220703, 9.61770248413086, 9.540081977844238, 9.464591979980469, 9.407181739807129, 9.34139633178711, 9.26552677154541, 9.21420955657959, 9.12173080444336, 9.06152629852295, 9.008401870727539, 8.95472240447998, 8.915401458740234, 8.888209342956543, 8.852856636047363, 8.783573150634766, 8.781770706176758, 8.76818561553955, 8.698848724365234, 8.682830810546875, 8.676082611083984, 8.662276268005371, 8.621325492858887, 8.596930503845215, 8.561901092529297, 8.583642959594727, 8.536955833435059, 8.525981903076172, 8.526805877685547, 8.539612770080566, 8.50130844116211, 8.48535442352295, 8.490924835205078, 8.472644805908203, 8.452179908752441, 8.43776798248291, 8.444751739501953, 8.428657531738281, 8.425846099853516, 8.429886817932129, 8.39180850982666, 8.38413143157959, 8.355216026306152, 8.367106437683105, 8.347359657287598, 8.35157585144043, 8.34349250793457, 8.337620735168457, 8.310860633850098, 8.324636459350586, 8.295512199401855, 8.309404373168945, 8.295761108398438, 8.290124893188477, 8.25003433227539, 8.278077125549316, 8.241012573242188, 8.209953308105469, 8.06113338470459, 8.005663871765137, 7.958290100097656, 7.936347007751465, 7.952397346496582, 7.900177955627441, 7.89835262298584, 7.853332996368408, 7.845673084259033, 7.845644474029541, 7.820828437805176, 7.809874534606934, 7.807751655578613, 7.777796268463135, 7.760260581970215, 7.74278450012207, 7.741752624511719, 7.720319747924805, 7.700505256652832, 7.706515312194824, 7.693127155303955, 7.715559005737305, 7.675027847290039, 7.68571662902832, 7.66664981842041, 7.667004585266113, 7.656765937805176, 7.6399760246276855, 7.616805553436279], "best_val_epoch": 100, "model": "AE_sound", "lr": 0.0001, "batch_size": 256, "context": "12"}