{"iter": 10, "val_mses": [8.608955383300781, 8.57188892364502, 7.671750068664551, 7.300877094268799, 7.091496467590332, 7.015932083129883, 6.970478057861328, 6.915674686431885, 6.8614020347595215, 6.843465328216553, 6.795339584350586, 6.753820896148682, 6.688292026519775, 6.6711015701293945, 6.622632026672363, 6.594799518585205, 6.528072357177734, 6.566464900970459, 6.511292934417725, 6.491821765899658, 6.449657917022705, 6.456988334655762, 6.429861545562744, 6.420218467712402, 6.397890090942383, 6.403547286987305, 6.405062675476074, 6.3957133293151855, 6.3968048095703125, 6.3470940589904785, 6.322021007537842, 6.282005786895752, 6.302966117858887, 6.271333694458008, 6.237573146820068, 6.258467197418213, 6.225356578826904, 6.197216510772705, 6.230276584625244, 6.207080841064453, 6.1979241371154785, 6.181755065917969, 6.22312068939209, 6.174708366394043, 6.146043300628662, 6.1849541664123535, 6.148488521575928, 6.188662528991699, 6.16103458404541, 6.128669738769531, 6.164047718048096, 6.139255046844482, 6.160522937774658, 6.106486797332764, 6.125086307525635, 6.1758198738098145, 6.151108741760254, 6.150339126586914, 6.16577672958374, 6.107822895050049, 6.113563060760498, 6.067249298095703, 6.101101875305176, 6.118441581726074, 6.123839855194092, 6.08814001083374, 6.074927806854248, 6.074041366577148, 6.074037075042725, 6.094123363494873, 6.10978889465332, 6.082231044769287, 6.0670976638793945, 6.103209972381592, 6.053895950317383, 6.061413288116455, 6.090871810913086, 6.093366622924805, 6.068215370178223, 6.049678325653076, 6.048199653625488, 6.090672969818115, 6.032925605773926, 6.050346374511719, 6.041267395019531, 6.0431060791015625, 6.0685133934021, 6.031739234924316, 6.064873218536377, 6.026793479919434, 5.958881378173828, 5.917058944702148, 5.881998062133789, 5.892947196960449, 5.87171745300293, 5.888411045074463, 5.8509297370910645, 5.864694118499756, 5.8437957763671875, 5.840921878814697], "best_val_epoch": 100, "model": "AE_sound", "lr": 0.0001, "batch_size": 256, "context": "3"}