{"iter": 6, "val_mses": [17.305849075317383, 14.116923332214355, 13.922224044799805, 13.45065689086914, 13.370270729064941, 13.501206398010254, 13.190286636352539, 12.85037899017334, 12.256338119506836, 12.221365928649902, 12.364002227783203, 12.268603324890137, 12.144988059997559, 12.063543319702148, 12.143479347229004, 11.98826789855957, 11.90372085571289, 11.880732536315918, 11.73770523071289, 11.788986206054688, 11.574856758117676, 11.557625770568848, 11.601678848266602, 11.42892837524414, 11.335354804992676, 11.44710636138916, 11.464486122131348, 11.296845436096191, 11.258503913879395, 11.21189022064209, 11.339338302612305, 11.352093696594238, 11.264557838439941, 11.150346755981445, 11.110494613647461, 11.104048728942871, 11.152461051940918, 10.993138313293457, 11.0308256149292, 11.002490043640137, 11.056852340698242, 11.062457084655762, 10.863216400146484, 10.89653491973877, 10.992316246032715, 10.887502670288086, 10.898201942443848, 10.787378311157227, 10.85673713684082, 10.781447410583496, 10.925472259521484, 10.731735229492188, 10.75865364074707, 10.766161918640137, 10.898079872131348, 10.749678611755371, 10.855173110961914, 10.704984664916992, 10.643960952758789, 10.669068336486816, 10.662849426269531, 10.64132022857666, 10.81532096862793, 10.335491180419922, 10.134561538696289, 10.86769962310791, 10.281354904174805, 10.143681526184082, 10.030638694763184, 10.008834838867188, 9.927858352661133, 10.739516258239746, 10.046225547790527, 9.879220008850098, 9.878366470336914, 9.924001693725586, 9.861641883850098, 9.892914772033691, 10.89773941040039, 9.820656776428223, 9.70255184173584, 9.681463241577148, 9.816901206970215, 9.687468528747559, 9.94809341430664, 9.626154899597168, 9.689068794250488, 10.605902671813965, 9.608551979064941, 9.605557441711426, 9.729290962219238, 9.589363098144531, 9.915029525756836, 9.605082511901855, 9.556883811950684, 9.540328025817871, 9.524727821350098, 9.599311828613281, 9.481928825378418, 9.49034309387207], "best_val_epoch": 99, "model": "AE_sound", "lr": 0.0001, "batch_size": 256, "context": "9"}