{"iter": 9, "val_mses": [9.395951271057129, 7.005837440490723, 6.915236473083496, 6.520747184753418, 6.444685935974121, 6.375549793243408, 6.3153910636901855, 6.289347171783447, 6.2777934074401855, 6.267003059387207, 6.259533882141113, 6.230136394500732, 6.228054046630859, 6.22288179397583, 6.2028350830078125, 6.191929817199707, 6.175863265991211, 6.1582841873168945, 6.140589714050293, 6.101902008056641, 6.066212177276611, 6.056779861450195, 6.041412830352783, 6.0224223136901855, 6.016406536102295, 6.004812240600586, 6.003264904022217, 5.990741729736328, 5.987627983093262, 5.972189426422119, 5.9080986976623535, 5.88550329208374, 5.882999420166016, 5.85899543762207, 5.845165252685547, 5.842993259429932, 5.827724456787109, 5.818327903747559, 5.811391830444336, 5.802959442138672, 5.805660247802734, 5.802994251251221, 5.793591499328613, 5.78012752532959, 5.781631946563721, 5.7705769538879395, 5.778680801391602, 5.763762474060059, 5.76315450668335, 5.767367839813232, 5.754542827606201, 5.756931781768799, 5.756159782409668, 5.756682872772217, 5.751452445983887, 5.745652198791504, 5.749444007873535, 5.740525245666504, 5.744068145751953, 5.7387919425964355, 5.737698078155518, 5.7382354736328125, 5.736188888549805, 5.729846000671387, 5.730307102203369, 5.7237982749938965, 5.727785587310791, 5.723574161529541, 5.720559597015381, 5.718418121337891, 5.719397068023682, 5.717215538024902, 5.719083309173584, 5.729238986968994, 5.716367721557617, 5.71195650100708, 5.711708068847656, 5.717963218688965, 5.706065654754639, 5.718551158905029, 5.7113447189331055, 5.714946746826172, 5.710577964782715, 5.702668190002441, 5.705066204071045, 5.709104537963867, 5.704578399658203, 5.702548503875732, 5.700681686401367, 5.702015399932861, 5.700953960418701, 5.690803527832031, 5.701236724853516, 5.696002006530762, 5.69474458694458, 5.695528030395508, 5.695728778839111, 5.691859722137451, 5.68969202041626, 5.69433069229126], "best_val_epoch": 99, "model": "AE_sound", "lr": 0.0001, "batch_size": 256, "context": "2"}