{"iter": 9, "val_mses": [20.174083709716797, 14.93602180480957, 13.115252494812012, 11.60417366027832, 11.126766204833984, 10.792677879333496, 10.294598579406738, 10.060898780822754, 9.737613677978516, 9.524686813354492, 9.462779998779297, 9.404166221618652, 9.34335708618164, 9.2859525680542, 9.24321460723877, 9.199739456176758, 9.150909423828125, 9.060147285461426, 9.006281852722168, 8.948103904724121, 8.885225296020508, 8.83251953125, 8.791818618774414, 8.756403923034668, 8.699668884277344, 8.63098430633545, 8.579862594604492, 8.521185874938965, 8.48864459991455, 8.467048645019531, 8.437719345092773, 8.400843620300293, 8.397735595703125, 8.379201889038086, 8.358569145202637, 8.316892623901367, 8.271032333374023, 8.244522094726562, 8.23316478729248, 8.220930099487305, 8.201188087463379, 8.178803443908691, 8.169282913208008, 8.151368141174316, 8.140475273132324, 8.125659942626953, 8.118447303771973, 8.104308128356934, 8.088770866394043, 8.068777084350586, 8.084624290466309, 8.054433822631836, 8.037335395812988, 8.02518367767334, 8.013466835021973, 8.011962890625, 8.001505851745605, 7.962793350219727, 7.951956272125244, 7.937616348266602, 7.9036688804626465, 7.87601375579834, 7.869699478149414, 7.852604389190674, 7.840710163116455, 7.836315155029297, 7.829345226287842, 7.834776878356934, 7.81948184967041, 7.817226409912109, 7.820352554321289, 7.801438808441162, 7.793328285217285, 7.784290790557861, 7.785828113555908, 7.777891159057617, 7.764549732208252, 7.750494480133057, 7.742055892944336, 7.729294300079346, 7.732665538787842, 7.714670181274414, 7.717109680175781, 7.711267948150635, 7.712307929992676, 7.696646213531494, 7.688650608062744, 7.703144073486328, 7.675023078918457, 7.675971031188965, 7.6684794425964355, 7.671428680419922, 7.6544647216796875, 7.657197952270508, 7.668768405914307, 7.654056549072266, 7.6356892585754395, 7.625858783721924, 7.615836143493652, 7.641826152801514], "best_val_epoch": 99, "model": "AE_sound", "lr": 0.0001, "batch_size": 256, "context": "15"}