{"iter": 9, "val_mses": [18.83900260925293, 13.918136596679688, 12.627574920654297, 11.856682777404785, 10.98415756225586, 10.051482200622559, 9.861680030822754, 9.64871597290039, 9.624557495117188, 9.550697326660156, 9.457343101501465, 9.317070960998535, 9.204105377197266, 9.211798667907715, 9.1907320022583, 9.10006046295166, 9.127456665039062, 9.06695556640625, 9.107787132263184, 9.070138931274414, 9.035222053527832, 9.018375396728516, 8.999706268310547, 8.989316940307617, 8.95956802368164, 8.934453010559082, 8.92835807800293, 8.926424026489258, 8.884899139404297, 8.872462272644043, 8.873462677001953, 8.800309181213379, 8.800329208374023, 8.754931449890137, 8.777771949768066, 8.711648941040039, 8.71095085144043, 8.636506080627441, 8.63900089263916, 8.653142929077148, 8.612194061279297, 8.568099021911621, 8.58203411102295, 8.547204971313477, 8.552868843078613, 8.537773132324219, 8.535293579101562, 8.485196113586426, 8.473106384277344, 8.426753997802734, 8.418757438659668, 8.442205429077148, 8.420969009399414, 8.35962200164795, 8.3505277633667, 8.407096862792969, 8.390471458435059, 8.355483055114746, 8.348942756652832, 8.359261512756348, 8.342757225036621, 8.356094360351562, 8.34056568145752, 8.335352897644043, 8.36727523803711, 8.332310676574707, 8.334504127502441, 8.304359436035156, 8.326986312866211, 8.323149681091309, 8.290745735168457, 8.2908296585083, 8.315132141113281, 8.315390586853027, 8.272509574890137, 8.263705253601074, 8.249869346618652, 8.25497055053711, 8.219696998596191, 8.2631254196167, 8.268234252929688, 8.252055168151855, 8.214282035827637, 8.231447219848633, 8.22615909576416, 8.245041847229004, 8.250917434692383, 8.257771492004395, 8.204557418823242, 8.195185661315918, 8.229805946350098, 8.175711631774902, 8.200672149658203, 8.158276557922363, 8.176840782165527, 8.167202949523926, 8.185479164123535, 8.152091979980469, 8.179104804992676, 8.171653747558594], "best_val_epoch": 98, "model": "AE_sound", "lr": 0.0001, "batch_size": 256, "context": "11"}