{"iter": 8, "val_mses": [8.197728157043457, 6.583910942077637, 6.3509087562561035, 6.25167989730835, 6.080689907073975, 5.962251663208008, 5.931509494781494, 5.903599739074707, 5.87204122543335, 5.845105171203613, 5.82493782043457, 5.818207740783691, 5.800144672393799, 5.785394668579102, 5.772531986236572, 5.75201416015625, 5.731629371643066, 5.728262424468994, 5.718834400177002, 5.711594104766846, 5.704320907592773, 5.7039337158203125, 5.699098587036133, 5.695790767669678, 5.697357177734375, 5.691100597381592, 5.680861949920654, 5.661343097686768, 5.6488356590271, 5.610620498657227, 5.59559440612793, 5.586732864379883, 5.578371524810791, 5.569049835205078, 5.556885719299316, 5.559564590454102, 5.549042701721191, 5.552709102630615, 5.542388916015625, 5.536896705627441, 5.5307536125183105, 5.529465675354004, 5.5275139808654785, 5.528929233551025, 5.518534183502197, 5.5169525146484375, 5.514030456542969, 5.508124351501465, 5.509300708770752, 5.510560035705566, 5.505339622497559, 5.501933574676514, 5.5026750564575195, 5.498650550842285, 5.508317947387695, 5.5014872550964355, 5.498340606689453, 5.492201805114746, 5.490108489990234, 5.49051570892334, 5.492338180541992, 5.488974094390869, 5.488707065582275, 5.486587047576904, 5.482003688812256, 5.478957653045654, 5.476953029632568, 5.4758219718933105, 5.481282711029053, 5.47102689743042, 5.47001314163208, 5.4654412269592285, 5.468352317810059, 5.461935043334961, 5.454626560211182, 5.453564167022705, 5.447459697723389, 5.447673797607422, 5.442768096923828, 5.440279483795166, 5.433265686035156, 5.435070991516113, 5.426150798797607, 5.42909049987793, 5.425516605377197, 5.424143314361572, 5.415131568908691, 5.420519828796387, 5.413171768188477, 5.409008979797363, 5.410264492034912, 5.413547515869141, 5.406485557556152, 5.407181739807129, 5.409703254699707, 5.402921676635742, 5.40151309967041, 5.398715972900391, 5.397236347198486, 5.397866249084473], "best_val_epoch": 99, "model": "AE_sound", "lr": 0.0001, "batch_size": 256, "context": "2"}