{"iter": 8, "val_mses": [12.056292533874512, 11.316020965576172, 10.749995231628418, 10.587115287780762, 10.632939338684082, 10.641962051391602, 10.506674766540527, 10.493021965026855, 10.337760925292969, 10.257962226867676, 10.202300071716309, 10.217020988464355, 10.111547470092773, 9.99815559387207, 9.937503814697266, 9.860006332397461, 9.85927677154541, 9.751148223876953, 9.742588996887207, 9.708931922912598, 9.744682312011719, 9.713358879089355, 9.5247220993042, 9.424229621887207, 9.298284530639648, 9.323346138000488, 9.229511260986328, 9.212936401367188, 9.194372177124023, 9.152547836303711, 9.09322738647461, 9.130159378051758, 9.12017822265625, 9.094582557678223, 9.12932300567627, 9.11391544342041, 9.091647148132324, 9.058919906616211, 9.047760009765625, 9.072321891784668, 9.018529891967773, 9.054457664489746, 9.038732528686523, 9.012292861938477, 9.033695220947266, 8.989858627319336, 8.97432804107666, 9.042920112609863, 8.93813419342041, 8.94197940826416, 8.903617858886719, 8.988117218017578, 8.886358261108398, 8.914266586303711, 8.951096534729004, 8.912885665893555, 8.85323429107666, 8.877634048461914, 8.890355110168457, 8.87576961517334, 8.851777076721191, 8.827415466308594, 8.812448501586914, 8.808873176574707, 8.839879989624023, 8.81309700012207, 8.836834907531738, 8.794065475463867, 8.807581901550293, 8.810949325561523, 8.782125473022461, 8.832837104797363, 8.7818021774292, 8.801685333251953, 8.80355453491211, 8.842350006103516, 8.791117668151855, 8.811710357666016, 8.782898902893066, 8.792880058288574, 8.794447898864746, 8.78482723236084, 8.809197425842285, 8.764860153198242, 8.791218757629395, 8.726094245910645, 8.76413345336914, 8.792426109313965, 8.824499130249023, 8.757140159606934, 8.77904224395752, 8.79203987121582, 8.673770904541016, 8.72380256652832, 8.733859062194824, 8.784163475036621, 8.793221473693848, 8.710685729980469, 8.707961082458496, 8.716180801391602], "best_val_epoch": 93, "model": "AE_sound", "lr": 0.0001, "batch_size": 256, "context": "6"}