{"iter": 4, "val_mses": [7.3832831382751465, 7.2207722663879395, 6.652737140655518, 6.252312660217285, 6.046063423156738, 5.964678764343262, 5.8859381675720215, 5.770349502563477, 5.711752414703369, 5.686190605163574, 5.632896423339844, 5.590463638305664, 5.582451820373535, 5.584268093109131, 5.572141647338867, 5.57643985748291, 5.571507453918457, 5.5572686195373535, 5.560240745544434, 5.5414509773254395, 5.549714088439941, 5.5403361320495605, 5.529424667358398, 5.524261474609375, 5.5332183837890625, 5.529740810394287, 5.5199294090271, 5.514331340789795, 5.517890930175781, 5.509861946105957, 5.502321243286133, 5.523158550262451, 5.490110874176025, 5.490368843078613, 5.496912479400635, 5.490629196166992, 5.496727466583252, 5.489051818847656, 5.492284297943115, 5.476315498352051, 5.470183849334717, 5.4744648933410645, 5.472951412200928, 5.486353397369385, 5.47201681137085, 5.469203472137451, 5.469724655151367, 5.461886882781982, 5.474574089050293, 5.466192245483398, 5.467841625213623, 5.468668460845947, 5.472224235534668, 5.462352752685547, 5.466442108154297, 5.4533610343933105, 5.459907531738281, 5.4599199295043945, 5.472590446472168, 5.458711624145508, 5.441832542419434, 5.4402337074279785, 5.4512505531311035, 5.4509758949279785, 5.443032264709473, 5.448728561401367, 5.445207118988037, 5.4399495124816895, 5.449668884277344, 5.457459926605225, 5.427488803863525, 5.441542148590088, 5.4418439865112305, 5.457300186157227, 5.445575714111328, 5.436002254486084, 5.440585613250732, 5.440390586853027, 5.4282426834106445, 5.432845115661621, 5.42522668838501, 5.426794052124023, 5.42628288269043, 5.426144599914551, 5.420215606689453, 5.416991233825684, 5.420312404632568, 5.412746906280518, 5.417459011077881, 5.416565418243408, 5.413127422332764, 5.411766529083252, 5.410173416137695, 5.411770343780518, 5.406094551086426, 5.4031805992126465, 5.4079365730285645, 5.40389347076416, 5.3906636238098145, 5.404455184936523], "best_val_epoch": 99, "model": "AE_sound", "lr": 0.0001, "batch_size": 256, "context": "1"}