{"iter": 5, "val_mses": [22.978404998779297, 19.59543800354004, 15.816983222961426, 13.52087116241455, 12.472511291503906, 12.365198135375977, 12.242755889892578, 11.927961349487305, 11.366718292236328, 10.940800666809082, 10.662467002868652, 10.526494026184082, 10.381080627441406, 10.262741088867188, 10.143019676208496, 10.025763511657715, 9.953959465026855, 9.829362869262695, 9.779208183288574, 9.735360145568848, 9.681214332580566, 9.5896577835083, 9.54590129852295, 9.488784790039062, 9.46812915802002, 9.407876968383789, 9.356459617614746, 9.338298797607422, 9.242303848266602, 9.245627403259277, 9.195565223693848, 9.192211151123047, 9.143036842346191, 9.123894691467285, 9.094758987426758, 9.076126098632812, 9.045990943908691, 9.009572982788086, 9.022405624389648, 8.987369537353516, 8.977949142456055, 8.921260833740234, 8.916831016540527, 8.92514705657959, 8.90694808959961, 8.880072593688965, 8.862791061401367, 8.895588874816895, 8.861437797546387, 8.848350524902344, 8.854520797729492, 8.812853813171387, 8.826539993286133, 8.833100318908691, 8.804373741149902, 8.799830436706543, 8.764017105102539, 8.775364875793457, 8.776704788208008, 8.791885375976562, 8.751596450805664, 8.746073722839355, 8.749619483947754, 8.74613094329834, 8.753320693969727, 8.73104190826416, 8.736318588256836, 8.70752239227295, 8.743744850158691, 8.689857482910156, 8.714295387268066, 8.703798294067383, 8.684870719909668, 8.6818208694458, 8.6727933883667, 8.683844566345215, 8.671648025512695, 8.690971374511719, 8.665779113769531, 8.651619911193848, 8.637097358703613, 8.637413024902344, 8.628802299499512, 8.63492202758789, 8.632177352905273, 8.635597229003906, 8.645862579345703, 8.634686470031738, 8.608442306518555, 8.587060928344727, 8.593881607055664, 8.642353057861328, 8.58508586883545, 8.625869750976562, 8.590493202209473, 8.613997459411621, 8.560171127319336, 8.550790786743164, 8.573946952819824, 8.534798622131348], "best_val_epoch": 100, "model": "AE_sound", "lr": 0.0001, "batch_size": 256, "context": "10"}