{"iter": 7, "val_mses": [15.497856140136719, 12.161666870117188, 11.90233325958252, 10.991634368896484, 10.282674789428711, 9.890658378601074, 9.765814781188965, 9.767782211303711, 9.648357391357422, 9.60216999053955, 9.561964988708496, 9.473686218261719, 9.342808723449707, 9.303702354431152, 9.254638671875, 9.190723419189453, 9.181157112121582, 9.23208236694336, 9.190221786499023, 9.13917350769043, 9.195801734924316, 9.165078163146973, 9.202977180480957, 9.140152931213379, 9.14844036102295, 9.080225944519043, 9.166511535644531, 9.106742858886719, 9.155413627624512, 9.130131721496582, 9.169988632202148, 9.076309204101562, 9.069920539855957, 9.080727577209473, 9.054391860961914, 9.045770645141602, 9.050310134887695, 9.074687957763672, 8.9942045211792, 8.99925708770752, 9.024117469787598, 8.971596717834473, 8.978860855102539, 8.957737922668457, 8.972375869750977, 8.994858741760254, 9.074195861816406, 9.0444917678833, 8.967353820800781, 8.942703247070312, 9.016270637512207, 8.991796493530273, 8.928728103637695, 8.999784469604492, 8.928387641906738, 9.008170127868652, 8.953790664672852, 8.995505332946777, 8.949518203735352, 8.93578052520752, 8.956803321838379, 8.916282653808594, 8.948410987854004, 8.960356712341309, 8.91748332977295, 8.966279983520508, 8.914554595947266, 8.892254829406738, 8.953523635864258, 8.951810836791992, 8.875337600708008, 8.922847747802734, 8.850783348083496, 8.844829559326172, 8.875740051269531, 8.872426986694336, 8.838167190551758, 8.806985855102539, 8.80282211303711, 8.860527992248535, 8.805304527282715, 8.804722785949707, 8.791638374328613, 8.791303634643555, 8.80417251586914, 8.788274765014648, 8.799546241760254, 8.770425796508789, 8.78501033782959, 8.775561332702637, 8.793405532836914, 8.733694076538086, 8.778056144714355, 8.747228622436523, 8.724244117736816, 8.787155151367188, 8.745863914489746, 8.712811470031738, 8.666717529296875, 8.753512382507324], "best_val_epoch": 99, "model": "AE_sound", "lr": 0.0001, "batch_size": 256, "context": "6"}