{"iter": 8, "val_mses": [14.257390975952148, 10.093114852905273, 9.44941520690918, 9.152416229248047, 9.075655937194824, 8.866931915283203, 8.773292541503906, 8.729086875915527, 8.6917142868042, 8.6454496383667, 8.555015563964844, 8.482945442199707, 8.43469524383545, 8.367990493774414, 8.316489219665527, 8.26541805267334, 8.222908973693848, 8.211153984069824, 8.11117172241211, 8.01284408569336, 7.957591533660889, 7.919370174407959, 7.889133453369141, 7.861047267913818, 7.828789710998535, 7.819464683532715, 7.78181791305542, 7.76371955871582, 7.724893093109131, 7.71693229675293, 7.666053771972656, 7.655801773071289, 7.632290840148926, 7.601318836212158, 7.582129955291748, 7.5894975662231445, 7.558722019195557, 7.555520057678223, 7.527368068695068, 7.522716045379639, 7.506537437438965, 7.487687110900879, 7.468306064605713, 7.446691989898682, 7.460982322692871, 7.462863922119141, 7.442402362823486, 7.430713176727295, 7.428472995758057, 7.417149543762207, 7.405559062957764, 7.399357795715332, 7.3882060050964355, 7.38886022567749, 7.402277946472168, 7.377224922180176, 7.3718671798706055, 7.350500583648682, 7.345824718475342, 7.323604583740234, 7.329920768737793, 7.334721565246582, 7.329383373260498, 7.310254096984863, 7.309474468231201, 7.298584938049316, 7.292850971221924, 7.285306453704834, 7.280621528625488, 7.2733378410339355, 7.254408359527588, 7.267705917358398, 7.260466575622559, 7.240880966186523, 7.253405570983887, 7.234527587890625, 7.231279373168945, 7.219091415405273, 7.216395378112793, 7.2114105224609375, 7.2090983390808105, 7.205754280090332, 7.199297904968262, 7.204635143280029, 7.192598819732666, 7.194555759429932, 7.188977241516113, 7.191102027893066, 7.1625657081604, 7.165596961975098, 7.1604108810424805, 7.148959159851074, 7.104122161865234, 7.055711269378662, 7.027877330780029, 7.010292053222656, 6.992283821105957, 7.005473613739014, 6.968454360961914, 6.961675643920898], "best_val_epoch": 100, "model": "AE_sound", "lr": 0.0001, "batch_size": 256, "context": "9"}