{"iter": 7, "val_mses": [14.663928985595703, 11.394390106201172, 9.982126235961914, 9.78268814086914, 9.462985038757324, 9.38162612915039, 9.357446670532227, 9.299943923950195, 9.265862464904785, 9.203821182250977, 9.121891021728516, 9.014196395874023, 8.948287010192871, 8.782057762145996, 8.692021369934082, 8.66675090789795, 8.617990493774414, 8.566869735717773, 8.529521942138672, 8.492152214050293, 8.423270225524902, 8.385624885559082, 8.33576774597168, 8.310303688049316, 8.284119606018066, 8.252363204956055, 8.232498168945312, 8.210766792297363, 8.213333129882812, 8.185784339904785, 8.190974235534668, 8.174436569213867, 8.172698020935059, 8.185518264770508, 8.1487398147583, 8.133687973022461, 8.130467414855957, 8.106572151184082, 8.089162826538086, 8.07500171661377, 8.044264793395996, 8.031058311462402, 8.011006355285645, 7.982553958892822, 7.96093225479126, 7.9365644454956055, 7.9266157150268555, 7.915036678314209, 7.930006980895996, 7.863670825958252, 7.829474449157715, 7.829775810241699, 7.801339149475098, 7.780401229858398, 7.78455114364624, 7.737712383270264, 7.750557899475098, 7.710947513580322, 7.726527214050293, 7.694004535675049, 7.689091205596924, 7.678380489349365, 7.640967845916748, 7.643514633178711, 7.631160736083984, 7.619535446166992, 7.603745937347412, 7.593611717224121, 7.589668273925781, 7.568926811218262, 7.564042091369629, 7.555746078491211, 7.532966613769531, 7.533138751983643, 7.5232696533203125, 7.5037360191345215, 7.516242027282715, 7.507466793060303, 7.4812726974487305, 7.484756946563721, 7.474001407623291, 7.461906909942627, 7.4531779289245605, 7.443027019500732, 7.438968181610107, 7.434669017791748, 7.437585353851318, 7.418321132659912, 7.41364049911499, 7.434382438659668, 7.4002366065979, 7.390935897827148, 7.392135143280029, 7.3676862716674805, 7.400993824005127, 7.352885723114014, 7.373953342437744, 7.372561931610107, 7.348704814910889, 7.365302085876465], "best_val_epoch": 99, "model": "AE_sound", "lr": 0.0001, "batch_size": 256, "context": "9"}