{"iter": 6, "val_mses": [16.633230209350586, 10.911775588989258, 9.041897773742676, 9.105917930603027, 8.947284698486328, 8.917803764343262, 8.862208366394043, 8.904875755310059, 8.70837688446045, 8.66603946685791, 8.561934471130371, 8.618509292602539, 8.57966136932373, 8.563020706176758, 8.557036399841309, 8.621856689453125, 8.579702377319336, 8.4780912399292, 8.422564506530762, 8.394245147705078, 8.293766975402832, 8.246683120727539, 8.253457069396973, 8.276337623596191, 8.199053764343262, 8.183112144470215, 8.111209869384766, 8.12856674194336, 8.079682350158691, 8.065600395202637, 7.986958026885986, 7.989354610443115, 7.985008239746094, 7.924325942993164, 7.898467063903809, 7.875250339508057, 7.846402168273926, 7.821457862854004, 7.804141044616699, 7.780186653137207, 7.767380237579346, 7.79491662979126, 7.767882823944092, 7.744076251983643, 7.749748229980469, 7.756312370300293, 7.7415361404418945, 7.700937747955322, 7.715970039367676, 7.692168712615967, 7.6603922843933105, 7.595755100250244, 7.578810214996338, 7.546376705169678, 7.511346340179443, 7.547499656677246, 7.502427101135254, 7.512981414794922, 7.469351291656494, 7.462737560272217, 7.415539264678955, 7.41713809967041, 7.394719123840332, 7.3665289878845215, 7.302878379821777, 7.340907573699951, 7.3327250480651855, 7.327569961547852, 7.3143720626831055, 7.298367023468018, 7.266367435455322, 7.263799667358398, 7.279290199279785, 7.219485282897949, 7.211216449737549, 7.251035213470459, 7.217169761657715, 7.254965782165527, 7.159346580505371, 7.20744514465332, 7.210739612579346, 7.199680805206299, 7.2087626457214355, 7.239293098449707, 7.178680896759033, 7.194793701171875, 7.178152084350586, 7.180482864379883, 7.166832447052002, 7.134302616119385, 7.124988555908203, 7.111307621002197, 7.125422477722168, 7.118950843811035, 7.1342058181762695, 7.166539669036865, 7.119139194488525, 7.125295162200928, 7.131117820739746, 7.081584930419922], "best_val_epoch": 100, "model": "AE_sound", "lr": 0.0001, "batch_size": 256, "context": "7"}