{"iter": 7, "val_mses": [19.148292541503906, 18.695039749145508, 13.403789520263672, 12.045791625976562, 11.006092071533203, 10.674044609069824, 10.589478492736816, 10.612995147705078, 10.52695083618164, 10.490900039672852, 10.506318092346191, 10.456387519836426, 10.441637992858887, 10.40725326538086, 10.390260696411133, 10.256345748901367, 10.251133918762207, 10.204416275024414, 10.158615112304688, 10.092416763305664, 10.011481285095215, 9.993810653686523, 10.010113716125488, 9.941217422485352, 9.951449394226074, 9.932494163513184, 9.908971786499023, 9.93109130859375, 9.879030227661133, 9.907221794128418, 9.795490264892578, 9.80529499053955, 9.774465560913086, 9.709783554077148, 9.707550048828125, 9.664541244506836, 9.607763290405273, 9.511479377746582, 9.556794166564941, 9.558022499084473, 9.51380729675293, 9.489898681640625, 9.459166526794434, 9.461302757263184, 9.497760772705078, 9.440888404846191, 9.394643783569336, 9.37566089630127, 9.403846740722656, 9.340658187866211, 9.366791725158691, 9.342072486877441, 9.340669631958008, 9.313776016235352, 9.286028861999512, 9.342113494873047, 9.30199146270752, 9.333728790283203, 9.238739013671875, 9.25935173034668, 9.274044036865234, 9.257485389709473, 9.236791610717773, 9.200714111328125, 9.196407318115234, 9.237835884094238, 9.222307205200195, 9.188589096069336, 9.170016288757324, 9.159911155700684, 9.171889305114746, 9.130270957946777, 9.152565002441406, 9.115693092346191, 9.096962928771973, 9.106327056884766, 9.112635612487793, 9.124234199523926, 9.06777572631836, 9.043597221374512, 9.0863037109375, 9.055390357971191, 9.016925811767578, 8.997865676879883, 8.954849243164062, 8.920136451721191, 8.918373107910156, 8.928173065185547, 8.892212867736816, 8.86832046508789, 8.8773832321167, 8.864762306213379, 8.838190078735352, 8.877790451049805, 8.845820426940918, 8.844035148620605, 8.86005687713623, 8.798623085021973, 8.835358619689941, 8.776116371154785], "best_val_epoch": 100, "model": "AE_sound", "lr": 0.0001, "batch_size": 256, "context": "11"}