{"iter": 5, "val_mses": [10.590078353881836, 8.57422161102295, 7.497770309448242, 7.137685775756836, 6.865927219390869, 6.794610500335693, 6.725110054016113, 6.615503311157227, 6.5888495445251465, 6.554444789886475, 6.543408393859863, 6.488436698913574, 6.479886531829834, 6.4427170753479, 6.403713703155518, 6.382768154144287, 6.296751022338867, 6.263929843902588, 6.2535271644592285, 6.216375350952148, 6.211390972137451, 6.189288139343262, 6.169322967529297, 6.155275344848633, 6.150655746459961, 6.114628791809082, 6.149707794189453, 6.116746425628662, 6.0853753089904785, 6.078319549560547, 6.0564165115356445, 6.031930923461914, 6.023378372192383, 6.010659694671631, 6.000716209411621, 6.001107692718506, 6.011045932769775, 5.976720809936523, 5.9601593017578125, 5.958187103271484, 5.935125827789307, 5.950096607208252, 5.949155807495117, 5.930274486541748, 5.927547454833984, 5.921109676361084, 5.9150471687316895, 5.897494792938232, 5.90531063079834, 5.895237445831299, 5.883995056152344, 5.887030124664307, 5.8714141845703125, 5.875685214996338, 5.870739459991455, 5.863256454467773, 5.876180171966553, 5.87111234664917, 5.886528968811035, 5.861637592315674, 5.8558349609375, 5.884978294372559, 5.853296279907227, 5.861408710479736, 5.873307704925537, 5.855788230895996, 5.861902713775635, 5.8608832359313965, 5.854891300201416, 5.845117092132568, 5.8638105392456055, 5.853800296783447, 5.847527503967285, 5.845824718475342, 5.8377366065979, 5.839629173278809, 5.838531970977783, 5.8456549644470215, 5.839621543884277, 5.854789733886719, 5.816272735595703, 5.8435869216918945, 5.851726531982422, 5.840290069580078, 5.876955986022949, 5.838879585266113, 5.834540367126465, 5.8447980880737305, 5.836389064788818, 5.826562404632568, 5.813103675842285, 5.8087544441223145, 5.8182196617126465, 5.862627029418945, 5.822007179260254, 5.816770553588867, 5.858530521392822, 5.81526517868042, 5.794274806976318, 5.8128228187561035], "best_val_epoch": 99, "model": "AE_sound", "lr": 0.0001, "batch_size": 256, "context": "3"}