{"iter": 10, "val_mses": [14.579486846923828, 9.728447914123535, 8.766233444213867, 8.632680892944336, 8.453875541687012, 8.358736038208008, 8.261130332946777, 8.153363227844238, 8.095075607299805, 8.130742073059082, 8.09130859375, 8.029319763183594, 7.985908031463623, 7.93300199508667, 7.876890182495117, 7.846096992492676, 7.787777423858643, 7.760715961456299, 7.731773376464844, 7.717484951019287, 7.688809871673584, 7.686517238616943, 7.657172679901123, 7.630988597869873, 7.613755702972412, 7.553059101104736, 7.511958122253418, 7.497897148132324, 7.470729827880859, 7.46364688873291, 7.4386420249938965, 7.432504653930664, 7.436450004577637, 7.403862476348877, 7.398584842681885, 7.394148826599121, 7.356837272644043, 7.346038341522217, 7.355633735656738, 7.337942600250244, 7.319877624511719, 7.291221618652344, 7.26699686050415, 7.247314929962158, 7.224740505218506, 7.22073221206665, 7.189788341522217, 7.187018871307373, 7.178230285644531, 7.1769232749938965, 7.168161869049072, 7.143959999084473, 7.168303966522217, 7.131163120269775, 7.132930278778076, 7.129923343658447, 7.139541149139404, 7.120709419250488, 7.106227874755859, 7.086917877197266, 7.09241247177124, 7.085991382598877, 7.08452844619751, 7.10959005355835, 7.067809104919434, 7.048943519592285, 7.035661697387695, 7.040342807769775, 7.030168533325195, 7.011345386505127, 7.016043186187744, 6.98958158493042, 6.994929313659668, 6.990712642669678, 6.993812561035156, 6.988433837890625, 6.974467754364014, 6.9722771644592285, 6.970386028289795, 6.957475185394287, 6.953351974487305, 6.964164733886719, 6.945029258728027, 6.9502739906311035, 6.945647716522217, 6.931591510772705, 6.930703163146973, 6.9410319328308105, 6.93118143081665, 6.919020652770996, 6.942169666290283, 6.904946327209473, 6.913362979888916, 6.893704414367676, 6.902231216430664, 6.908000946044922, 6.88323974609375, 6.9294209480285645, 6.896873950958252, 6.894228458404541], "best_val_epoch": 97, "model": "AE_sound", "lr": 0.0001, "batch_size": 256, "context": "9"}