{"iter": 4, "val_mses": [12.166590690612793, 8.982559204101562, 8.076359748840332, 7.929916858673096, 7.766275405883789, 7.3806633949279785, 7.087140083312988, 6.963416576385498, 6.79460334777832, 6.6767258644104, 6.548022747039795, 6.4573974609375, 6.373435020446777, 6.303852081298828, 6.242195129394531, 6.167457103729248, 6.133669376373291, 6.1090407371521, 6.078377723693848, 6.05900239944458, 6.059326648712158, 6.041192054748535, 6.03201961517334, 6.016212463378906, 6.019169807434082, 5.994480609893799, 5.986467361450195, 5.986074924468994, 5.976202011108398, 5.966098308563232, 5.950024604797363, 5.947145938873291, 5.9414825439453125, 5.92965030670166, 5.92184591293335, 5.914044380187988, 5.912546634674072, 5.899986743927002, 5.8987016677856445, 5.8895463943481445, 5.884625434875488, 5.877750873565674, 5.87099027633667, 5.868784427642822, 5.8676557540893555, 5.861775875091553, 5.846991539001465, 5.8472442626953125, 5.842775821685791, 5.835447788238525, 5.825170993804932, 5.812323093414307, 5.809388637542725, 5.802542209625244, 5.791930675506592, 5.79224967956543, 5.781853199005127, 5.786721706390381, 5.780594348907471, 5.775195121765137, 5.776397228240967, 5.765634059906006, 5.778481960296631, 5.768437385559082, 5.769772052764893, 5.762384414672852, 5.754071235656738, 5.758011817932129, 5.751647472381592, 5.747379302978516, 5.753327369689941, 5.750548362731934, 5.754034996032715, 5.752010345458984, 5.746415615081787, 5.737903594970703, 5.740091800689697, 5.738264560699463, 5.747168064117432, 5.739627838134766, 5.732839107513428, 5.741532325744629, 5.731540679931641, 5.7271013259887695, 5.724255561828613, 5.724562168121338, 5.716318130493164, 5.722602367401123, 5.721362113952637, 5.718295097351074, 5.7178263664245605, 5.716781139373779, 5.711158752441406, 5.713259220123291, 5.705526828765869, 5.705296993255615, 5.707568168640137, 5.704488754272461, 5.695144176483154, 5.696613311767578], "best_val_epoch": 99, "model": "AE_sound", "lr": 0.0001, "batch_size": 256, "context": "0"}