{"iter": 4, "val_mses": [9.647451400756836, 7.816708564758301, 7.06862735748291, 6.8643412590026855, 6.5344414710998535, 6.418575286865234, 6.332102298736572, 6.21566104888916, 6.20120906829834, 6.1941680908203125, 6.1864166259765625, 6.16513204574585, 6.156948566436768, 6.142426490783691, 6.102756500244141, 6.0697102546691895, 6.046472072601318, 6.011603832244873, 5.992835521697998, 5.966939449310303, 5.940845966339111, 5.927615642547607, 5.9071125984191895, 5.8980817794799805, 5.8863348960876465, 5.883102893829346, 5.882998466491699, 5.874415397644043, 5.868750095367432, 5.8579421043396, 5.854400634765625, 5.851684093475342, 5.855343341827393, 5.840062618255615, 5.842402935028076, 5.83773946762085, 5.8329644203186035, 5.828546524047852, 5.832857131958008, 5.813695430755615, 5.806187152862549, 5.804632663726807, 5.80179500579834, 5.792484283447266, 5.786004543304443, 5.781141757965088, 5.779369831085205, 5.770691871643066, 5.766925811767578, 5.755408763885498, 5.749240398406982, 5.743234157562256, 5.734493255615234, 5.726530075073242, 5.722664833068848, 5.717964172363281, 5.710227012634277, 5.709232807159424, 5.700920104980469, 5.693641662597656, 5.695505142211914, 5.692176818847656, 5.69329833984375, 5.691932678222656, 5.686390399932861, 5.681954860687256, 5.675753593444824, 5.687986373901367, 5.6772918701171875, 5.679432392120361, 5.675533771514893, 5.672442436218262, 5.669629096984863, 5.669961452484131, 5.6658711433410645, 5.670642375946045, 5.664936065673828, 5.662383079528809, 5.665350914001465, 5.660772323608398, 5.658609390258789, 5.658332347869873, 5.6516337394714355, 5.648119926452637, 5.654120922088623, 5.649540901184082, 5.645744800567627, 5.641134262084961, 5.643711090087891, 5.647200584411621, 5.64117956161499, 5.642324924468994, 5.641936302185059, 5.646546840667725, 5.63389778137207, 5.6277174949646, 5.629492282867432, 5.626501083374023, 5.626681804656982, 5.628650188446045], "best_val_epoch": 98, "model": "AE_sound", "lr": 0.0001, "batch_size": 256, "context": "2"}