{"iter": 7, "val_mses": [10.470556259155273, 8.559942245483398, 7.365477085113525, 6.862790584564209, 6.652690410614014, 6.27547550201416, 6.116879940032959, 5.998623847961426, 5.9217305183410645, 5.873881816864014, 5.80863094329834, 5.723750114440918, 5.689031600952148, 5.674747943878174, 5.690576553344727, 5.671807765960693, 5.647470951080322, 5.621719837188721, 5.606720924377441, 5.612583637237549, 5.613128662109375, 5.607256889343262, 5.586295127868652, 5.573629379272461, 5.578978061676025, 5.557089328765869, 5.537613391876221, 5.5337233543396, 5.531434535980225, 5.504741668701172, 5.508354663848877, 5.4895524978637695, 5.497607707977295, 5.493167877197266, 5.486517906188965, 5.471391677856445, 5.47738790512085, 5.458913326263428, 5.440864562988281, 5.436953544616699, 5.425319671630859, 5.4317779541015625, 5.396883964538574, 5.407228946685791, 5.404789924621582, 5.400837421417236, 5.407476425170898, 5.403186321258545, 5.375279903411865, 5.393465995788574, 5.3854594230651855, 5.373178958892822, 5.384575843811035, 5.385190486907959, 5.379359245300293, 5.382094383239746, 5.370084762573242, 5.352443695068359, 5.358964443206787, 5.3570380210876465, 5.356183052062988, 5.350798606872559, 5.346868515014648, 5.352346897125244, 5.349575996398926, 5.363021373748779, 5.344701766967773, 5.353105068206787, 5.340483665466309, 5.347535133361816, 5.332643508911133, 5.326864242553711, 5.315227508544922, 5.332221508026123, 5.332117080688477, 5.326291561126709, 5.314576625823975, 5.311814308166504, 5.332738876342773, 5.339016914367676, 5.3331098556518555, 5.328550815582275, 5.300379753112793, 5.3258795738220215, 5.311453342437744, 5.299417018890381, 5.2961106300354, 5.302695274353027, 5.297305107116699, 5.313291549682617, 5.32863187789917, 5.304264068603516, 5.315488815307617, 5.3179850578308105, 5.315042018890381, 5.304971694946289, 5.293025970458984, 5.313145160675049, 5.301560401916504, 5.304505825042725], "best_val_epoch": 97, "model": "AE_sound", "lr": 0.0001, "batch_size": 256, "context": "3"}