{"iter": 8, "val_mses": [13.148652076721191, 11.437793731689453, 10.51810073852539, 9.374383926391602, 9.329684257507324, 9.069005966186523, 8.966169357299805, 8.898900985717773, 8.92443561553955, 8.888336181640625, 8.827227592468262, 8.694588661193848, 8.64647388458252, 8.576433181762695, 8.558192253112793, 8.521772384643555, 8.490105628967285, 8.432928085327148, 8.427766799926758, 8.386306762695312, 8.360275268554688, 8.324597358703613, 8.35178279876709, 8.283390998840332, 8.259552955627441, 8.300444602966309, 8.263843536376953, 8.27186393737793, 8.242008209228516, 8.252593994140625, 8.263659477233887, 8.251486778259277, 8.256404876708984, 8.267146110534668, 8.261322021484375, 8.228663444519043, 8.261772155761719, 8.259272575378418, 8.2888765335083, 8.264784812927246, 8.259767532348633, 8.291643142700195, 8.222071647644043, 8.210599899291992, 8.200801849365234, 8.182491302490234, 8.20251750946045, 8.190006256103516, 8.192619323730469, 8.168983459472656, 8.155060768127441, 8.168078422546387, 8.148904800415039, 8.164240837097168, 8.161724090576172, 8.135974884033203, 8.123668670654297, 8.126073837280273, 8.106039047241211, 8.101198196411133, 8.110432624816895, 8.098509788513184, 8.080891609191895, 8.076641082763672, 8.046074867248535, 8.06364631652832, 8.065997123718262, 8.062338829040527, 8.055414199829102, 8.04008674621582, 8.061875343322754, 8.048925399780273, 8.050437927246094, 8.040080070495605, 7.994330406188965, 8.025676727294922, 8.022442817687988, 7.9897990226745605, 8.005282402038574, 7.983229160308838, 7.9787445068359375, 7.971557140350342, 7.964954376220703, 7.919559001922607, 7.942858695983887, 7.906679153442383, 7.929872989654541, 7.907007694244385, 7.921105861663818, 7.852194786071777, 7.844910144805908, 7.844870090484619, 7.8337883949279785, 7.838711261749268, 7.80758810043335, 7.819719314575195, 7.83206844329834, 7.784807205200195, 7.823189735412598, 7.814146041870117], "best_val_epoch": 98, "model": "AE_sound", "lr": 0.0001, "batch_size": 256, "context": "5"}