{"iter": 6, "val_mses": [21.56280517578125, 16.9538516998291, 12.765972137451172, 11.524802207946777, 9.953629493713379, 9.329577445983887, 9.102168083190918, 8.97252368927002, 8.806739807128906, 8.671197891235352, 8.595904350280762, 8.542819023132324, 8.51278018951416, 8.467326164245605, 8.443732261657715, 8.405101776123047, 8.370100975036621, 8.327035903930664, 8.254046440124512, 8.202677726745605, 8.138443946838379, 8.063924789428711, 7.995687484741211, 7.955774307250977, 7.967787265777588, 7.904959201812744, 7.864638328552246, 7.83901834487915, 7.837473392486572, 7.7911057472229, 7.7836103439331055, 7.758669376373291, 7.727630615234375, 7.715453147888184, 7.702034950256348, 7.673564434051514, 7.651843070983887, 7.619509696960449, 7.611924171447754, 7.594331741333008, 7.583718299865723, 7.576746940612793, 7.537045001983643, 7.522817134857178, 7.521356582641602, 7.500533580780029, 7.494634628295898, 7.491227149963379, 7.477880001068115, 7.455639362335205, 7.451394557952881, 7.450636863708496, 7.427038192749023, 7.4321064949035645, 7.41224479675293, 7.401297569274902, 7.388821601867676, 7.383387565612793, 7.379302978515625, 7.371248245239258, 7.350980758666992, 7.3443708419799805, 7.324500560760498, 7.305376052856445, 7.322870254516602, 7.319546222686768, 7.285806179046631, 7.288909912109375, 7.267118453979492, 7.259732246398926, 7.264928340911865, 7.241820335388184, 7.222127437591553, 7.230473518371582, 7.221167087554932, 7.216879844665527, 7.213319301605225, 7.190323352813721, 7.193469047546387, 7.169790744781494, 7.165681838989258, 7.1450514793396, 7.124129772186279, 7.128127098083496, 7.105856895446777, 7.10658597946167, 7.090725898742676, 7.079298496246338, 7.075028896331787, 7.0772552490234375, 7.072782039642334, 7.084259986877441, 7.056156158447266, 7.056798458099365, 7.069249153137207, 7.042609214782715, 7.061346054077148, 7.045702934265137, 7.054349422454834, 7.037755966186523], "best_val_epoch": 100, "model": "AE_sound", "lr": 0.0001, "batch_size": 256, "context": "13"}