{"iter": 5, "val_mses": [16.93191909790039, 12.968012809753418, 12.179764747619629, 11.363341331481934, 10.715017318725586, 10.376782417297363, 10.279648780822754, 10.117231369018555, 10.010287284851074, 9.853106498718262, 9.69686222076416, 9.582301139831543, 9.307392120361328, 9.227084159851074, 9.166179656982422, 9.105408668518066, 9.04930591583252, 8.988887786865234, 8.936616897583008, 8.82412338256836, 8.783069610595703, 8.717961311340332, 8.702747344970703, 8.64953327178955, 8.590781211853027, 8.56344985961914, 8.528398513793945, 8.491586685180664, 8.473674774169922, 8.44277572631836, 8.434560775756836, 8.400617599487305, 8.373113632202148, 8.379279136657715, 8.340271949768066, 8.334752082824707, 8.297001838684082, 8.278820991516113, 8.265246391296387, 8.242331504821777, 8.2235746383667, 8.190709114074707, 8.146714210510254, 8.1351318359375, 8.109606742858887, 8.09007740020752, 8.060693740844727, 8.038297653198242, 8.019085884094238, 7.986170768737793, 7.9789838790893555, 7.938106060028076, 7.931161403656006, 7.8923163414001465, 7.875202178955078, 7.845686435699463, 7.844750881195068, 7.826892852783203, 7.799377918243408, 7.7901997566223145, 7.792018413543701, 7.770694255828857, 7.752922058105469, 7.72909688949585, 7.709235191345215, 7.70624303817749, 7.696839809417725, 7.688076019287109, 7.679681301116943, 7.663718223571777, 7.654908657073975, 7.628982067108154, 7.6432204246521, 7.6260480880737305, 7.606938362121582, 7.621334075927734, 7.603744983673096, 7.598116874694824, 7.592689037322998, 7.594532012939453, 7.581340789794922, 7.564027309417725, 7.568228721618652, 7.572344779968262, 7.544855117797852, 7.54447603225708, 7.543190002441406, 7.536991119384766, 7.526662349700928, 7.527538776397705, 7.527060508728027, 7.502061367034912, 7.510481357574463, 7.505701541900635, 7.495462894439697, 7.482406139373779, 7.47575569152832, 7.463194370269775, 7.465550899505615, 7.482004642486572], "best_val_epoch": 98, "model": "AE_sound", "lr": 0.0001, "batch_size": 256, "context": "13"}