{"iter": 10, "val_mses": [19.438467025756836, 13.338415145874023, 12.32944393157959, 11.273994445800781, 11.000568389892578, 10.746482849121094, 10.549884796142578, 10.434453964233398, 10.305686950683594, 10.157039642333984, 10.029274940490723, 9.951362609863281, 9.861649513244629, 9.821234703063965, 9.782002449035645, 9.729326248168945, 9.678366661071777, 9.644087791442871, 9.581981658935547, 9.556890487670898, 9.479094505310059, 9.408867835998535, 9.334661483764648, 9.264507293701172, 9.226786613464355, 9.214289665222168, 9.154596328735352, 9.127290725708008, 9.118165969848633, 9.092618942260742, 9.043635368347168, 9.063559532165527, 9.0064697265625, 9.000384330749512, 9.010807991027832, 8.974456787109375, 8.955430030822754, 8.941929817199707, 8.905755043029785, 8.89722728729248, 8.868681907653809, 8.83680248260498, 8.831437110900879, 8.786969184875488, 8.743656158447266, 8.716754913330078, 8.697834014892578, 8.690583229064941, 8.670462608337402, 8.653818130493164, 8.624011993408203, 8.619458198547363, 8.5886869430542, 8.579427719116211, 8.563841819763184, 8.586313247680664, 8.558022499084473, 8.557250022888184, 8.52584457397461, 8.51746940612793, 8.51872730255127, 8.499563217163086, 8.489128112792969, 8.473441123962402, 8.465570449829102, 8.460516929626465, 8.463605880737305, 8.439892768859863, 8.419079780578613, 8.421767234802246, 8.431646347045898, 8.418152809143066, 8.405661582946777, 8.406007766723633, 8.389616966247559, 8.377910614013672, 8.407693862915039, 8.382355690002441, 8.360541343688965, 8.349912643432617, 8.350244522094727, 8.332454681396484, 8.31508731842041, 8.340043067932129, 8.310359954833984, 8.296135902404785, 8.292444229125977, 8.292980194091797, 8.292278289794922, 8.279956817626953, 8.259249687194824, 8.261878967285156, 8.246528625488281, 8.252473831176758, 8.213685989379883, 8.229142189025879, 8.230308532714844, 8.215524673461914, 8.208111763000488, 8.182395935058594], "best_val_epoch": 100, "model": "AE_sound", "lr": 0.0001, "batch_size": 256, "context": "12"}