{"iter": 10, "val_mses": [13.919044494628906, 11.32164478302002, 10.933226585388184, 10.061190605163574, 9.848936080932617, 9.21160888671875, 8.928701400756836, 8.843079566955566, 8.769963264465332, 8.708953857421875, 8.581682205200195, 8.542020797729492, 8.628477096557617, 8.563911437988281, 8.580970764160156, 8.520254135131836, 8.501933097839355, 8.441904067993164, 8.42174243927002, 8.438970565795898, 8.433402061462402, 8.220174789428711, 8.031901359558105, 7.913598537445068, 7.800191402435303, 7.7418599128723145, 7.790919780731201, 7.716806888580322, 7.788377285003662, 7.862861156463623, 7.7663116455078125, 7.751964092254639, 7.773495197296143, 7.710894584655762, 7.743139743804932, 7.75575065612793, 7.73383092880249, 7.6488447189331055, 7.674764633178711, 7.541338920593262, 7.489540100097656, 7.345000743865967, 7.336650848388672, 7.30698299407959, 7.336977958679199, 7.331557750701904, 7.342212200164795, 7.372587203979492, 7.285703182220459, 7.295355319976807, 7.220972537994385, 7.212573528289795, 7.214562892913818, 7.170649528503418, 7.179869651794434, 7.140589714050293, 7.140834808349609, 7.148617744445801, 7.101504802703857, 7.101645469665527, 7.034235954284668, 7.059011459350586, 7.071318626403809, 7.007162094116211, 6.986355304718018, 7.00183629989624, 6.996884822845459, 6.917047500610352, 6.949885845184326, 6.924280166625977, 6.935819625854492, 6.967750072479248, 6.910467624664307, 6.897689342498779, 6.869128704071045, 6.898132801055908, 6.884784698486328, 6.885986804962158, 6.886911869049072, 6.893858432769775, 6.877018928527832, 6.882813453674316, 6.878519058227539, 6.893781661987305, 6.885941028594971, 6.870196342468262, 6.9106669425964355, 6.915095806121826, 6.8969855308532715, 6.878753662109375, 6.9078803062438965, 6.87533712387085, 6.944803237915039, 6.880345821380615, 6.924924850463867, 6.9084014892578125, 6.9328999519348145, 6.933736801147461, 6.896049499511719, 6.8937578201293945], "best_val_epoch": 75, "model": "AE_sound", "lr": 0.0001, "batch_size": 256, "context": "7"}