{"iter": 8, "val_mses": [10.369120597839355, 9.599503517150879, 8.789719581604004, 8.746094703674316, 8.199143409729004, 8.106542587280273, 8.020682334899902, 7.906474590301514, 7.6567206382751465, 7.424923419952393, 7.127511024475098, 6.909663200378418, 6.8220391273498535, 6.782013893127441, 6.762910842895508, 6.723202705383301, 6.690926551818848, 6.665575981140137, 6.649234771728516, 6.624785900115967, 6.585963249206543, 6.557340145111084, 6.53578519821167, 6.519924163818359, 6.4870171546936035, 6.488015174865723, 6.458769798278809, 6.467322826385498, 6.445401668548584, 6.4277753829956055, 6.383510112762451, 6.359593391418457, 6.347658157348633, 6.3183770179748535, 6.302920341491699, 6.285223484039307, 6.26182222366333, 6.252007961273193, 6.243287563323975, 6.233631610870361, 6.227911949157715, 6.212512493133545, 6.1842193603515625, 6.17465877532959, 6.161201000213623, 6.14197301864624, 6.148548126220703, 6.141046524047852, 6.117826461791992, 6.120638847351074, 6.107839107513428, 6.102132320404053, 6.091611385345459, 6.082928657531738, 6.076803684234619, 6.076562881469727, 6.065059661865234, 6.0650248527526855, 6.061655521392822, 6.0512614250183105, 6.045072078704834, 6.050121307373047, 6.042795658111572, 6.02357816696167, 6.0155348777771, 6.002697944641113, 6.006072521209717, 5.994207382202148, 5.992030620574951, 5.9895243644714355, 5.978673458099365, 5.980575084686279, 5.981144905090332, 5.965720176696777, 5.964693546295166, 5.967165470123291, 5.9487152099609375, 5.945312976837158, 5.937633037567139, 5.939002513885498, 5.927111625671387, 5.929886341094971, 5.922717571258545, 5.920873165130615, 5.921749114990234, 5.916947364807129, 5.9112067222595215, 5.90778923034668, 5.907313346862793, 5.90724515914917, 5.90739107131958, 5.896440029144287, 5.893692493438721, 5.891440391540527, 5.897935390472412, 5.8971476554870605, 5.895242214202881, 5.889077663421631, 5.887541770935059, 5.886143207550049], "best_val_epoch": 100, "model": "AE_sound", "lr": 0.0001, "batch_size": 256, "context": "0"}