{"iter": 7, "val_mses": [14.903424263000488, 10.888774871826172, 10.037035942077637, 9.619702339172363, 9.220807075500488, 9.107606887817383, 9.002147674560547, 8.789379119873047, 8.742900848388672, 8.709173202514648, 8.604884147644043, 8.587860107421875, 8.518115997314453, 8.487751960754395, 8.359759330749512, 8.379071235656738, 8.356971740722656, 8.367250442504883, 8.277210235595703, 8.265636444091797, 8.240457534790039, 8.206072807312012, 8.179595947265625, 8.170984268188477, 8.181319236755371, 8.169227600097656, 8.206705093383789, 8.121594429016113, 8.1632080078125, 8.148526191711426, 8.193859100341797, 8.155457496643066, 8.129354476928711, 8.154549598693848, 8.096187591552734, 8.151386260986328, 8.115147590637207, 8.112696647644043, 8.08890438079834, 8.041426658630371, 8.046266555786133, 8.094118118286133, 8.099717140197754, 8.037540435791016, 7.949276924133301, 7.99071741104126, 7.898340225219727, 7.793086051940918, 7.786302089691162, 7.7909836769104, 7.729124069213867, 7.707269668579102, 7.681685924530029, 7.663331985473633, 7.602954387664795, 7.602466106414795, 7.576356410980225, 7.603139400482178, 7.518310546875, 7.543243408203125, 7.527898788452148, 7.5138773918151855, 7.542051792144775, 7.4821906089782715, 7.4793009757995605, 7.465155124664307, 7.473951816558838, 7.42092752456665, 7.486887454986572, 7.429737091064453, 7.380111217498779, 7.3852996826171875, 7.3611226081848145, 7.360566139221191, 7.387058258056641, 7.330828666687012, 7.400581359863281, 7.31874942779541, 7.359302997589111, 7.327725887298584, 7.308377742767334, 7.348509788513184, 7.268316745758057, 7.29181432723999, 7.299045562744141, 7.282809734344482, 7.306303024291992, 7.303379058837891, 7.264613628387451, 7.255664825439453, 7.292390823364258, 7.296032905578613, 7.262478828430176, 7.261870384216309, 7.261545658111572, 7.254335880279541, 7.253079891204834, 7.3186774253845215, 7.247572898864746, 7.241602897644043], "best_val_epoch": 100, "model": "AE_sound", "lr": 0.0001, "batch_size": 256, "context": "7"}