{"iter": 10, "val_mses": [8.067952156066895, 7.111979007720947, 6.894500255584717, 6.511042594909668, 6.409845352172852, 6.2655744552612305, 6.20037317276001, 6.177337169647217, 6.173218250274658, 6.155141353607178, 6.114253997802734, 6.02476692199707, 5.912887096405029, 5.852315425872803, 5.822691440582275, 5.804045677185059, 5.794614315032959, 5.770911693572998, 5.76287841796875, 5.75008487701416, 5.742361545562744, 5.734832286834717, 5.733046054840088, 5.717913627624512, 5.707202911376953, 5.700557231903076, 5.692968368530273, 5.691683769226074, 5.6839985847473145, 5.6769208908081055, 5.680373191833496, 5.665914535522461, 5.666123390197754, 5.662196636199951, 5.658872604370117, 5.655030250549316, 5.659416675567627, 5.65860652923584, 5.647838115692139, 5.641801357269287, 5.644051551818848, 5.642237186431885, 5.639904499053955, 5.633087158203125, 5.625018119812012, 5.6216511726379395, 5.621006488800049, 5.61458683013916, 5.620110988616943, 5.61605978012085, 5.608236312866211, 5.601357936859131, 5.605025768280029, 5.598784446716309, 5.596429347991943, 5.589986324310303, 5.594078540802002, 5.583455562591553, 5.5912299156188965, 5.5869975090026855, 5.5792155265808105, 5.573235034942627, 5.5721755027771, 5.5771026611328125, 5.572012424468994, 5.570863246917725, 5.573473930358887, 5.565800666809082, 5.567704677581787, 5.560083389282227, 5.55667781829834, 5.559375762939453, 5.558460235595703, 5.556957244873047, 5.56110143661499, 5.558366775512695, 5.552181720733643, 5.549194812774658, 5.547924995422363, 5.543636322021484, 5.543215751647949, 5.541422367095947, 5.546441078186035, 5.541014671325684, 5.5384697914123535, 5.5419464111328125, 5.5412468910217285, 5.534602165222168, 5.536559581756592, 5.533072471618652, 5.532076358795166, 5.528582572937012, 5.53054141998291, 5.533746242523193, 5.526783466339111, 5.5251054763793945, 5.521376609802246, 5.53038215637207, 5.525909423828125, 5.52038049697876], "best_val_epoch": 100, "model": "AE_sound", "lr": 0.0001, "batch_size": 256, "context": "2"}