{"iter": 6, "val_mses": [7.405041694641113, 7.260934352874756, 6.77201509475708, 6.48484992980957, 6.274562358856201, 6.039887428283691, 6.028226852416992, 6.01934814453125, 6.020472049713135, 6.02578592300415, 6.012239456176758, 5.9975905418396, 5.9781670570373535, 5.920993328094482, 5.851463317871094, 5.8068318367004395, 5.772409439086914, 5.746491432189941, 5.730241298675537, 5.709596157073975, 5.701096057891846, 5.687558650970459, 5.69030237197876, 5.668447017669678, 5.669885158538818, 5.6578145027160645, 5.6556596755981445, 5.649699687957764, 5.650157928466797, 5.63883113861084, 5.628157138824463, 5.614562034606934, 5.615335464477539, 5.615480899810791, 5.610810279846191, 5.613831043243408, 5.604428291320801, 5.617351055145264, 5.599594593048096, 5.60027551651001, 5.594976902008057, 5.6008687019348145, 5.594344139099121, 5.5936455726623535, 5.574825286865234, 5.579638957977295, 5.57467794418335, 5.5647664070129395, 5.566776752471924, 5.558200359344482, 5.5608906745910645, 5.551163196563721, 5.555136680603027, 5.546210765838623, 5.553836345672607, 5.550329685211182, 5.546391487121582, 5.543726444244385, 5.531854152679443, 5.539168357849121, 5.537206649780273, 5.5254364013671875, 5.531484127044678, 5.526071071624756, 5.520840644836426, 5.508028984069824, 5.484895706176758, 5.4636945724487305, 5.460387229919434, 5.451540470123291, 5.445969581604004, 5.427915573120117, 5.438282489776611, 5.431930065155029, 5.433843612670898, 5.42795467376709, 5.422252178192139, 5.415759086608887, 5.418924808502197, 5.41382360458374, 5.407812118530273, 5.4030351638793945, 5.410099983215332, 5.406021595001221, 5.403820991516113, 5.400402069091797, 5.399752140045166, 5.397480487823486, 5.400105953216553, 5.389734268188477, 5.395186901092529, 5.382880210876465, 5.389733791351318, 5.387392520904541, 5.375898838043213, 5.379117965698242, 5.373071193695068, 5.372318744659424, 5.376796722412109, 5.371288776397705], "best_val_epoch": 100, "model": "AE_sound", "lr": 0.0001, "batch_size": 256, "context": "1"}