{"iter": 6, "val_mses": [11.381983757019043, 10.61922836303711, 10.147278785705566, 9.899276733398438, 9.751080513000488, 9.217796325683594, 9.139937400817871, 8.850899696350098, 8.781831741333008, 8.720786094665527, 8.654746055603027, 8.646171569824219, 8.571931838989258, 8.579692840576172, 8.48840045928955, 8.435067176818848, 8.44837760925293, 8.421350479125977, 8.386489868164062, 8.384376525878906, 8.363560676574707, 8.338887214660645, 8.315199851989746, 8.295783042907715, 8.290870666503906, 8.262547492980957, 8.240157127380371, 8.234498023986816, 8.249138832092285, 8.197912216186523, 8.244902610778809, 8.186391830444336, 8.198141098022461, 8.177430152893066, 8.181175231933594, 8.183076858520508, 8.162276268005371, 8.162361145019531, 8.205156326293945, 8.173763275146484, 8.120924949645996, 8.136643409729004, 8.125093460083008, 8.13233470916748, 8.11156940460205, 8.087933540344238, 8.087925910949707, 8.125554084777832, 8.101568222045898, 8.06584358215332, 8.079754829406738, 8.055252075195312, 8.022387504577637, 8.072256088256836, 8.028826713562012, 8.031990051269531, 8.036177635192871, 8.052062034606934, 8.050697326660156, 8.037339210510254, 8.023921012878418, 8.043184280395508, 8.029762268066406, 8.040318489074707, 7.995703220367432, 8.042082786560059, 8.030464172363281, 8.038715362548828, 7.98361873626709, 8.030655860900879, 8.04292106628418, 7.999540328979492, 8.03560733795166, 8.006413459777832, 7.980731010437012, 7.992550373077393, 7.983633041381836, 7.984174728393555, 7.981118202209473, 7.970273971557617, 7.959519863128662, 7.794137954711914, 7.777286052703857, 7.746687889099121, 7.740120887756348, 7.688986301422119, 7.70610237121582, 7.69482946395874, 7.6838250160217285, 7.66967248916626, 7.704242706298828, 7.690481662750244, 7.664243221282959, 7.663275718688965, 7.677972316741943, 7.653846740722656, 7.6402153968811035, 7.636988162994385, 7.635638236999512, 7.6427507400512695], "best_val_epoch": 99, "model": "AE_sound", "lr": 0.0001, "batch_size": 256, "context": "5"}