{"iter": 9, "val_mses": [7.755905628204346, 7.295607566833496, 7.129364013671875, 6.666857719421387, 6.659905433654785, 6.4928131103515625, 6.282527923583984, 6.2382659912109375, 6.2133870124816895, 6.203714370727539, 6.187306880950928, 6.137322425842285, 6.03045654296875, 6.001505374908447, 5.987214088439941, 5.972128868103027, 5.946540832519531, 5.923651695251465, 5.920236587524414, 5.92085599899292, 5.899067401885986, 5.860294818878174, 5.832677364349365, 5.805429458618164, 5.779147624969482, 5.757691383361816, 5.7637152671813965, 5.735574245452881, 5.73381233215332, 5.7227702140808105, 5.714074611663818, 5.71929407119751, 5.708162784576416, 5.71271276473999, 5.710695266723633, 5.710914611816406, 5.686132431030273, 5.678035736083984, 5.674242973327637, 5.680064678192139, 5.666811943054199, 5.672836780548096, 5.665945053100586, 5.665497303009033, 5.664222717285156, 5.657574653625488, 5.667105197906494, 5.6637163162231445, 5.650832176208496, 5.649490833282471, 5.648512363433838, 5.656437873840332, 5.63892936706543, 5.639528274536133, 5.646133899688721, 5.632501602172852, 5.6260480880737305, 5.638869285583496, 5.626628398895264, 5.622356414794922, 5.6287736892700195, 5.624082565307617, 5.624649524688721, 5.624564170837402, 5.624367713928223, 5.630912780761719, 5.619201183319092, 5.616567134857178, 5.620095729827881, 5.572002410888672, 5.560449600219727, 5.551144599914551, 5.529731273651123, 5.535894870758057, 5.526395797729492, 5.523669719696045, 5.515936374664307, 5.51191520690918, 5.513287544250488, 5.506446361541748, 5.504643440246582, 5.506546497344971, 5.493160247802734, 5.499878406524658, 5.509934902191162, 5.4957356452941895, 5.498579025268555, 5.484280586242676, 5.487024784088135, 5.500471591949463, 5.477278232574463, 5.490516662597656, 5.476830959320068, 5.475587368011475, 5.476640701293945, 5.479300022125244, 5.480327606201172, 5.474550724029541, 5.469875335693359, 5.468533515930176], "best_val_epoch": 100, "model": "AE_sound", "lr": 0.0001, "batch_size": 256, "context": "1"}