{"iter": 10, "val_mses": [18.571542739868164, 14.133376121520996, 11.848625183105469, 10.582511901855469, 9.84335994720459, 9.30349063873291, 9.075323104858398, 9.002945899963379, 8.918947219848633, 8.816414833068848, 8.608600616455078, 8.37707233428955, 8.269170761108398, 8.202082633972168, 8.127214431762695, 8.061046600341797, 8.010887145996094, 7.974391460418701, 7.9539642333984375, 7.941032409667969, 7.928713321685791, 7.907923698425293, 7.9202561378479, 7.882488250732422, 7.892539024353027, 7.84540319442749, 7.8451924324035645, 7.8003129959106445, 7.79278564453125, 7.770511150360107, 7.729218482971191, 7.688877105712891, 7.656008720397949, 7.625669479370117, 7.601240634918213, 7.578780651092529, 7.568881034851074, 7.557363510131836, 7.547220230102539, 7.519547462463379, 7.486339092254639, 7.464592933654785, 7.463925361633301, 7.442563056945801, 7.42209005355835, 7.428623676300049, 7.416356086730957, 7.42165994644165, 7.411630153656006, 7.378963947296143, 7.392577171325684, 7.373166561126709, 7.386768817901611, 7.37343168258667, 7.368569374084473, 7.363769054412842, 7.33622932434082, 7.315564155578613, 7.293064117431641, 7.272684574127197, 7.264710426330566, 7.260106086730957, 7.252706050872803, 7.243783473968506, 7.242917537689209, 7.238039970397949, 7.225841522216797, 7.222756385803223, 7.228415012359619, 7.195226192474365, 7.204047679901123, 7.185013771057129, 7.175262451171875, 7.148772716522217, 7.13764762878418, 7.124014854431152, 7.114933967590332, 7.093606948852539, 7.076873779296875, 7.076913356781006, 7.053226947784424, 7.040440559387207, 7.038878440856934, 7.021832466125488, 7.006702423095703, 7.009737491607666, 7.0001397132873535, 6.998512268066406, 6.98480224609375, 6.972967624664307, 6.977783203125, 6.9694929122924805, 6.963970184326172, 6.968094825744629, 6.964131832122803, 6.963873386383057, 6.955583572387695, 6.949270248413086, 6.955769062042236, 6.9489641189575195], "best_val_epoch": 100, "model": "AE_sound", "lr": 0.0001, "batch_size": 256, "context": "15"}