{"iter": 5, "val_mses": [15.965828895568848, 12.36034107208252, 11.416572570800781, 11.023233413696289, 10.5807523727417, 10.279701232910156, 10.208536148071289, 10.164594650268555, 10.11628246307373, 10.083867073059082, 10.047688484191895, 10.028946876525879, 10.02203369140625, 9.975062370300293, 9.909239768981934, 9.802324295043945, 9.571763038635254, 9.431352615356445, 9.324769973754883, 9.291764259338379, 9.279190063476562, 9.238153457641602, 9.206106185913086, 9.16206169128418, 9.085906982421875, 9.070402145385742, 8.998796463012695, 8.931866645812988, 8.89732551574707, 8.835441589355469, 8.776335716247559, 8.72346019744873, 8.653277397155762, 8.628464698791504, 8.603667259216309, 8.541800498962402, 8.502714157104492, 8.474092483520508, 8.447958946228027, 8.417341232299805, 8.388113021850586, 8.358731269836426, 8.321921348571777, 8.274479866027832, 8.231888771057129, 8.060242652893066, 7.997584342956543, 7.95529317855835, 7.935332298278809, 7.906780242919922, 7.893763542175293, 7.854805946350098, 7.854645729064941, 7.838467597961426, 7.811173439025879, 7.777894020080566, 7.753375053405762, 7.741525173187256, 7.742369174957275, 7.702054500579834, 7.692185401916504, 7.672562599182129, 7.665586948394775, 7.6498823165893555, 7.633682727813721, 7.620192050933838, 7.592673301696777, 7.585915565490723, 7.574169158935547, 7.549867153167725, 7.5424394607543945, 7.524046421051025, 7.525541305541992, 7.52613639831543, 7.512944221496582, 7.508607387542725, 7.485191345214844, 7.484791278839111, 7.4800028800964355, 7.483135223388672, 7.463808536529541, 7.460817813873291, 7.448585033416748, 7.44657564163208, 7.425209999084473, 7.431787014007568, 7.417866230010986, 7.408720970153809, 7.405920028686523, 7.386070251464844, 7.373815059661865, 7.3747358322143555, 7.364957809448242, 7.3696208000183105, 7.352314472198486, 7.343550682067871, 7.300108432769775, 7.232265949249268, 7.200340270996094, 7.161860466003418], "best_val_epoch": 100, "model": "AE_sound", "lr": 0.0001, "batch_size": 256, "context": "15"}