{"iter": 5, "val_mses": [7.360495090484619, 7.309060096740723, 6.416471004486084, 6.214987754821777, 6.127143383026123, 6.081614971160889, 5.986766338348389, 5.957546710968018, 5.944186687469482, 5.918656349182129, 5.897495269775391, 5.894931793212891, 5.869781970977783, 5.867060661315918, 5.8418192863464355, 5.81958532333374, 5.802762508392334, 5.796456336975098, 5.773655414581299, 5.768677711486816, 5.758772850036621, 5.778771877288818, 5.756427764892578, 5.740352630615234, 5.731611728668213, 5.731664657592773, 5.713629245758057, 5.714205741882324, 5.707561016082764, 5.721312999725342, 5.711056709289551, 5.706589698791504, 5.706709384918213, 5.690359592437744, 5.690197944641113, 5.696746349334717, 5.706157684326172, 5.673738479614258, 5.675679683685303, 5.670766353607178, 5.668358325958252, 5.665675163269043, 5.66605806350708, 5.658761978149414, 5.6602559089660645, 5.657005786895752, 5.651016712188721, 5.659182548522949, 5.654754161834717, 5.693601131439209, 5.641654014587402, 5.636081695556641, 5.640613079071045, 5.626965522766113, 5.625986099243164, 5.635678291320801, 5.628332614898682, 5.62249231338501, 5.6145405769348145, 5.624779224395752, 5.620616436004639, 5.619873046875, 5.618439197540283, 5.614968776702881, 5.645406246185303, 5.610448837280273, 5.6081624031066895, 5.6060614585876465, 5.606481075286865, 5.613968372344971, 5.6120805740356445, 5.588569641113281, 5.591678142547607, 5.62546443939209, 5.5915608406066895, 5.592846870422363, 5.579992771148682, 5.5740509033203125, 5.579940319061279, 5.576221466064453, 5.5657877922058105, 5.569861888885498, 5.570094585418701, 5.5656352043151855, 5.562488079071045, 5.578511714935303, 5.554206371307373, 5.554481506347656, 5.5572028160095215, 5.559122085571289, 5.555272579193115, 5.546386241912842, 5.559366703033447, 5.559362411499023, 5.561323165893555, 5.556276798248291, 5.5525288581848145, 5.544332504272461, 5.550792217254639, 5.596192359924316], "best_val_epoch": 98, "model": "AE_sound", "lr": 0.0001, "batch_size": 256, "context": "1"}