{"iter": 10, "val_mses": [18.11070442199707, 16.29090690612793, 15.020026206970215, 13.378602027893066, 12.459922790527344, 12.349295616149902, 12.244436264038086, 11.778767585754395, 11.432906150817871, 11.303487777709961, 11.209009170532227, 11.124175071716309, 11.033988952636719, 10.981058120727539, 10.921512603759766, 10.853782653808594, 10.81278133392334, 10.79671573638916, 10.730510711669922, 10.716672897338867, 10.675081253051758, 10.668854713439941, 10.558095932006836, 10.513766288757324, 10.441723823547363, 10.37081241607666, 10.299962043762207, 10.28566837310791, 10.248764038085938, 10.19558334350586, 10.16425895690918, 10.133792877197266, 10.098965644836426, 10.036310195922852, 10.027071952819824, 10.00057315826416, 10.00626277923584, 9.991090774536133, 9.994501113891602, 9.940571784973145, 9.90151596069336, 9.87999153137207, 9.90178108215332, 9.825685501098633, 9.82883071899414, 9.808271408081055, 9.768277168273926, 9.77348518371582, 9.754343032836914, 9.723954200744629, 9.68380069732666, 9.637602806091309, 9.645270347595215, 9.621163368225098, 9.58963394165039, 9.610654830932617, 9.552590370178223, 9.609620094299316, 9.519445419311523, 9.524801254272461, 9.499610900878906, 9.515205383300781, 9.47415828704834, 9.453099250793457, 9.437440872192383, 9.349617958068848, 9.293291091918945, 9.266956329345703, 9.257946968078613, 9.197898864746094, 9.168148040771484, 9.13830280303955, 9.118577003479004, 9.103911399841309, 9.059185981750488, 9.01602554321289, 9.020047187805176, 8.996163368225098, 8.961508750915527, 8.970382690429688, 8.957253456115723, 8.950961112976074, 8.91926383972168, 8.900965690612793, 8.89889144897461, 8.886676788330078, 8.865594863891602, 8.85057258605957, 8.854108810424805, 8.818583488464355, 8.793510437011719, 8.778874397277832, 8.753997802734375, 8.744046211242676, 8.744922637939453, 8.791234970092773, 8.686059951782227, 8.706788063049316, 8.682056427001953, 8.687817573547363], "best_val_epoch": 99, "model": "AE_sound", "lr": 0.0001, "batch_size": 256, "context": "10"}