{"iter": 4, "val_mses": [18.75896453857422, 12.78147029876709, 11.379322052001953, 10.913836479187012, 10.732261657714844, 10.629328727722168, 10.573858261108398, 10.452179908752441, 10.280586242675781, 9.925543785095215, 9.690634727478027, 9.543299674987793, 9.44694995880127, 9.389588356018066, 9.312803268432617, 9.260093688964844, 9.160841941833496, 9.108942985534668, 9.01761245727539, 8.955862045288086, 8.93399715423584, 8.87175178527832, 8.852123260498047, 8.81440544128418, 8.80608081817627, 8.761261940002441, 8.748695373535156, 8.698079109191895, 8.68191909790039, 8.643937110900879, 8.61574935913086, 8.58906078338623, 8.597782135009766, 8.550530433654785, 8.558281898498535, 8.539774894714355, 8.554010391235352, 8.495256423950195, 8.466686248779297, 8.500649452209473, 8.473264694213867, 8.44336986541748, 8.441235542297363, 8.428061485290527, 8.418627738952637, 8.437145233154297, 8.420528411865234, 8.402885437011719, 8.382997512817383, 8.35599136352539, 8.338047981262207, 8.366006851196289, 8.356512069702148, 8.335031509399414, 8.319355964660645, 8.289071083068848, 8.26470947265625, 8.307727813720703, 8.247796058654785, 8.230072021484375, 8.285099983215332, 8.245964050292969, 8.236481666564941, 8.214799880981445, 8.208803176879883, 8.194400787353516, 8.170843124389648, 8.18440055847168, 8.141922950744629, 8.169331550598145, 8.162531852722168, 8.140854835510254, 8.12342643737793, 8.109774589538574, 8.110456466674805, 8.122330665588379, 8.107956886291504, 8.096627235412598, 8.09581470489502, 8.088937759399414, 8.057265281677246, 8.0830659866333, 8.0614595413208, 8.067747116088867, 8.141152381896973, 8.068780899047852, 8.037050247192383, 8.029744148254395, 8.03157901763916, 8.058597564697266, 8.042824745178223, 8.023935317993164, 8.023324012756348, 8.04831314086914, 8.006248474121094, 8.002324104309082, 8.016339302062988, 8.0269775390625, 8.01969051361084, 8.011187553405762], "best_val_epoch": 96, "model": "AE_sound", "lr": 0.0001, "batch_size": 256, "context": "14"}