{"iter": 10, "val_mses": [12.343315124511719, 11.616006851196289, 10.925034523010254, 10.505049705505371, 10.216012001037598, 10.095952033996582, 10.075016975402832, 9.932872772216797, 10.153849601745605, 9.92977237701416, 9.901322364807129, 9.877724647521973, 9.7928466796875, 9.864354133605957, 9.829259872436523, 9.822511672973633, 9.725927352905273, 9.820054054260254, 9.75767707824707, 9.70858383178711, 9.72905158996582, 10.075882911682129, 9.702970504760742, 9.647846221923828, 9.652159690856934, 9.6184663772583, 9.587124824523926, 9.592902183532715, 9.557205200195312, 9.539407730102539, 9.560934066772461, 9.560599327087402, 9.522988319396973, 9.565017700195312, 9.633334159851074, 9.610361099243164, 9.464676856994629, 9.51840591430664, 9.442482948303223, 9.463032722473145, 9.450641632080078, 9.808796882629395, 9.480093002319336, 9.484217643737793, 9.600032806396484, 9.747055053710938, 9.443885803222656, 9.41162109375, 9.459967613220215, 9.454381942749023, 9.427156448364258, 9.416131019592285, 9.416670799255371, 9.391748428344727, 9.453704833984375, 9.4683198928833, 9.403754234313965, 9.50005054473877, 9.39967155456543, 9.371721267700195, 9.72663402557373, 9.34914779663086, 9.367578506469727, 9.368475914001465, 9.390287399291992, 9.41614818572998, 9.333483695983887, 9.385419845581055, 9.418641090393066, 9.44182300567627, 9.365399360656738, 9.360251426696777, 9.365827560424805, 9.32971477508545, 9.340331077575684, 9.362646102905273, 9.475030899047852, 9.336315155029297, 9.356822967529297, 9.313167572021484, 9.313480377197266, 9.32541561126709, 9.364466667175293, 9.337663650512695, 9.30380916595459, 9.300938606262207, 9.316414833068848, 9.321114540100098, 9.258935928344727, 9.302289962768555, 9.277756690979004, 9.282759666442871, 9.353590965270996, 9.297412872314453, 9.262476921081543, 9.302392959594727, 9.267878532409668, 9.401402473449707, 9.269728660583496, 9.310811042785645], "best_val_epoch": 89, "model": "AE_sound", "lr": 0.0001, "batch_size": 256, "context": "4"}