{"iter": 6, "val_mses": [15.543962478637695, 12.163166046142578, 11.332220077514648, 10.906777381896973, 10.444680213928223, 10.141467094421387, 9.949481010437012, 9.755704879760742, 9.62267780303955, 9.472468376159668, 9.378127098083496, 9.345132827758789, 9.328372955322266, 9.280527114868164, 9.226180076599121, 9.22439193725586, 9.205119132995605, 9.17361068725586, 9.184283256530762, 9.144403457641602, 9.122608184814453, 9.103157997131348, 9.080177307128906, 9.08377456665039, 9.048991203308105, 8.980607032775879, 8.910087585449219, 8.816521644592285, 8.77474308013916, 8.741674423217773, 8.715425491333008, 8.694000244140625, 8.688129425048828, 8.652423858642578, 8.619959831237793, 8.61973762512207, 8.5772123336792, 8.571002006530762, 8.536514282226562, 8.532471656799316, 8.521981239318848, 8.484642028808594, 8.50429916381836, 8.478910446166992, 8.463464736938477, 8.46533203125, 8.460153579711914, 8.43223762512207, 8.43066120147705, 8.422967910766602, 8.400894165039062, 8.413894653320312, 8.39730167388916, 8.400132179260254, 8.37537670135498, 8.38118839263916, 8.363478660583496, 8.371341705322266, 8.367852210998535, 8.34816837310791, 8.370940208435059, 8.342167854309082, 8.342245101928711, 8.326600074768066, 8.324247360229492, 8.317601203918457, 8.32697868347168, 8.306434631347656, 8.321892738342285, 8.322338104248047, 8.311359405517578, 8.284319877624512, 8.313253402709961, 8.28856372833252, 8.292662620544434, 8.295778274536133, 8.278923034667969, 8.273090362548828, 8.26131820678711, 8.264939308166504, 8.249006271362305, 8.269615173339844, 8.255179405212402, 8.241128921508789, 8.27291488647461, 8.219100952148438, 8.222790718078613, 8.226140022277832, 8.211443901062012, 8.208959579467773, 8.198996543884277, 8.199152946472168, 8.174982070922852, 8.182783126831055, 8.192499160766602, 8.147151947021484, 8.166543960571289, 8.156879425048828, 8.159989356994629, 8.148468971252441], "best_val_epoch": 96, "model": "AE_sound", "lr": 0.0001, "batch_size": 256, "context": "15"}