{"iter": 7, "val_mses": [11.594558715820312, 11.154989242553711, 10.704081535339355, 9.960124015808105, 9.725336074829102, 9.448567390441895, 9.327900886535645, 9.202901840209961, 9.130698204040527, 9.106645584106445, 9.056828498840332, 8.978050231933594, 8.948583602905273, 8.875593185424805, 8.885740280151367, 8.83691120147705, 8.844188690185547, 8.736594200134277, 8.767199516296387, 8.702476501464844, 8.662396430969238, 8.63612174987793, 8.641222953796387, 8.624290466308594, 8.572441101074219, 8.588235855102539, 8.555002212524414, 8.537079811096191, 8.540785789489746, 8.497245788574219, 8.542879104614258, 8.50941276550293, 8.518869400024414, 8.539443969726562, 8.507890701293945, 8.507420539855957, 8.450372695922852, 8.47701644897461, 8.452817916870117, 8.45706558227539, 8.450458526611328, 8.429600715637207, 8.492039680480957, 8.478920936584473, 8.437026023864746, 8.429895401000977, 8.439194679260254, 8.402287483215332, 8.424189567565918, 8.40005111694336, 8.409384727478027, 8.368390083312988, 8.403543472290039, 8.220951080322266, 8.119983673095703, 8.074024200439453, 8.056073188781738, 8.072318077087402, 8.039615631103516, 8.0029935836792, 8.030409812927246, 7.998652458190918, 7.982017517089844, 8.037501335144043, 7.979503631591797, 7.966897964477539, 7.945798397064209, 7.946498870849609, 7.953655242919922, 7.946548938751221, 7.948269844055176, 7.9313836097717285, 7.8949151039123535, 7.902020454406738, 7.929999351501465, 7.911109447479248, 7.9018378257751465, 7.913172721862793, 7.9403076171875, 7.903057098388672, 7.860766410827637, 7.877496719360352, 7.864953517913818, 7.840183734893799, 7.856409072875977, 7.848538875579834, 7.884466171264648, 7.838918209075928, 7.818065643310547, 7.833903789520264, 7.809154510498047, 7.830699443817139, 7.854823589324951, 7.846343994140625, 7.803014755249023, 7.824372291564941, 7.809067726135254, 7.798164367675781, 7.792782306671143, 7.784709453582764], "best_val_epoch": 100, "model": "AE_sound", "lr": 0.0001, "batch_size": 256, "context": "5"}