{"iter": 4, "val_mses": [23.021747589111328, 16.43328285217285, 14.986327171325684, 12.821420669555664, 12.428939819335938, 11.781721115112305, 11.486420631408691, 11.330711364746094, 11.246329307556152, 11.156073570251465, 10.991455078125, 10.852214813232422, 10.720738410949707, 10.680984497070312, 10.62335205078125, 10.58202838897705, 10.519911766052246, 10.50206184387207, 10.44589900970459, 10.3991117477417, 10.345720291137695, 10.257579803466797, 10.094840049743652, 9.983489036560059, 9.885554313659668, 9.844014167785645, 9.808005332946777, 9.729652404785156, 9.700220108032227, 9.673561096191406, 9.641914367675781, 9.612542152404785, 9.598834991455078, 9.563424110412598, 9.55119514465332, 9.523438453674316, 9.508667945861816, 9.49266242980957, 9.455831527709961, 9.438352584838867, 9.414974212646484, 9.37266731262207, 9.335565567016602, 9.299257278442383, 9.288177490234375, 9.253241539001465, 9.239733695983887, 9.197498321533203, 9.207919120788574, 9.191232681274414, 9.170644760131836, 9.135080337524414, 9.129354476928711, 9.118976593017578, 9.04731559753418, 9.005824089050293, 8.965895652770996, 8.96883773803711, 8.94536018371582, 8.916213989257812, 8.892210960388184, 8.895029067993164, 8.88095760345459, 8.869880676269531, 8.858677864074707, 8.818329811096191, 8.82965087890625, 8.824054718017578, 8.792400360107422, 8.769817352294922, 8.77917194366455, 8.752911567687988, 8.73338794708252, 8.76224136352539, 8.706454277038574, 8.685152053833008, 8.686753273010254, 8.66358470916748, 8.67048454284668, 8.658742904663086, 8.644355773925781, 8.650754928588867, 8.61279010772705, 8.63882064819336, 8.614882469177246, 8.60991382598877, 8.620635986328125, 8.578376770019531, 8.581161499023438, 8.567615509033203, 8.538163185119629, 8.541504859924316, 8.541727066040039, 8.537521362304688, 8.532978057861328, 8.544313430786133, 8.519866943359375, 8.526422500610352, 8.509759902954102, 8.508238792419434], "best_val_epoch": 100, "model": "AE_sound", "lr": 0.0001, "batch_size": 256, "context": "10"}