{"iter": 4, "val_mses": [16.878225326538086, 13.19511604309082, 11.193233489990234, 10.084413528442383, 9.643641471862793, 9.446246147155762, 9.36375617980957, 9.28939437866211, 9.266983032226562, 9.220172882080078, 9.182392120361328, 9.118013381958008, 9.038491249084473, 9.01376724243164, 8.99130630493164, 8.938654899597168, 8.924254417419434, 8.900412559509277, 8.854467391967773, 8.845154762268066, 8.80028247833252, 8.792622566223145, 8.696625709533691, 8.672553062438965, 8.56689167022705, 8.496356964111328, 8.449825286865234, 8.419402122497559, 8.393555641174316, 8.368989944458008, 8.334817886352539, 8.301763534545898, 8.265869140625, 8.252697944641113, 8.225482940673828, 8.183619499206543, 8.193324089050293, 8.158594131469727, 8.139062881469727, 8.129488945007324, 8.098367691040039, 8.101099014282227, 8.071465492248535, 8.0729341506958, 8.048954963684082, 8.034984588623047, 8.011587142944336, 8.010485649108887, 7.988022804260254, 7.987507343292236, 7.96564245223999, 7.959043979644775, 7.961300849914551, 7.927412033081055, 7.934634685516357, 7.916515827178955, 7.904181480407715, 7.919483661651611, 7.874403476715088, 7.874244689941406, 7.865935802459717, 7.877612113952637, 7.845856666564941, 7.822500228881836, 7.833481788635254, 7.823471546173096, 7.81096887588501, 7.81798791885376, 7.783849716186523, 7.7798309326171875, 7.767056465148926, 7.765200614929199, 7.7712907791137695, 7.752679347991943, 7.759138107299805, 7.753907680511475, 7.749190807342529, 7.724209785461426, 7.730088710784912, 7.754847049713135, 7.748467445373535, 7.697652339935303, 7.703861236572266, 7.7192888259887695, 7.686335563659668, 7.686347007751465, 7.691664695739746, 7.669499397277832, 7.658089637756348, 7.660721778869629, 7.654842376708984, 7.667807579040527, 7.666109561920166, 7.621216773986816, 7.628802299499512, 7.612298011779785, 7.621207237243652, 7.646529197692871, 7.600975036621094, 7.602188587188721], "best_val_epoch": 99, "model": "AE_sound", "lr": 0.0001, "batch_size": 256, "context": "13"}