{"iter": 8, "val_mses": [8.974247932434082, 8.58898639678955, 7.629462242126465, 6.918753147125244, 6.762966632843018, 6.69003438949585, 6.607537746429443, 6.538995742797852, 6.518557548522949, 6.508353233337402, 6.317962169647217, 6.227761268615723, 6.171675682067871, 6.103798866271973, 6.0347418785095215, 6.000861644744873, 5.9855427742004395, 5.9727067947387695, 5.940722942352295, 5.93239688873291, 5.9201579093933105, 5.922453880310059, 5.880369663238525, 5.872411727905273, 5.867064952850342, 5.865652084350586, 5.834928512573242, 5.824587345123291, 5.84972620010376, 5.823145866394043, 5.817226409912109, 5.791399002075195, 5.765408515930176, 5.767917633056641, 5.744542598724365, 5.74592399597168, 5.75213623046875, 5.750611782073975, 5.7325358390808105, 5.739665985107422, 5.7434163093566895, 5.742072105407715, 5.716541767120361, 5.719812870025635, 5.704877853393555, 5.7011847496032715, 5.697649955749512, 5.691431045532227, 5.679819107055664, 5.686845779418945, 5.682637691497803, 5.659239292144775, 5.68658971786499, 5.664524555206299, 5.654102325439453, 5.647202014923096, 5.636014461517334, 5.649648189544678, 5.644373893737793, 5.634945869445801, 5.631613254547119, 5.606722354888916, 5.613176345825195, 5.615081787109375, 5.595585823059082, 5.608293533325195, 5.598021507263184, 5.597657680511475, 5.585072994232178, 5.591233253479004, 5.590713977813721, 5.5899977684021, 5.561791896820068, 5.584776878356934, 5.581165790557861, 5.562005043029785, 5.5571699142456055, 5.563170909881592, 5.568557262420654, 5.571593284606934, 5.571008682250977, 5.547153472900391, 5.53604793548584, 5.552886486053467, 5.538785457611084, 5.556560039520264, 5.543076515197754, 5.553347110748291, 5.553681373596191, 5.550426006317139, 5.544090270996094, 5.536012649536133, 5.5466508865356445, 5.547512531280518, 5.534573078155518, 5.527847766876221, 5.534089088439941, 5.538100242614746, 5.544917106628418, 5.509381294250488], "best_val_epoch": 100, "model": "AE_sound", "lr": 0.0001, "batch_size": 256, "context": "3"}