{"iter": 9, "val_mses": [21.277978897094727, 16.29838752746582, 15.989998817443848, 15.035179138183594, 13.153912544250488, 12.799674034118652, 12.725204467773438, 12.47818660736084, 12.214178085327148, 11.992310523986816, 11.900240898132324, 11.798318862915039, 11.766631126403809, 11.7232027053833, 11.639727592468262, 11.555976867675781, 11.355538368225098, 11.26327133178711, 11.178640365600586, 11.089803695678711, 11.010700225830078, 10.879502296447754, 10.794795989990234, 10.734603881835938, 10.729288101196289, 10.660829544067383, 10.607412338256836, 10.611949920654297, 10.596755981445312, 10.5667724609375, 10.55041790008545, 10.556997299194336, 10.540989875793457, 10.505827903747559, 10.512062072753906, 10.455769538879395, 10.470757484436035, 10.429134368896484, 10.440108299255371, 10.41274356842041, 10.420919418334961, 10.399188041687012, 10.35134506225586, 10.338300704956055, 10.33464241027832, 10.275993347167969, 10.262100219726562, 10.249732971191406, 10.263947486877441, 10.262770652770996, 10.234474182128906, 10.20888614654541, 10.203757286071777, 10.195228576660156, 10.149547576904297, 10.192140579223633, 10.145066261291504, 10.120509147644043, 10.13377571105957, 10.092836380004883, 10.089286804199219, 10.058947563171387, 10.03113842010498, 9.999655723571777, 10.019221305847168, 9.98361587524414, 9.974860191345215, 9.968424797058105, 9.967013359069824, 9.992033958435059, 9.984970092773438, 9.927138328552246, 9.923089981079102, 9.882875442504883, 9.900146484375, 9.902680397033691, 9.900907516479492, 9.87963581085205, 9.857090950012207, 9.879999160766602, 9.874061584472656, 9.832517623901367, 9.859952926635742, 9.872932434082031, 9.847609519958496, 9.851563453674316, 9.805780410766602, 9.790643692016602, 9.769232749938965, 9.780089378356934, 9.750582695007324, 9.739933967590332, 9.738265991210938, 9.706940650939941, 9.739479064941406, 9.706075668334961, 9.698055267333984, 9.698546409606934, 9.723501205444336, 9.708211898803711], "best_val_epoch": 97, "model": "AE_sound", "lr": 0.0001, "batch_size": 256, "context": "10"}