{"iter": 4, "val_mses": [12.643872261047363, 11.762351989746094, 10.91889476776123, 10.756832122802734, 10.720430374145508, 10.68757152557373, 10.721070289611816, 10.621125221252441, 10.600504875183105, 10.500346183776855, 10.614465713500977, 10.551612854003906, 10.534636497497559, 10.392117500305176, 10.170490264892578, 10.161470413208008, 10.089898109436035, 10.12150764465332, 10.213763236999512, 10.002941131591797, 10.001632690429688, 9.975249290466309, 9.948260307312012, 9.965980529785156, 10.156943321228027, 9.914534568786621, 9.916801452636719, 9.981160163879395, 9.980048179626465, 9.963382720947266, 9.885370254516602, 9.922562599182129, 9.854475021362305, 9.874120712280273, 9.827520370483398, 9.878405570983887, 9.839917182922363, 9.84660530090332, 9.829867362976074, 9.862861633300781, 9.8386812210083, 9.80943775177002, 9.806090354919434, 9.796947479248047, 9.764573097229004, 10.073382377624512, 9.775629043579102, 9.779298782348633, 9.777054786682129, 9.749541282653809, 10.002382278442383, 9.770525932312012, 9.788403511047363, 9.757575988769531, 9.716512680053711, 9.720000267028809, 9.757904052734375, 9.824983596801758, 9.794770240783691, 9.753595352172852, 9.720612525939941, 9.865196228027344, 9.746728897094727, 9.71786117553711, 9.715424537658691, 9.816802978515625, 9.707120895385742, 9.722618103027344, 9.73627758026123, 9.723638534545898, 9.730527877807617, 10.735696792602539, 9.704485893249512, 9.812873840332031, 9.725554466247559, 9.638324737548828, 9.618863105773926, 9.54112434387207, 9.543554306030273, 9.524051666259766, 9.490548133850098, 9.450274467468262, 9.412425994873047, 9.349797248840332, 9.482507705688477, 9.353665351867676, 9.310248374938965, 9.306048393249512, 9.326677322387695, 9.327319145202637, 9.313643455505371, 9.348073959350586, 9.30562973022461, 9.284993171691895, 9.291677474975586, 9.368340492248535, 9.312187194824219, 9.290608406066895, 9.295853614807129, 9.316126823425293], "best_val_epoch": 94, "model": "AE_sound", "lr": 0.0001, "batch_size": 256, "context": "4"}