{"iter": 9, "val_mses": [9.725295066833496, 8.69608211517334, 8.447122573852539, 8.402179718017578, 8.348485946655273, 8.359185218811035, 8.285268783569336, 8.27851676940918, 8.2013578414917, 8.125568389892578, 8.065403938293457, 8.052906036376953, 7.990564346313477, 7.968947887420654, 7.919373989105225, 7.901782512664795, 7.91060209274292, 7.86161994934082, 7.86967658996582, 7.845215797424316, 7.772763729095459, 7.784198760986328, 7.775730609893799, 7.761591911315918, 7.7628865242004395, 7.717933654785156, 7.652682304382324, 7.518370628356934, 7.364670753479004, 7.293979644775391, 7.23581600189209, 7.1537322998046875, 7.1148529052734375, 7.087528228759766, 7.052721977233887, 7.041980743408203, 7.034539222717285, 7.052045822143555, 7.026394844055176, 7.052145004272461, 7.01340389251709, 7.009913921356201, 7.003715515136719, 7.039988994598389, 6.990116119384766, 7.011998176574707, 7.0009989738464355, 6.974292278289795, 6.968367576599121, 6.9554314613342285, 6.9790940284729, 6.942460536956787, 6.948087692260742, 6.91883659362793, 6.9170241355896, 6.902015686035156, 6.9055399894714355, 6.899873733520508, 6.893341064453125, 6.894958972930908, 6.88758659362793, 6.886732578277588, 6.868310451507568, 6.896188259124756, 6.876473903656006, 6.892985820770264, 6.868139743804932, 6.864562511444092, 6.847947597503662, 6.857877254486084, 6.870438575744629, 6.840709209442139, 6.848186016082764, 6.848676681518555, 6.8523030281066895, 6.839991092681885, 6.843667984008789, 6.843028545379639, 6.819046497344971, 6.82775354385376, 6.814732074737549, 6.815885543823242, 6.799161911010742, 6.800178527832031, 6.81037712097168, 6.818566799163818, 6.793364524841309, 6.790515899658203, 6.801818370819092, 6.784616947174072, 6.777167797088623, 6.775360584259033, 6.790170669555664, 6.77369499206543, 6.763980388641357, 6.751720428466797, 6.750220775604248, 6.747350692749023, 6.769952774047852, 6.743882656097412], "best_val_epoch": 100, "model": "AE_sound", "lr": 0.0001, "batch_size": 256, "context": "0"}