{"iter": 1, "val_mses": [11.630941390991211, 10.779377937316895, 10.340511322021484, 9.713990211486816, 9.353103637695312, 8.997962951660156, 8.71307373046875, 8.225469589233398, 8.060745239257812, 7.934983730316162, 7.859995365142822, 7.8518266677856445, 8.172523498535156, 7.781002998352051, 7.7236504554748535, 7.820193290710449, 7.703063011169434, 7.681018829345703, 7.694430351257324, 7.7143707275390625, 7.6749725341796875, 7.727194786071777, 7.653128623962402, 7.6191325187683105, 7.613417148590088, 7.611900806427002, 7.580400466918945, 7.571167469024658, 7.605159759521484, 7.538764476776123, 7.5314412117004395, 7.5416789054870605, 7.538777828216553, 7.512481212615967, 7.51131534576416, 7.548386573791504, 7.496577739715576, 7.642262935638428, 7.481287479400635, 7.4634904861450195, 7.470804691314697, 7.476272106170654, 7.452877044677734, 7.463753700256348, 7.455284595489502, 7.47000789642334, 7.429331302642822, 7.428888320922852, 7.433897495269775, 7.48121976852417, 7.458746433258057, 7.432888507843018, 7.619485378265381, 7.443589687347412, 7.450212478637695, 7.453711032867432, 7.505711555480957, 7.395742893218994, 7.414719104766846, 7.439452648162842, 7.468757152557373, 7.426008224487305, 7.393204689025879, 7.403022289276123, 7.398219585418701, 7.435083866119385, 7.382437229156494, 7.395602226257324, 7.394721031188965, 7.383365631103516, 7.414693355560303, 7.396615028381348, 7.383178234100342, 7.386049747467041, 7.376223087310791, 7.378300666809082, 7.396263599395752, 7.365163326263428, 7.40952730178833, 7.357163906097412, 7.392645359039307, 7.358087539672852, 7.354371547698975, 7.3800506591796875, 7.413776874542236, 7.344408988952637, 7.430635929107666, 7.3708600997924805, 7.363112449645996, 7.347189903259277, 7.353364944458008, 7.348499774932861, 7.342620372772217, 7.342171669006348, 7.318898677825928, 7.331824779510498, 7.361427307128906, 7.347473621368408, 7.332526206970215, 7.329506874084473], "best_val_epoch": 95, "model": "AE_sound_FiLM_embed_32", "lr": 0.0001, "batch_size": 256, "context": ""}