{"iter": 2, "val_mses": [11.463798522949219, 11.17368221282959, 10.90857982635498, 10.629680633544922, 10.49026870727539, 9.72805404663086, 9.503124237060547, 9.391667366027832, 9.24911880493164, 9.092071533203125, 8.954574584960938, 8.69711685180664, 8.442140579223633, 8.32376480102539, 8.268016815185547, 8.213947296142578, 8.158519744873047, 8.117547988891602, 8.082259178161621, 8.042123794555664, 8.036898612976074, 7.982487201690674, 7.981813907623291, 7.954629898071289, 7.942738056182861, 7.951287746429443, 7.896447658538818, 7.898567199707031, 7.8666534423828125, 7.850803375244141, 7.8620285987854, 7.847503662109375, 7.809762477874756, 7.929967403411865, 7.821858882904053, 7.841687202453613, 7.829733848571777, 7.840713024139404, 7.807016849517822, 7.7889628410339355, 7.776147365570068, 7.770185947418213, 7.841017723083496, 7.787207126617432, 7.751164436340332, 7.792502403259277, 7.8597002029418945, 7.744869232177734, 7.91456413269043, 7.769946575164795, 7.760838508605957, 7.722465991973877, 7.877472877502441, 7.707869052886963, 7.889556407928467, 7.7225661277771, 7.821345329284668, 7.7357659339904785, 7.6699676513671875, 7.699186325073242, 7.702441215515137, 7.923919677734375, 7.826711177825928, 7.849147796630859, 7.716041088104248, 7.785073757171631, 7.778500080108643, 7.714936256408691, 7.706523418426514, 7.758682727813721, 7.676670551300049, 7.8196258544921875, 7.662612438201904, 7.655154228210449, 7.650113105773926, 7.841114521026611, 7.642086505889893, 7.837984085083008, 7.660107612609863, 7.801361083984375, 7.642839431762695, 7.7594780921936035, 7.598418235778809, 7.52694845199585, 7.530615329742432, 7.50966215133667, 7.427731990814209, 7.52905797958374, 7.4484148025512695, 7.463188171386719, 7.423028469085693, 7.412346839904785, 7.416365146636963, 7.40544319152832, 7.425940036773682, 7.412876129150391, 7.520979404449463, 7.426025867462158, 7.412797927856445, 7.379410743713379], "best_val_epoch": 100, "model": "AE_sound_FiLM_embed_32", "lr": 0.0001, "batch_size": 256, "context": ""}