{"iter": 3, "val_mses": [9.251627922058105, 8.415619850158691, 8.093293190002441, 7.947772979736328, 7.7224884033203125, 7.52631139755249, 7.4671735763549805, 7.408328533172607, 7.36275053024292, 7.338704586029053, 7.299548625946045, 7.262289524078369, 7.234843730926514, 7.231174468994141, 7.222054958343506, 7.194387912750244, 7.215176582336426, 7.189120292663574, 7.175806522369385, 7.153282165527344, 7.141239643096924, 7.128727436065674, 7.131740570068359, 7.116814613342285, 7.109659671783447, 7.0968122482299805, 7.10865592956543, 7.068187713623047, 7.063063621520996, 7.038191795349121, 7.0386176109313965, 7.030711650848389, 7.009541034698486, 7.00660514831543, 6.9978346824646, 6.990468502044678, 6.984649181365967, 6.976992607116699, 6.974828243255615, 6.958968162536621, 6.9538960456848145, 6.958823204040527, 6.963634490966797, 6.953702926635742, 6.934118747711182, 6.93743896484375, 6.928236961364746, 6.941530704498291, 6.923857688903809, 6.92763090133667, 6.912613868713379, 6.91729211807251, 6.908848285675049, 6.918306827545166, 6.912874221801758, 6.904262542724609, 6.908841133117676, 6.903806209564209, 6.906889915466309, 6.9022440910339355, 6.894198894500732, 6.894808769226074, 6.893525123596191, 6.897056579589844, 6.896585464477539, 6.886158466339111, 6.8900065422058105, 6.882563591003418, 6.872251510620117, 6.8860554695129395, 6.884810447692871, 6.886258125305176, 6.877817630767822, 6.879698753356934, 6.882953643798828, 6.871269702911377, 6.869953632354736, 6.869255542755127, 6.865880966186523, 6.874880790710449, 6.870208263397217, 6.863775253295898, 6.859971523284912, 6.862051486968994, 6.8577046394348145, 6.862698078155518, 6.869085788726807, 6.863117218017578, 6.85903787612915, 6.866023063659668, 6.8540802001953125, 6.857674598693848, 6.866540908813477, 6.862306118011475, 6.852934837341309, 6.861682415008545, 6.862440586090088, 6.856144428253174, 6.850113391876221, 6.8594441413879395], "best_val_epoch": 99, "model": "AE_sound_FiLM_embed_32", "lr": 0.0001, "batch_size": 256, "context": ""}