{"iter": 1, "val_mses": [10.759984970092773, 10.27229118347168, 9.903812408447266, 9.741133689880371, 9.639348030090332, 9.583792686462402, 9.475813865661621, 9.364352226257324, 8.960870742797852, 8.655832290649414, 8.556188583374023, 8.504085540771484, 8.476617813110352, 8.437402725219727, 8.413482666015625, 8.405646324157715, 8.336183547973633, 8.129408836364746, 8.060495376586914, 8.039873123168945, 7.985959053039551, 7.961569309234619, 7.954073905944824, 7.934420585632324, 7.918818950653076, 7.908169746398926, 7.8989081382751465, 7.873663902282715, 7.8475446701049805, 7.815948963165283, 7.823366165161133, 7.794366836547852, 7.791097164154053, 7.780675888061523, 7.8151373863220215, 7.772799491882324, 7.761213779449463, 7.759627342224121, 7.744266986846924, 7.727325439453125, 7.752591609954834, 7.73585319519043, 7.7117085456848145, 7.695084571838379, 7.685591220855713, 7.708560466766357, 7.654160976409912, 7.681888580322266, 7.710214138031006, 7.644653797149658, 7.642721652984619, 7.636097431182861, 7.628220081329346, 7.600025177001953, 7.623036861419678, 7.652111053466797, 7.582326412200928, 7.587019920349121, 7.594059944152832, 7.632012844085693, 7.59132719039917, 7.605273246765137, 7.578744411468506, 7.615590572357178, 7.615040302276611, 7.550098896026611, 7.595822811126709, 7.618406772613525, 7.574615478515625, 7.566652297973633, 7.585439205169678, 7.544056415557861, 7.5249528884887695, 7.5468430519104, 7.585294246673584, 7.532145023345947, 7.6027374267578125, 7.567877292633057, 7.544685363769531, 7.518518924713135, 7.5368452072143555, 7.542968273162842, 7.533886909484863, 7.524220943450928, 7.502282619476318, 7.436285495758057, 7.35553503036499, 7.3135857582092285, 7.302253723144531, 7.448435306549072, 7.318203926086426, 7.294247150421143, 7.300065040588379, 7.290442943572998, 7.3153300285339355, 7.290791988372803, 7.282243728637695, 7.329779624938965, 7.318383693695068, 7.2924323081970215], "best_val_epoch": 97, "model": "AE_sound_all", "lr": 0.0001, "batch_size": 256, "context": ""}