{"iter": 3, "val_mses": [9.343829154968262, 8.803884506225586, 8.470783233642578, 8.30329704284668, 8.212871551513672, 8.139427185058594, 8.081608772277832, 8.033792495727539, 7.995805263519287, 7.9722771644592285, 7.932762145996094, 7.914344310760498, 7.892960548400879, 7.857436656951904, 7.86223840713501, 7.840622425079346, 7.834193706512451, 7.8241286277771, 7.781030654907227, 7.766124725341797, 7.7610063552856445, 7.738893508911133, 7.742801666259766, 7.710437297821045, 7.699575424194336, 7.752431869506836, 7.688146114349365, 7.717294216156006, 7.671988487243652, 7.724032402038574, 7.662809371948242, 7.6330766677856445, 7.64409875869751, 7.649869441986084, 7.625957012176514, 7.632532119750977, 7.6314520835876465, 7.633720397949219, 7.636537551879883, 7.595089912414551, 7.58994722366333, 7.579779148101807, 7.563002109527588, 7.578536510467529, 7.607385635375977, 7.573071002960205, 7.567019462585449, 7.55349063873291, 7.552432537078857, 7.583179950714111, 7.586109638214111, 7.543916702270508, 7.55595588684082, 7.5407867431640625, 7.54082727432251, 7.57368278503418, 7.531880855560303, 7.523130416870117, 7.52940559387207, 7.529268741607666, 7.501859188079834, 7.547373294830322, 7.535415172576904, 7.503049850463867, 7.510288715362549, 7.509560585021973, 7.5191216468811035, 7.502764701843262, 7.503782272338867, 7.490180969238281, 7.4827880859375, 7.50787878036499, 7.497786521911621, 7.490261554718018, 7.486855983734131, 7.484048843383789, 7.476649761199951, 7.521397113800049, 7.469060897827148, 7.472161769866943, 7.477476119995117, 7.473303318023682, 7.4883551597595215, 7.490872859954834, 7.456637859344482, 7.5470356941223145, 7.467098712921143, 7.518824577331543, 7.461475372314453, 7.437112331390381, 7.48746395111084, 7.467337608337402, 7.4395365715026855, 7.459807395935059, 7.492109775543213, 7.4679694175720215, 7.497528076171875, 7.469893932342529, 7.533125877380371, 7.460504531860352], "best_val_epoch": 90, "model": "AE_sound_all", "lr": 0.0001, "batch_size": 256, "context": ""}