{"iter": 2, "val_mses": [11.235818862915039, 10.66555404663086, 10.353259086608887, 10.190577507019043, 9.983236312866211, 9.516132354736328, 9.368892669677734, 9.334135055541992, 9.217686653137207, 8.714556694030762, 8.623690605163574, 8.506134033203125, 8.4999418258667, 8.449790954589844, 8.405993461608887, 8.376908302307129, 8.363020896911621, 8.322501182556152, 8.299729347229004, 8.296172142028809, 8.250259399414062, 8.223631858825684, 8.198253631591797, 8.205049514770508, 8.174477577209473, 8.156023025512695, 8.136436462402344, 8.123846054077148, 8.11538314819336, 8.133432388305664, 8.0863618850708, 8.098642349243164, 8.059991836547852, 8.110124588012695, 8.071471214294434, 8.059892654418945, 8.042757987976074, 8.041601181030273, 8.039365768432617, 8.054760932922363, 8.017607688903809, 8.030839920043945, 8.255769729614258, 7.991568088531494, 7.985570907592773, 8.072076797485352, 8.49466323852539, 8.019246101379395, 7.96917200088501, 7.952181816101074, 7.975305080413818, 7.966856002807617, 7.965722560882568, 7.967288970947266, 7.95631217956543, 8.156274795532227, 7.935925006866455, 7.962922096252441, 7.975691795349121, 7.952008247375488, 7.937046527862549, 7.940858364105225, 7.951359748840332, 7.954479694366455, 7.920961380004883, 7.946246147155762, 7.900725364685059, 8.093366622924805, 7.952059745788574, 7.916935920715332, 7.886149883270264, 7.868362903594971, 7.905066967010498, 7.862205505371094, 7.863420486450195, 7.841900825500488, 7.846022605895996, 8.099200248718262, 7.987516403198242, 8.065930366516113, 7.862783432006836, 7.837264060974121, 7.82552433013916, 7.866992950439453, 7.871485233306885, 7.8434858322143555, 7.842494010925293, 8.926752090454102, 7.852934837341309, 7.883103370666504, 7.8326096534729, 8.182180404663086, 7.810400485992432, 7.78773832321167, 7.810357570648193, 7.818264007568359, 7.812859058380127, 7.841193199157715, 7.785394191741943, 7.796394348144531], "best_val_epoch": 99, "model": "AE_sound_all", "lr": 0.0001, "batch_size": 256, "context": ""}