{"valve_13_min6dB": {"AUC": 0.5154166666666666}, "valve_13_6dB": {"AUC": 0.6438194444444445}, "valve_13_0dB": {"AUC": 0.5759027777777779}}