{"valve_13_min6dB": {"AUC": 0.5879861111111111}, "valve_13_6dB": {"AUC": 0.7018055555555556}, "valve_13_0dB": {"AUC": 0.6307638888888889}}