{"valve_13_min6dB": {"AUC": 0.570138888888889}, "valve_13_6dB": {"AUC": 0.7079166666666667}, "valve_13_0dB": {"AUC": 0.6366666666666667}}