{"0": {"AUC": 0.6092868988391376}, "1": {"AUC": 0.47330041603803774}, "2": {"AUC": 0.5268902910808142}}