{"0": {"AUC": 0.6109203980099502}, "1": {"AUC": 0.5143294733885874}, "2": {"AUC": 0.527954163442811}}