{"0": {"AUC": 0.6101520176893311}, "1": {"AUC": 0.4762361946561645}, "2": {"AUC": 0.5134368079827112}}