{"0": {"AUC": 0.6138944168048646}, "1": {"AUC": 0.5080986996362116}, "2": {"AUC": 0.5101351351351351}}