{"0": {"AUC": 0.6035295743504698}, "1": {"AUC": 0.4969858468692648}, "2": {"AUC": 0.5084142632267016}}