{"0": {"AUC": 0.6240851299060254}, "1": {"AUC": 0.45819046312805745}, "2": {"AUC": 0.5238387449641152}}