{"0": {"AUC": 0.6014980652294085}, "1": {"AUC": 0.4919404876200926}, "2": {"AUC": 0.5112390277740722}}