{"0": {"AUC": 0.5969568822553897}, "1": {"AUC": 0.495774307528525}, "2": {"AUC": 0.5261699260958885}}