{"0": {"AUC": 0.6076920950801548}, "1": {"AUC": 0.5082554486614286}, "2": {"AUC": 0.5074437715108989}}