{"0": {"AUC": 0.6092426755113323}, "1": {"AUC": 0.4899778592001881}, "2": {"AUC": 0.5251494090339105}}