{"pump_7_min6dB": {"AUC": 0.7014609765474817}, "pump_7_6dB": {"AUC": 0.9100346020761246}, "pump_7_0dB": {"AUC": 0.8894655901576317}}