{"pump_7_min6dB": {"AUC": 0.6588811995386391}, "pump_7_6dB": {"AUC": 0.9033064206074586}, "pump_7_0dB": {"AUC": 0.8604382929642446}}