{"pump_7_min6dB": {"AUC": 0.6835832372164552}, "pump_7_6dB": {"AUC": 0.8167051134179162}, "pump_7_0dB": {"AUC": 0.8182429834678969}}