{"val_accs": [0.790346762286038, 0.8067562435301127, 0.8141398471188698, 0.8173135843720669, 0.8236260161215624, 0.8242492089334406, 0.8288710644379473, 0.8257551003785565, 0.8272723570421261, 0.8229365262020376, 0.8286901680442259, 0.8231231052049859, 0.8230710146204064, 0.8301884826770394, 0.8216920347813569, 0.8230691204173308, 0.8240304284782067, 0.8210139100802858, 0.8266018091533576, 0.8182606859098757, 0.8241554458811975, 0.8277269657802744, 0.8290188122778455, 0.8242056422627013, 0.821761173193617, 0.8222669254148068, 0.8248402002930332, 0.8221665326517991, 0.8228285566267274, 0.8233769284171186, 0.8239328770198124, 0.8235199407493278, 0.8222735551255714, 0.8262201272336206, 0.8247189712961936, 0.8232234979679937, 0.8169139075231117, 0.8232822182633378, 0.8201245817362833, 0.8229298964912729], "best_val_epoch": 14, "model": "MLP_sound_128", "lr": 0.0001, "batch_size": 512}