{"fan_0_min6dB": {"AUC": 0.5658048041340424}, "fan_0_6dB": {"AUC": 0.8169684091060013}, "fan_0_0dB": {"AUC": 0.6247909736853225}}