{"fan_0_min6dB": {"AUC": 0.5622249455173288}, "fan_0_6dB": {"AUC": 0.8338353989459639}, "fan_0_0dB": {"AUC": 0.6229738785021339}}