{"fan_0_min6dB": {"AUC": 0.5402386974868547}, "fan_0_6dB": {"AUC": 0.7984835404982825}, "fan_0_0dB": {"AUC": 0.6007582297508587}}