{"slider_10_min6dB": {"AUC": 0.7245612927660648}, "slider_10_6dB": {"AUC": 0.9449564448933215}, "slider_10_0dB": {"AUC": 0.8736270672894837}}