{"slider_10_min6dB": {"AUC": 0.6262151243529858}, "slider_10_6dB": {"AUC": 0.5688991288978664}, "slider_10_0dB": {"AUC": 0.6805643226865294}}