{"slider_10_min6dB": {"AUC": 0.699943188991289}, "slider_10_6dB": {"AUC": 0.9151622269915415}, "slider_10_0dB": {"AUC": 0.8485355384421158}}