{"0": {"AUC": 0.9051824212271973}, "1": {"AUC": 0.8882673354625077}, "2": {"AUC": 0.8076692190709959}}