{"0": {"AUC": 0.9121061359867328}, "1": {"AUC": 0.8771544826955606}, "2": {"AUC": 0.8329486940049625}}