{"0": {"AUC": 0.8331370923161968}, "1": {"AUC": 0.7894044190162692}, "2": {"AUC": 0.7491428990688616}}