{"0": {"AUC": 0.8835406301824212}, "1": {"AUC": 0.821686554199241}, "2": {"AUC": 0.8349630479442917}}