{"0": {"AUC": 0.8346379215035932}, "1": {"AUC": 0.8151602432222373}, "2": {"AUC": 0.7180904991862544}}