{"0": {"AUC": 0.8345688225538972}, "1": {"AUC": 0.7227305680192802}, "2": {"AUC": 0.7581541314265895}}