{"0": {"AUC": 0.8515837479270315}, "1": {"AUC": 0.7206732370633071}, "2": {"AUC": 0.8131803447079853}}