{"0": {"AUC": 0.8152874516307352}, "1": {"AUC": 0.8006805520178172}, "2": {"AUC": 0.7583242176035858}}