{"0": {"AUC": 0.8392896627971254}, "1": {"AUC": 0.7744936679925022}, "2": {"AUC": 0.7471518902910809}}