{"0": {"AUC": 0.9388197899391929}, "1": {"AUC": 0.8107973953536977}, "2": {"AUC": 0.8512446306128438}}