{"iter": 2, "val_mses": [10.456230163574219, 9.89696216583252, 9.197885513305664, 9.019037246704102, 8.929975509643555, 8.86728572845459, 8.810578346252441, 8.759987831115723, 8.697723388671875, 8.602238655090332, 8.514328002929688, 8.102639198303223, 8.040863990783691, 7.971305847167969, 7.932273864746094, 7.905171871185303, 7.820746421813965, 7.819334506988525, 7.796853542327881, 7.775590896606445, 7.747161865234375, 7.728597640991211, 7.716203689575195, 7.704413890838623, 7.693502426147461, 7.682425498962402, 7.68082332611084, 7.654546737670898, 7.6483893394470215, 7.622631072998047, 7.601291179656982, 7.607932090759277, 7.595395565032959, 7.608598232269287, 7.586286544799805, 7.592559814453125, 7.590929985046387, 7.592344284057617, 7.5597004890441895, 7.5891947746276855, 7.551480770111084, 7.579533100128174, 7.540092468261719, 7.552168369293213, 7.539096832275391, 7.5552592277526855, 7.540594577789307, 7.538508892059326, 7.53622579574585, 7.52856969833374, 7.5019917488098145, 7.5092597007751465, 7.5186614990234375, 7.591949939727783, 7.521322727203369, 7.494361877441406, 7.491014003753662, 7.489731311798096, 7.516193866729736, 7.474409103393555, 7.48671817779541, 7.470077037811279, 7.480898857116699, 7.482389450073242, 7.477117538452148, 7.4694085121154785, 7.457674980163574, 7.473350524902344, 7.453366279602051, 7.450539588928223, 7.467361927032471, 7.4764580726623535, 7.435969829559326, 7.45033073425293, 7.450324058532715, 7.451467514038086, 7.446628570556641, 7.457433223724365, 7.440242767333984, 7.437870025634766, 7.421432018280029, 7.418393135070801, 7.415847301483154, 7.429078102111816, 7.439516067504883, 7.413413047790527, 7.419250965118408, 7.437304496765137, 7.406147480010986, 7.425243377685547, 7.45391321182251, 7.413295269012451, 7.411581993103027, 7.428083896636963, 7.409865856170654, 7.41332483291626, 7.406428337097168, 7.39392614364624, 7.394807815551758, 7.394785404205322], "best_val_epoch": 98, "model": "AE_sound_FiLM_embed_64", "lr": 0.0001, "batch_size": 256, "context": ""}