{"iter": 3, "val_mses": [9.141798973083496, 8.563422203063965, 8.356012344360352, 8.210014343261719, 8.103065490722656, 8.044520378112793, 7.988157272338867, 7.961958885192871, 7.890326499938965, 7.8469438552856445, 7.8183722496032715, 7.760078430175781, 7.751243591308594, 7.711467266082764, 7.700930595397949, 7.6800150871276855, 7.682542324066162, 7.6431050300598145, 7.645890235900879, 7.632798194885254, 7.6082282066345215, 7.579249382019043, 7.580371379852295, 7.550132751464844, 7.564419269561768, 7.562004566192627, 7.545638561248779, 7.522273540496826, 7.510515213012695, 7.479558944702148, 7.47812032699585, 7.475009441375732, 7.457986354827881, 7.4421916007995605, 7.451599597930908, 7.433164119720459, 7.438802242279053, 7.422440528869629, 7.430727481842041, 7.427032470703125, 7.419060707092285, 7.399829387664795, 7.409418106079102, 7.400669097900391, 7.380685806274414, 7.39573860168457, 7.391923427581787, 7.359715461730957, 7.36798620223999, 7.379678726196289, 7.363531112670898, 7.351284503936768, 7.37297248840332, 7.362436771392822, 7.333756923675537, 7.345417499542236, 7.354262351989746, 7.338588237762451, 7.3470377922058105, 7.311301231384277, 7.313919544219971, 7.317664623260498, 7.330706596374512, 7.317907333374023, 7.316691875457764, 7.323606491088867, 7.318376541137695, 7.324241638183594, 7.29048490524292, 7.331171989440918, 7.303910255432129, 7.317346096038818, 7.298591613769531, 7.310858249664307, 7.3170976638793945, 7.288111209869385, 7.29659366607666, 7.281731605529785, 7.288694381713867, 7.295345306396484, 7.3043928146362305, 7.291355133056641, 7.29899263381958, 7.290346145629883, 7.302446365356445, 7.2914886474609375, 7.290853500366211, 7.2918524742126465, 7.31226110458374, 7.285777568817139, 7.26512336730957, 7.2885050773620605, 7.289111137390137, 7.298456192016602, 7.26729679107666, 7.26659631729126, 7.179723262786865, 7.178773403167725, 7.178849697113037, 7.150241851806641], "best_val_epoch": 100, "model": "AE_sound_FiLM_embed_64", "lr": 0.0001, "batch_size": 256, "context": ""}