{"iter": 1, "val_mses": [9.734585762023926, 8.968570709228516, 8.691887855529785, 8.52973747253418, 8.271430015563965, 8.126421928405762, 8.028478622436523, 7.937816143035889, 7.881556034088135, 7.805832386016846, 7.771289825439453, 7.716509819030762, 7.6726250648498535, 7.648828506469727, 7.621377944946289, 7.601855754852295, 7.6532697677612305, 7.568371772766113, 7.5598673820495605, 7.5300726890563965, 7.5217461585998535, 7.50502347946167, 7.471920967102051, 7.479581356048584, 7.450364589691162, 7.4625043869018555, 7.441447734832764, 7.458822727203369, 7.4373345375061035, 7.897003650665283, 7.41061544418335, 7.4517388343811035, 7.410409927368164, 7.4317193031311035, 7.398944854736328, 7.387382507324219, 7.571845054626465, 7.383918762207031, 7.412874221801758, 7.3820343017578125, 7.439483165740967, 7.40070104598999, 7.399348735809326, 7.400689125061035, 7.428818225860596, 7.390224456787109, 7.36877965927124, 7.345500469207764, 7.487673759460449, 7.363375186920166, 7.360238552093506, 7.448222637176514, 7.55202054977417, 7.348916530609131, 7.32240629196167, 7.361720561981201, 7.323256015777588, 7.361440181732178, 7.315418243408203, 7.333983421325684, 7.303256034851074, 7.347620010375977, 7.330613136291504, 7.657607555389404, 7.354026794433594, 7.322733402252197, 7.600651741027832, 7.457487106323242, 7.440393924713135, 7.414773941040039, 7.542003154754639, 7.370944499969482, 7.336856842041016, 7.348086833953857, 7.337584972381592, 7.3267974853515625, 7.388452529907227, 7.355375289916992, 7.302337646484375, 7.320922374725342, 7.4254631996154785, 7.3217010498046875, 7.288681507110596, 7.436493396759033, 7.326213359832764, 7.2928900718688965, 7.411097526550293, 7.2948126792907715, 7.286574363708496, 7.304046630859375, 7.349387168884277, 7.406554698944092, 7.382387161254883, 7.8763508796691895, 7.359726428985596, 7.42534875869751, 7.2952561378479, 7.3833489418029785, 7.388465404510498, 7.277319431304932], "best_val_epoch": 100, "model": "AE_sound_FiLM_embed_64", "lr": 0.0001, "batch_size": 256, "context": ""}