{"fan_3_min6dB": {"AUC": 0.8072068200827189}, "fan_3_6dB": {"AUC": 0.9949202354186969}, "fan_3_0dB": {"AUC": 0.9686850162291573}}