{"fan_3_min6dB": {"AUC": 0.8236968715709672}, "fan_3_6dB": {"AUC": 0.9991559303565811}, "fan_3_0dB": {"AUC": 0.9798727756846556}}