{"fan_3_min6dB": {"AUC": 0.8207196077378167}, "fan_3_6dB": {"AUC": 0.9980739865409258}, "fan_3_0dB": {"AUC": 0.9752150459250619}}