{"valve_12_min6dB": {"AUC": 0.5072381893934044}, "valve_14_min6dB": {"AUC": 0.5606944444444444}, "valve_15_min6dB": {"AUC": 0.5254166666666666}, "valve_13_min6dB": {"AUC": 0.5814583333333333}, "pump_4_min6dB": {"AUC": 0.5862878380360899}, "pump_6_min6dB": {"AUC": 0.9058999999999999}, "pump_7_min6dB": {"AUC": 0.6572472126105343}, "pump_5_min6dB": {"AUC": 0.4926548169791414}, "fan_1_min6dB": {"AUC": 0.6987996679107084}, "fan_3_min6dB": {"AUC": 0.7574680980041588}, "fan_2_min6dB": {"AUC": 0.5629376403752147}, "fan_0_min6dB": {"AUC": 0.5549324173402796}, "slider_9_min6dB": {"AUC": 0.7296918178120047}, "slider_11_min6dB": {"AUC": 0.5350334553717965}, "slider_10_min6dB": {"AUC": 0.7104847872743341}, "slider_8_min6dB": {"AUC": 0.8988685140765054}, "valve_13_6dB": {"AUC": 0.6661111111111111}, "valve_15_6dB": {"AUC": 0.6530555555555555}, "valve_14_6dB": {"AUC": 0.594375}, "valve_12_6dB": {"AUC": 0.4901490007767813}, "pump_4_6dB": {"AUC": 0.6945571910606876}, "pump_6_6dB": {"AUC": 0.9619}, "pump_7_6dB": {"AUC": 0.8608227604767397}, "pump_5_6dB": {"AUC": 0.32903173443713984}, "fan_0_6dB": {"AUC": 0.7764912556067348}, "fan_2_6dB": {"AUC": 0.9334126040428061}, "fan_3_6dB": {"AUC": 0.9937615579990946}, "fan_1_6dB": {"AUC": 0.9691963904687269}, "slider_9_6dB": {"AUC": 0.9290493624542355}, "slider_11_6dB": {"AUC": 0.7934604216639314}, "slider_10_6dB": {"AUC": 0.9236523166266886}, "slider_8_6dB": {"AUC": 0.9962047090013887}, "valve_13_0dB": {"AUC": 0.6152083333333334}, "valve_15_0dB": {"AUC": 0.6004166666666667}, "valve_14_0dB": {"AUC": 0.6297916666666667}, "valve_12_0dB": {"AUC": 0.46303227173222233}, "slider_8_0dB": {"AUC": 0.9794138997601313}, "slider_10_0dB": {"AUC": 0.8641585658376468}, "slider_11_0dB": {"AUC": 0.5737911879813156}, "slider_9_0dB": {"AUC": 0.8578322041268639}, "pump_4_0dB": {"AUC": 0.5762139957944153}, "pump_6_0dB": {"AUC": 0.9421000000000002}, "pump_7_0dB": {"AUC": 0.8214148404459823}, "pump_5_0dB": {"AUC": 0.40962584205827446}, "fan_0_0dB": {"AUC": 0.617317339676062}, "fan_2_0dB": {"AUC": 0.775647377460695}, "fan_3_0dB": {"AUC": 0.9533996823228796}, "fan_1_0dB": {"AUC": 0.8634942311124216}}