{"valve_12_min6dB": {"AUC": 0.534001836028529}, "valve_14_min6dB": {"AUC": 0.5493055555555555}, "valve_15_min6dB": {"AUC": 0.5243055555555556}, "valve_13_min6dB": {"AUC": 0.5913194444444445}, "pump_4_min6dB": {"AUC": 0.579734950364321}, "pump_6_min6dB": {"AUC": 0.9336}, "pump_7_min6dB": {"AUC": 0.6786812764321416}, "pump_5_min6dB": {"AUC": 0.5105105105105106}, "fan_1_min6dB": {"AUC": 0.7092278923968622}, "fan_3_min6dB": {"AUC": 0.7429501001373532}, "fan_2_min6dB": {"AUC": 0.5631440745144669}, "fan_0_min6dB": {"AUC": 0.5659677993830329}, "slider_9_min6dB": {"AUC": 0.7375471671646397}, "slider_11_min6dB": {"AUC": 0.5374321424062618}, "slider_10_min6dB": {"AUC": 0.7201426587552078}, "slider_8_min6dB": {"AUC": 0.9257590581997224}, "valve_13_6dB": {"AUC": 0.6981944444444445}, "valve_15_6dB": {"AUC": 0.6580555555555555}, "valve_14_6dB": {"AUC": 0.5928472222222223}, "valve_12_6dB": {"AUC": 0.5920485841395382}, "pump_4_6dB": {"AUC": 0.6815003178639543}, "pump_6_6dB": {"AUC": 0.9721}, "pump_7_6dB": {"AUC": 0.8500576701268743}, "pump_5_6dB": {"AUC": 0.3655547439331224}, "fan_0_6dB": {"AUC": 0.782184015599249}, "fan_2_6dB": {"AUC": 0.9426608534813052}, "fan_3_6dB": {"AUC": 0.9919429715855465}, "fan_1_6dB": {"AUC": 0.9304707443300408}, "slider_9_6dB": {"AUC": 0.9352073952503192}, "slider_11_6dB": {"AUC": 0.8022976896856457}, "slider_10_6dB": {"AUC": 0.9313533644741825}, "slider_8_6dB": {"AUC": 0.9986191768716071}, "valve_13_0dB": {"AUC": 0.6359722222222222}, "valve_15_0dB": {"AUC": 0.5899305555555555}, "valve_14_0dB": {"AUC": 0.6371527777777777}, "valve_12_0dB": {"AUC": 0.5265164889485205}, "slider_8_0dB": {"AUC": 0.985268589824517}, "slider_10_0dB": {"AUC": 0.8651685393258427}, "slider_11_0dB": {"AUC": 0.5938644110592097}, "slider_9_0dB": {"AUC": 0.8587580131577103}, "pump_4_0dB": {"AUC": 0.5648686977358306}, "pump_6_0dB": {"AUC": 0.9509}, "pump_7_0dB": {"AUC": 0.8196847366397539}, "pump_5_0dB": {"AUC": 0.43121499878256625}, "fan_0_0dB": {"AUC": 0.6322525339724357}, "fan_2_0dB": {"AUC": 0.7804696789536265}, "fan_3_0dB": {"AUC": 0.9541516716415619}, "fan_1_0dB": {"AUC": 0.8481079445379847}}