{"valve_12_min6dB": {"AUC": 0.4947390720994279}, "valve_14_min6dB": {"AUC": 0.5379861111111112}, "valve_15_min6dB": {"AUC": 0.5177777777777778}, "valve_13_min6dB": {"AUC": 0.5884027777777778}, "pump_4_min6dB": {"AUC": 0.6124993887231649}, "pump_6_min6dB": {"AUC": 0.901}, "pump_7_min6dB": {"AUC": 0.6460015378700499}, "pump_5_min6dB": {"AUC": 0.5112409707004302}, "fan_1_min6dB": {"AUC": 0.7240012104189135}, "fan_3_min6dB": {"AUC": 0.7844169397104074}, "fan_2_min6dB": {"AUC": 0.577425188267935}, "fan_0_min6dB": {"AUC": 0.5323424832024342}, "slider_9_min6dB": {"AUC": 0.7641992453253657}, "slider_11_min6dB": {"AUC": 0.5168539325842697}, "slider_10_min6dB": {"AUC": 0.7290114884484282}, "slider_8_min6dB": {"AUC": 0.918113243277364}, "valve_13_6dB": {"AUC": 0.7022916666666668}, "valve_15_6dB": {"AUC": 0.6459722222222222}, "valve_14_6dB": {"AUC": 0.6174999999999999}, "valve_12_6dB": {"AUC": 0.4962220182190523}, "pump_4_6dB": {"AUC": 0.7306958775490244}, "pump_6_6dB": {"AUC": 0.9498}, "pump_7_6dB": {"AUC": 0.8298731257208766}, "pump_5_6dB": {"AUC": 0.385114844574304}, "fan_0_6dB": {"AUC": 0.7630713134398638}, "fan_2_6dB": {"AUC": 0.9418764037521469}, "fan_3_6dB": {"AUC": 0.9949279087790917}, "fan_1_6dB": {"AUC": 0.9721758831790566}, "slider_9_6dB": {"AUC": 0.9389807684214956}, "slider_11_6dB": {"AUC": 0.7934604216639314}, "slider_10_6dB": {"AUC": 0.9365294786011866}, "slider_8_6dB": {"AUC": 0.9970884358035602}, "valve_13_0dB": {"AUC": 0.6347222222222222}, "valve_15_0dB": {"AUC": 0.5934027777777778}, "valve_14_0dB": {"AUC": 0.625625}, "valve_12_0dB": {"AUC": 0.4566061718805169}, "slider_8_0dB": {"AUC": 0.9795480368640324}, "slider_10_0dB": {"AUC": 0.8838846105289736}, "slider_11_0dB": {"AUC": 0.5794722888524175}, "slider_9_0dB": {"AUC": 0.8725469567534965}, "pump_4_0dB": {"AUC": 0.6094185534744976}, "pump_6_0dB": {"AUC": 0.9249}, "pump_7_0dB": {"AUC": 0.8086312956555172}, "pump_5_0dB": {"AUC": 0.4317019722425127}, "fan_0_0dB": {"AUC": 0.5968342700529432}, "fan_2_0dB": {"AUC": 0.7941273616065531}, "fan_3_0dB": {"AUC": 0.9657768126395593}, "fan_1_0dB": {"AUC": 0.8896035878058054}}