{"valve_14_min6dB": {"AUC": 0.5564583333333333}, "valve_14_6dB": {"AUC": 0.6576388888888889}, "valve_14_0dB": {"AUC": 0.6554861111111112}}