{"valve_14_min6dB": {"AUC": 0.5692361111111112}, "valve_14_6dB": {"AUC": 0.6512499999999999}, "valve_14_0dB": {"AUC": 0.6656249999999999}}