{"valve_14_min6dB": {"AUC": 0.5324305555555555}, "valve_14_6dB": {"AUC": 0.6760416666666667}, "valve_14_0dB": {"AUC": 0.6588888888888889}}