{"iter": 2, "val_mses": [12.828157424926758, 11.12572956085205, 10.321460723876953, 9.656113624572754, 9.293783187866211, 9.010353088378906, 8.723366737365723, 8.579840660095215, 8.461152076721191, 8.398696899414062, 8.313030242919922, 8.231911659240723, 8.209307670593262, 8.165877342224121, 8.148958206176758, 8.11685562133789, 8.068628311157227, 8.02841567993164, 7.997188091278076, 7.965331554412842, 7.944897651672363, 7.9011383056640625, 7.8785552978515625, 7.832058429718018, 7.8229241371154785, 7.795077800750732, 7.775987148284912, 7.762874603271484, 7.745912551879883, 7.735500335693359, 7.722830772399902, 7.699375629425049, 7.69340705871582, 7.674498558044434, 7.658222675323486, 7.657046794891357, 7.64836311340332, 7.628177642822266, 7.624188423156738, 7.606180191040039, 7.592923164367676, 7.591318130493164, 7.562791347503662, 7.54355525970459, 7.525294780731201, 7.520813941955566, 7.511561393737793, 7.4962897300720215, 7.496899604797363, 7.480389595031738, 7.473441123962402, 7.453951835632324, 7.4606218338012695, 7.453722953796387, 7.443349361419678, 7.442511081695557, 7.435482501983643, 7.429183006286621, 7.423101425170898, 7.428590774536133, 7.422524452209473, 7.414793968200684, 7.41424036026001, 7.407982349395752, 7.403022289276123, 7.3950514793396, 7.3980231285095215, 7.389298439025879, 7.392451286315918, 7.390684127807617, 7.391438961029053, 7.396029949188232, 7.380313873291016, 7.372852325439453, 7.38057804107666, 7.374059200286865, 7.366212368011475, 7.371330738067627, 7.363236904144287, 7.36292839050293, 7.355357646942139, 7.354842662811279, 7.361471176147461, 7.347516059875488, 7.34856653213501, 7.348814010620117, 7.346182823181152, 7.347890853881836, 7.339809894561768, 7.3360276222229, 7.336062431335449, 7.337734222412109, 7.339208126068115, 7.345817565917969, 7.329479694366455, 7.331881523132324, 7.329514980316162, 7.317473888397217, 7.3129096031188965, 7.320380687713623], "best_val_epoch": 99, "model": "AE_sound_FiLM_one_hot", "lr": 0.0001, "batch_size": 256, "context": ""}