{"iter": 1, "val_mses": [13.50675106048584, 11.91960334777832, 10.604108810424805, 10.030942916870117, 9.326383590698242, 9.090568542480469, 8.914769172668457, 8.836898803710938, 8.763614654541016, 8.688335418701172, 8.637312889099121, 8.574972152709961, 8.543145179748535, 8.510189056396484, 8.491084098815918, 8.443246841430664, 8.450361251831055, 8.418498039245605, 8.387699127197266, 8.359713554382324, 8.35224437713623, 8.341668128967285, 8.291770935058594, 8.242274284362793, 8.201105117797852, 8.180198669433594, 8.172590255737305, 8.120409965515137, 8.126593589782715, 8.095104217529297, 8.088479995727539, 8.01857852935791, 7.921308994293213, 7.8682780265808105, 7.832353115081787, 7.814986228942871, 7.769465446472168, 7.754352569580078, 7.72697114944458, 7.729681968688965, 7.696054935455322, 7.686326503753662, 7.66649055480957, 7.656223773956299, 7.639906883239746, 7.645353317260742, 7.636373519897461, 7.6253886222839355, 7.621365070343018, 7.617435455322266, 7.604496955871582, 7.6093621253967285, 7.593643665313721, 7.593641757965088, 7.5688605308532715, 7.579338073730469, 7.55605936050415, 7.564898490905762, 7.562344074249268, 7.551398277282715, 7.548052787780762, 7.550429344177246, 7.548016548156738, 7.543271541595459, 7.536291122436523, 7.533012390136719, 7.5316314697265625, 7.527523517608643, 7.525543689727783, 7.499566078186035, 7.500052452087402, 7.505663871765137, 7.497790813446045, 7.495484352111816, 7.498742580413818, 7.481351852416992, 7.483771800994873, 7.488868713378906, 7.479074954986572, 7.4713358879089355, 7.472212791442871, 7.471668720245361, 7.470721244812012, 7.455982208251953, 7.466183185577393, 7.464552402496338, 7.474313735961914, 7.455852031707764, 7.454941272735596, 7.451397895812988, 7.442436218261719, 7.436742782592773, 7.442515850067139, 7.433028697967529, 7.426604270935059, 7.43398380279541, 7.433562278747559, 7.4245452880859375, 7.423844814300537, 7.421344757080078], "best_val_epoch": 100, "model": "AE_sound_FiLM_one_hot", "lr": 0.0001, "batch_size": 256, "context": ""}