{"iter": 3, "val_mses": [12.979736328125, 11.196121215820312, 10.183560371398926, 9.735142707824707, 9.291975975036621, 9.012845039367676, 8.740480422973633, 8.569340705871582, 8.448484420776367, 8.371785163879395, 8.329924583435059, 8.288148880004883, 8.265887260437012, 8.228816032409668, 8.201948165893555, 8.174317359924316, 8.127737998962402, 8.12118148803711, 8.085691452026367, 8.069563865661621, 8.052104949951172, 8.037166595458984, 8.022743225097656, 8.011087417602539, 8.000534057617188, 7.985283851623535, 7.986202716827393, 7.992863655090332, 7.967483997344971, 7.961669921875, 7.935859680175781, 7.925896644592285, 7.901973724365234, 7.89517068862915, 7.892820835113525, 7.871060848236084, 7.878185749053955, 7.8466010093688965, 7.857852458953857, 7.837693214416504, 7.821587562561035, 7.813833713531494, 7.792134761810303, 7.78205680847168, 7.760074615478516, 7.750680446624756, 7.7428388595581055, 7.736181735992432, 7.730493068695068, 7.7194342613220215, 7.7027587890625, 7.697334289550781, 7.689988613128662, 7.686553955078125, 7.677114963531494, 7.663518905639648, 7.656872749328613, 7.652373313903809, 7.646261215209961, 7.637834548950195, 7.644897937774658, 7.629358768463135, 7.6143035888671875, 7.611215114593506, 7.610067367553711, 7.605952262878418, 7.595986366271973, 7.596068859100342, 7.596610069274902, 7.584949970245361, 7.585727214813232, 7.5869269371032715, 7.583258152008057, 7.57418966293335, 7.568607807159424, 7.572115898132324, 7.559247970581055, 7.564016819000244, 7.55325984954834, 7.551522731781006, 7.553144454956055, 7.556743144989014, 7.5452351570129395, 7.545416831970215, 7.5460124015808105, 7.532064437866211, 7.532332420349121, 7.529854774475098, 7.522965431213379, 7.5302534103393555, 7.526700019836426, 7.5179290771484375, 7.522608280181885, 7.514294624328613, 7.506126403808594, 7.505922794342041, 7.503964424133301, 7.500216960906982, 7.508425235748291, 7.494213581085205], "best_val_epoch": 100, "model": "AE_sound_FiLM_one_hot", "lr": 0.0001, "batch_size": 256, "context": ""}