{"iter": 1, "val_mses": [9.604698181152344, 9.204644203186035, 8.935555458068848, 8.792207717895508, 8.676189422607422, 8.596583366394043, 8.633161544799805, 8.519662857055664, 8.420892715454102, 8.404858589172363, 8.370891571044922, 8.314565658569336, 8.280951499938965, 8.271313667297363, 8.225926399230957, 8.179526329040527, 8.1712646484375, 8.131309509277344, 8.141851425170898, 8.152400970458984, 8.119945526123047, 8.057239532470703, 8.051339149475098, 8.023701667785645, 8.092268943786621, 8.042271614074707, 8.029552459716797, 8.068482398986816, 8.012090682983398, 8.029033660888672, 8.013450622558594, 8.026529312133789, 8.005866050720215, 7.96657133102417, 7.993887424468994, 7.978301048278809, 7.958110809326172, 7.980724811553955, 8.001531600952148, 7.9527387619018555, 7.936853885650635, 7.9219160079956055, 7.921255588531494, 7.94563627243042, 7.916509628295898, 7.917973518371582, 7.922501087188721, 7.897591590881348, 7.9026923179626465, 7.843361854553223, 7.901999473571777, 7.872530937194824, 7.884922981262207, 7.943145751953125, 7.862549304962158, 7.9598164558410645, 7.899163246154785, 7.846855163574219, 7.908456802368164, 7.978968620300293, 7.904651165008545, 7.888104438781738, 7.855611801147461, 7.866279125213623, 7.902030944824219, 7.807071208953857, 7.8150858879089355, 7.830390453338623, 7.812735557556152, 7.808923721313477, 7.804515361785889, 7.809381008148193, 7.80289363861084, 7.95007848739624, 8.144431114196777, 7.859172344207764, 7.818255424499512, 7.985830307006836, 7.806649208068848, 7.910231113433838, 7.989102840423584, 7.941815376281738, 7.825999736785889, 8.006237983703613, 7.910634994506836, 7.820038795471191, 7.910712718963623, 7.863092422485352, 7.827259063720703, 7.7930755615234375, 7.91303014755249, 7.831984996795654, 7.969174861907959, 7.7745680809021, 7.765237808227539, 7.853794574737549, 7.812139511108398, 7.781858921051025, 7.869950771331787, 7.87276554107666], "best_val_epoch": 95, "model": "AE_sound_FiLM_embed_256", "lr": 0.0001, "batch_size": 256, "context": ""}