{"iter": 3, "val_mses": [34.752784729003906, 34.687198638916016, 34.84475326538086, 34.71080780029297, 34.9046745300293, 34.6956901550293, 34.71928787231445, 34.75776290893555, 34.6624755859375, 34.6832389831543, 34.9127082824707, 34.64338302612305, 34.637264251708984, 34.70498275756836, 34.646854400634766, 34.680137634277344, 34.6243896484375, 34.70670700073242, 34.69297409057617, 34.7873420715332, 34.71501541137695, 34.764442443847656, 34.70929718017578, 34.650447845458984, 34.74214172363281, 34.6542854309082, 34.825164794921875, 34.687469482421875, 34.65278244018555, 34.63694381713867, 34.67818069458008, 34.74904251098633, 34.68260955810547, 34.721012115478516, 34.66276931762695, 34.6776008605957, 34.70171356201172, 34.710113525390625, 34.7587890625, 34.77942657470703, 34.73826599121094, 34.658042907714844, 34.70086669921875, 34.70790100097656, 34.687679290771484, 34.638282775878906, 34.67405700683594, 34.718116760253906, 34.688941955566406, 34.66529083251953, 34.642433166503906, 34.761260986328125, 34.711299896240234, 34.7022819519043, 34.77043151855469, 34.75118637084961, 34.65949630737305, 34.667823791503906, 34.67275619506836, 34.67824172973633, 34.67375183105469, 34.762977600097656, 34.797706604003906, 34.75595474243164, 34.656455993652344, 34.69866943359375, 34.707759857177734, 34.723960876464844, 34.70724868774414, 34.721641540527344, 34.785911560058594, 34.70522689819336, 34.722496032714844, 34.723793029785156, 34.746849060058594, 34.67350769042969, 34.67478942871094, 34.70902633666992, 34.67673873901367, 34.75853729248047, 34.73255157470703, 34.72835159301758, 34.72565460205078, 34.71152877807617, 34.732818603515625, 34.670021057128906, 34.710968017578125, 34.680755615234375, 34.769325256347656, 34.62843704223633, 34.67849349975586, 34.75337219238281, 34.69898986816406, 34.66481399536133, 34.658416748046875, 34.636192321777344, 34.70566940307617, 34.656715393066406, 34.64291000366211, 34.795448303222656], "best_val_epoch": 17, "model": "AE_sound_FiLM_embed_256", "lr": 0.0001, "batch_size": 256, "context": ""}