{"iter": 2, "val_mses": [9.10621166229248, 8.66780948638916, 8.26791000366211, 8.164624214172363, 7.994378089904785, 7.8789591789245605, 7.797688007354736, 7.725273609161377, 7.6663103103637695, 7.633007049560547, 7.617252826690674, 7.58209228515625, 7.563690662384033, 7.540585994720459, 7.533400058746338, 7.502530097961426, 7.497522354125977, 7.487736701965332, 7.486614227294922, 7.488148212432861, 7.4587531089782715, 7.455952167510986, 7.457129955291748, 7.4200286865234375, 7.483129978179932, 7.409872055053711, 7.410928249359131, 7.378087520599365, 7.390610694885254, 7.39066219329834, 7.38749361038208, 7.359000205993652, 7.34837532043457, 7.370379447937012, 7.335099220275879, 7.3149919509887695, 7.425664901733398, 7.342836380004883, 7.340565204620361, 7.338537693023682, 7.45216178894043, 7.309983730316162, 7.356893539428711, 7.289714336395264, 7.306209087371826, 7.2886881828308105, 7.3521833419799805, 7.299675941467285, 7.285654544830322, 7.308404922485352, 7.280872344970703, 7.275607585906982, 7.265451908111572, 7.372783184051514, 7.260155200958252, 7.273738384246826, 7.267216205596924, 7.2750678062438965, 7.253172397613525, 7.320985317230225, 7.266984462738037, 7.232132434844971, 7.249536991119385, 7.290812015533447, 7.245515823364258, 7.257645606994629, 7.257402420043945, 7.236926555633545, 7.388216018676758, 7.228719234466553, 7.259226322174072, 7.209128379821777, 7.238341331481934, 7.2117228507995605, 7.243881702423096, 7.227935791015625, 7.23271369934082, 7.22047758102417, 7.217315196990967, 7.234490871429443, 7.214333534240723, 7.217110633850098, 7.199301242828369, 7.185140132904053, 7.2643561363220215, 7.204086780548096, 7.318523406982422, 7.233717918395996, 7.188181400299072, 7.213634490966797, 7.1912665367126465, 7.195560455322266, 7.341647624969482, 7.337801933288574, 7.26975154876709, 7.2601728439331055, 7.252869129180908, 7.252478122711182, 7.317880630493164, 7.226372718811035], "best_val_epoch": 84, "model": "AE_sound_FiLM_embed_256", "lr": 0.0001, "batch_size": 256, "context": ""}