{"pump_5_min6dB": {"AUC": 0.5359954549143738}, "pump_5_6dB": {"AUC": 0.5320996672348024}, "pump_5_0dB": {"AUC": 0.5270676081486891}}