{"pump_5_min6dB": {"AUC": 0.5168411654898142}, "pump_5_6dB": {"AUC": 0.4582420258095934}, "pump_5_0dB": {"AUC": 0.5093742391039688}}