{"pump_5_min6dB": {"AUC": 0.5247950653356058}, "pump_5_6dB": {"AUC": 0.5281227173119065}, "pump_5_0dB": {"AUC": 0.5394854313773232}}