{"pump_6_min6dB": {"AUC": 0.9071}, "pump_6_6dB": {"AUC": 0.9842000000000001}, "pump_6_0dB": {"AUC": 0.9568000000000001}}