{"valve_12_min6dB": {"AUC": 0.30117929524751075}, "valve_14_min6dB": {"AUC": 0.49666666666666665}, "valve_15_min6dB": {"AUC": 0.5073611111111112}, "valve_13_min6dB": {"AUC": 0.6505555555555557}, "pump_4_min6dB": {"AUC": 0.7320162355127391}, "pump_6_min6dB": {"AUC": 0.8965000000000001}, "pump_7_min6dB": {"AUC": 0.6591695501730104}, "pump_5_min6dB": {"AUC": 0.647674701728756}, "fan_1_min6dB": {"AUC": 0.608095840348849}, "fan_3_min6dB": {"AUC": 0.6104848796433422}, "fan_2_min6dB": {"AUC": 0.5175964460298587}, "fan_0_min6dB": {"AUC": 0.5225446576797929}, "slider_9_min6dB": {"AUC": 0.7506207128729537}, "slider_11_min6dB": {"AUC": 0.5658376467617725}, "slider_10_min6dB": {"AUC": 0.5955371796490343}, "slider_8_min6dB": {"AUC": 0.9438991288978665}, "valve_13_6dB": {"AUC": 0.47708333333333336}, "valve_15_6dB": {"AUC": 0.5026388888888889}, "valve_14_6dB": {"AUC": 0.5436805555555556}, "valve_12_6dB": {"AUC": 0.4394463667820069}, "pump_4_6dB": {"AUC": 0.9946207638515331}, "pump_6_6dB": {"AUC": 0.6447}, "pump_7_6dB": {"AUC": 0.6361014994232987}, "pump_5_6dB": {"AUC": 0.4597029461894327}, "fan_0_6dB": {"AUC": 0.6020682286038551}, "fan_2_6dB": {"AUC": 0.3762551195666534}, "fan_3_6dB": {"AUC": 0.7356604077623713}, "fan_1_6dB": {"AUC": 0.6918475182532724}, "slider_9_6dB": {"AUC": 0.8137931518186534}, "slider_11_6dB": {"AUC": 0.4228001514960233}, "slider_10_6dB": {"AUC": 0.5655535917182174}, "slider_8_6dB": {"AUC": 0.9037053402348187}, "valve_13_0dB": {"AUC": 0.64625}, "valve_15_0dB": {"AUC": 0.5388888888888889}, "valve_14_0dB": {"AUC": 0.49972222222222223}, "valve_12_0dB": {"AUC": 0.21248499399759901}, "slider_8_0dB": {"AUC": 0.9876672768589825}, "slider_10_0dB": {"AUC": 0.6144426208812018}, "slider_11_0dB": {"AUC": 0.45726549678070955}, "slider_9_0dB": {"AUC": 0.8212206651797612}, "pump_4_0dB": {"AUC": 0.884493129248374}, "pump_6_0dB": {"AUC": 0.8817}, "pump_7_0dB": {"AUC": 0.7178969627066513}, "pump_5_0dB": {"AUC": 0.6176446716987258}, "fan_0_0dB": {"AUC": 0.5613435638005662}, "fan_2_0dB": {"AUC": 0.5672727572995111}, "fan_3_0dB": {"AUC": 0.8546281873220739}, "fan_1_0dB": {"AUC": 0.7182827569618485}}