{"valve_12_min6dB": {"AUC": 0.4924087281971612}, "valve_14_min6dB": {"AUC": 0.5320138888888889}, "valve_15_min6dB": {"AUC": 0.5211805555555555}, "valve_13_min6dB": {"AUC": 0.6129861111111111}, "pump_4_min6dB": {"AUC": 0.5794415374834956}, "pump_6_min6dB": {"AUC": 0.9154}, "pump_7_min6dB": {"AUC": 0.6723375624759708}, "pump_5_min6dB": {"AUC": 0.4903011119227335}, "fan_1_min6dB": {"AUC": 0.7221855820485565}, "fan_3_min6dB": {"AUC": 0.8407547517284244}, "fan_2_min6dB": {"AUC": 0.5820286695732594}, "fan_0_min6dB": {"AUC": 0.5588925982046375}, "slider_9_min6dB": {"AUC": 0.7620670790725077}, "slider_11_min6dB": {"AUC": 0.5373058957202373}, "slider_10_min6dB": {"AUC": 0.7426776922105793}, "slider_8_min6dB": {"AUC": 0.9036501073096831}, "valve_13_6dB": {"AUC": 0.7147222222222223}, "valve_15_6dB": {"AUC": 0.6578472222222222}, "valve_14_6dB": {"AUC": 0.5660416666666667}, "valve_12_6dB": {"AUC": 0.5205140879881365}, "pump_4_6dB": {"AUC": 0.5991002004988019}, "pump_6_6dB": {"AUC": 0.9864}, "pump_7_6dB": {"AUC": 0.9008073817762399}, "pump_5_6dB": {"AUC": 0.2847983118253389}, "fan_0_6dB": {"AUC": 0.7774752639617505}, "fan_2_6dB": {"AUC": 0.9300518562557802}, "fan_3_6dB": {"AUC": 0.9976672984400058}, "fan_1_6dB": {"AUC": 0.9409998370589925}, "slider_9_6dB": {"AUC": 0.930746679010787}, "slider_11_6dB": {"AUC": 0.7967428355005681}, "slider_10_6dB": {"AUC": 0.9429049362454236}, "slider_8_6dB": {"AUC": 0.9941689811892438}, "valve_13_0dB": {"AUC": 0.6530555555555555}, "valve_15_0dB": {"AUC": 0.5822222222222223}, "valve_14_0dB": {"AUC": 0.6109722222222222}, "valve_12_0dB": {"AUC": 0.47637878680884116}, "slider_8_0dB": {"AUC": 0.9760289104910996}, "slider_10_0dB": {"AUC": 0.88448428228759}, "slider_11_0dB": {"AUC": 0.5979043050119934}, "slider_9_0dB": {"AUC": 0.8667957188346027}, "pump_4_0dB": {"AUC": 0.5137659543253948}, "pump_6_0dB": {"AUC": 0.9676}, "pump_7_0dB": {"AUC": 0.8507304882737409}, "pump_5_0dB": {"AUC": 0.38121905689473257}, "fan_0_0dB": {"AUC": 0.6253886229316206}, "fan_2_0dB": {"AUC": 0.7971165279429251}, "fan_3_0dB": {"AUC": 0.9866713729943755}, "fan_1_0dB": {"AUC": 0.8535936251270551}}