{"valve_12_min6dB": {"AUC": 0.46564508156203654}, "valve_14_min6dB": {"AUC": 0.4899305555555556}, "valve_15_min6dB": {"AUC": 0.5425694444444444}, "valve_13_min6dB": {"AUC": 0.5840277777777778}, "pump_4_min6dB": {"AUC": 0.6512298889921266}, "pump_6_min6dB": {"AUC": 0.9245000000000001}, "pump_7_min6dB": {"AUC": 0.6644559784698193}, "pump_5_min6dB": {"AUC": 0.5307199090982875}, "fan_1_min6dB": {"AUC": 0.7081648962996874}, "fan_3_min6dB": {"AUC": 0.8921278995710591}, "fan_2_min6dB": {"AUC": 0.5789486722156163}, "fan_0_min6dB": {"AUC": 0.5573350880476188}, "slider_9_min6dB": {"AUC": 0.7512659737126345}, "slider_11_min6dB": {"AUC": 0.49703320287842445}, "slider_10_min6dB": {"AUC": 0.7214051256154526}, "slider_8_min6dB": {"AUC": 0.9193520388839794}, "valve_13_6dB": {"AUC": 0.650625}, "valve_15_6dB": {"AUC": 0.6597916666666666}, "valve_14_6dB": {"AUC": 0.5843055555555555}, "valve_12_6dB": {"AUC": 0.3276604759550879}, "pump_4_6dB": {"AUC": 0.6856080981955107}, "pump_6_6dB": {"AUC": 0.9852}, "pump_7_6dB": {"AUC": 0.9118608227604768}, "pump_5_6dB": {"AUC": 0.37488840191542894}, "fan_0_6dB": {"AUC": 0.7812120809663807}, "fan_2_6dB": {"AUC": 0.9261378649755582}, "fan_3_6dB": {"AUC": 0.9988873627427659}, "fan_1_6dB": {"AUC": 0.9468812315236534}, "slider_9_6dB": {"AUC": 0.9218953835795144}, "slider_11_6dB": {"AUC": 0.7765433657366495}, "slider_10_6dB": {"AUC": 0.937634137103901}, "slider_8_6dB": {"AUC": 0.9948396667087489}, "valve_13_0dB": {"AUC": 0.6190972222222222}, "valve_15_0dB": {"AUC": 0.6169444444444444}, "valve_14_0dB": {"AUC": 0.5868749999999999}, "valve_12_0dB": {"AUC": 0.40322011157404136}, "slider_8_0dB": {"AUC": 0.977149349829567}, "slider_10_0dB": {"AUC": 0.8707233935109203}, "slider_11_0dB": {"AUC": 0.5539704582754703}, "slider_9_0dB": {"AUC": 0.8673427878073755}, "pump_4_0dB": {"AUC": 0.5793437331898871}, "pump_6_0dB": {"AUC": 0.9717}, "pump_7_0dB": {"AUC": 0.838235294117647}, "pump_5_0dB": {"AUC": 0.4772339907475043}, "fan_0_0dB": {"AUC": 0.6347034995683645}, "fan_2_0dB": {"AUC": 0.7948540097767208}, "fan_3_0dB": {"AUC": 0.9905464199937078}, "fan_1_0dB": {"AUC": 0.8629433353248346}}