{"valve_12_min6dB": {"AUC": 0.396229079867241}, "valve_14_min6dB": {"AUC": 0.47395833333333337}, "valve_15_min6dB": {"AUC": 0.4961111111111111}, "valve_13_min6dB": {"AUC": 0.5984027777777778}, "pump_4_min6dB": {"AUC": 0.5020294390923762}, "pump_6_min6dB": {"AUC": 0.6912}, "pump_7_min6dB": {"AUC": 0.48366013071895425}, "pump_5_min6dB": {"AUC": 0.5176527879230581}, "fan_1_min6dB": {"AUC": 0.5245032239042218}, "fan_3_min6dB": {"AUC": 0.5347564859078736}, "fan_2_min6dB": {"AUC": 0.5363489232395297}, "fan_0_min6dB": {"AUC": 0.5556870249744942}, "slider_9_min6dB": {"AUC": 0.7132236389905877}, "slider_11_min6dB": {"AUC": 0.5325085216513066}, "slider_10_min6dB": {"AUC": 0.6379560661532635}, "slider_8_min6dB": {"AUC": 0.944948554475445}, "valve_13_6dB": {"AUC": 0.6813194444444445}, "valve_15_6dB": {"AUC": 0.6161111111111112}, "valve_14_6dB": {"AUC": 0.5034722222222222}, "valve_12_6dB": {"AUC": 0.2482169338323565}, "pump_4_6dB": {"AUC": 0.47435082400117357}, "pump_6_6dB": {"AUC": 0.7747}, "pump_7_6dB": {"AUC": 0.7186658977316416}, "pump_5_6dB": {"AUC": 0.3140167194221249}, "fan_0_6dB": {"AUC": 0.6731764151911572}, "fan_2_6dB": {"AUC": 0.8642241379310345}, "fan_3_6dB": {"AUC": 0.9198287305959899}, "fan_1_6dB": {"AUC": 0.9340399283059567}, "slider_9_6dB": {"AUC": 0.8988764044943821}, "slider_11_6dB": {"AUC": 0.8348693346799647}, "slider_10_6dB": {"AUC": 0.8068741320540336}, "slider_8_6dB": {"AUC": 0.9939559399065774}, "valve_13_0dB": {"AUC": 0.621875}, "valve_15_0dB": {"AUC": 0.566111111111111}, "valve_14_0dB": {"AUC": 0.5404861111111111}, "valve_12_0dB": {"AUC": 0.32236423981357254}, "slider_8_0dB": {"AUC": 0.9830277111475825}, "slider_10_0dB": {"AUC": 0.7664751925261962}, "slider_11_0dB": {"AUC": 0.6149476076252999}, "slider_9_0dB": {"AUC": 0.8423038617458515}, "pump_4_0dB": {"AUC": 0.4121472932661744}, "pump_6_0dB": {"AUC": 0.6961999999999999}, "pump_7_0dB": {"AUC": 0.5803537101114955}, "pump_5_0dB": {"AUC": 0.43519194870546224}, "fan_0_0dB": {"AUC": 0.5882438167450452}, "fan_2_0dB": {"AUC": 0.6849154445765623}, "fan_3_0dB": {"AUC": 0.7375787478610508}, "fan_1_0dB": {"AUC": 0.6564272468401083}}