{"valve_12_min6dB": {"AUC": 0.39199209095402865}, "valve_14_min6dB": {"AUC": 0.4579166666666667}, "valve_15_min6dB": {"AUC": 0.5068055555555556}, "valve_13_min6dB": {"AUC": 0.6104166666666666}, "pump_4_min6dB": {"AUC": 0.5154775294635434}, "pump_6_min6dB": {"AUC": 0.6972}, "pump_7_min6dB": {"AUC": 0.5570934256055363}, "pump_5_min6dB": {"AUC": 0.5087249411573735}, "fan_1_min6dB": {"AUC": 0.5873092232369395}, "fan_3_min6dB": {"AUC": 0.5884546619501078}, "fan_2_min6dB": {"AUC": 0.52331880036993}, "fan_0_min6dB": {"AUC": 0.5431846856908282}, "slider_9_min6dB": {"AUC": 0.7300284756414033}, "slider_11_min6dB": {"AUC": 0.5523292513571518}, "slider_10_min6dB": {"AUC": 0.6395657114000757}, "slider_8_min6dB": {"AUC": 0.9292702941547785}, "valve_13_6dB": {"AUC": 0.7197222222222222}, "valve_15_6dB": {"AUC": 0.6235416666666667}, "valve_14_6dB": {"AUC": 0.44743055555555555}, "valve_12_6dB": {"AUC": 0.3455264458724666}, "pump_4_6dB": {"AUC": 0.3784048119712455}, "pump_6_6dB": {"AUC": 0.7705}, "pump_7_6dB": {"AUC": 0.7864282968089197}, "pump_5_6dB": {"AUC": 0.2791981170359548}, "fan_0_6dB": {"AUC": 0.7258721755036251}, "fan_2_6dB": {"AUC": 0.9207292905271502}, "fan_3_6dB": {"AUC": 0.9531464614298539}, "fan_1_6dB": {"AUC": 0.9396730317114237}, "slider_9_6dB": {"AUC": 0.8850874608985958}, "slider_11_6dB": {"AUC": 0.8324706476454993}, "slider_10_6dB": {"AUC": 0.7713356899381392}, "slider_8_6dB": {"AUC": 0.9877698522913774}, "valve_13_0dB": {"AUC": 0.6536805555555556}, "valve_15_0dB": {"AUC": 0.5615972222222222}, "valve_14_0dB": {"AUC": 0.5222916666666666}, "valve_12_0dB": {"AUC": 0.3469387755102041}, "slider_8_0dB": {"AUC": 0.9761946092665067}, "slider_10_0dB": {"AUC": 0.7606678449690696}, "slider_11_0dB": {"AUC": 0.6319909102386062}, "slider_9_0dB": {"AUC": 0.8348132250417315}, "pump_4_0dB": {"AUC": 0.3983568878673774}, "pump_6_0dB": {"AUC": 0.6939}, "pump_7_0dB": {"AUC": 0.6756055363321799}, "pump_5_0dB": {"AUC": 0.415144874604334}, "fan_0_0dB": {"AUC": 0.5892097145168398}, "fan_2_0dB": {"AUC": 0.7060790725326992}, "fan_3_0dB": {"AUC": 0.8213258032089993}, "fan_1_0dB": {"AUC": 0.7904113096577463}}