{"valve_12_min6dB": {"AUC": 0.4191088199985877}, "valve_14_min6dB": {"AUC": 0.49916666666666665}, "valve_15_min6dB": {"AUC": 0.5105555555555555}, "valve_13_min6dB": {"AUC": 0.6035416666666666}, "pump_4_min6dB": {"AUC": 0.5279964790454301}, "pump_6_min6dB": {"AUC": 0.7010000000000001}, "pump_7_min6dB": {"AUC": 0.5615148019992311}, "pump_5_min6dB": {"AUC": 0.5006087168249331}, "fan_1_min6dB": {"AUC": 0.5632870632599064}, "fan_3_min6dB": {"AUC": 0.6200075198931868}, "fan_2_min6dB": {"AUC": 0.5496928260007927}, "fan_0_min6dB": {"AUC": 0.5551859655053759}, "slider_9_min6dB": {"AUC": 0.6627530193999075}, "slider_11_min6dB": {"AUC": 0.5460169170559273}, "slider_10_min6dB": {"AUC": 0.7011583133442747}, "slider_8_min6dB": {"AUC": 0.9319530362327989}, "valve_13_6dB": {"AUC": 0.6827777777777778}, "valve_15_6dB": {"AUC": 0.6333333333333334}, "valve_14_6dB": {"AUC": 0.5259027777777777}, "valve_12_6dB": {"AUC": 0.4098580608714074}, "pump_4_6dB": {"AUC": 0.5259425888796518}, "pump_6_6dB": {"AUC": 0.8593999999999999}, "pump_7_6dB": {"AUC": 0.7676855055747789}, "pump_5_6dB": {"AUC": 0.4144144144144144}, "fan_0_6dB": {"AUC": 0.7031615041443051}, "fan_2_6dB": {"AUC": 0.9013244814374421}, "fan_3_6dB": {"AUC": 0.9496704291710469}, "fan_1_6dB": {"AUC": 0.9459113445736764}, "slider_9_6dB": {"AUC": 0.8329335521609225}, "slider_11_6dB": {"AUC": 0.8413079156672136}, "slider_10_6dB": {"AUC": 0.8728695871733367}, "slider_8_6dB": {"AUC": 0.9890796616588815}, "valve_13_0dB": {"AUC": 0.647361111111111}, "valve_15_0dB": {"AUC": 0.5684027777777778}, "valve_14_0dB": {"AUC": 0.5622222222222221}, "valve_12_0dB": {"AUC": 0.3795282819009957}, "slider_8_0dB": {"AUC": 0.9758158692084333}, "slider_10_0dB": {"AUC": 0.8358161848251484}, "slider_11_0dB": {"AUC": 0.6288347430879939}, "slider_9_0dB": {"AUC": 0.7656300411003101}, "pump_4_0dB": {"AUC": 0.45845762628979414}, "pump_6_0dB": {"AUC": 0.7489999999999999}, "pump_7_0dB": {"AUC": 0.6956939638600539}, "pump_5_0dB": {"AUC": 0.44517490463436404}, "fan_0_0dB": {"AUC": 0.5917331224456531}, "fan_2_0dB": {"AUC": 0.7435427401241907}, "fan_3_0dB": {"AUC": 0.8303113082312137}, "fan_1_0dB": {"AUC": 0.7784545433384286}}