{"iter": 3, "val_mses": [13.174872398376465, 13.252825736999512, 13.153755187988281, 13.185873985290527, 13.185320854187012, 13.193211555480957, 13.172622680664062, 13.193207740783691, 13.072175025939941, 13.146032333374023, 13.146371841430664, 13.165430068969727, 13.128832817077637, 13.098586082458496, 13.01456356048584, 13.016409873962402, 12.97004508972168, 12.942994117736816, 12.868880271911621, 12.916295051574707, 12.932282447814941, 12.847229957580566, 12.833155632019043, 12.913787841796875, 13.00752067565918, 12.933244705200195, 12.858080863952637, 12.861740112304688, 12.97276496887207, 12.905171394348145, 12.895008087158203, 12.861576080322266, 12.880080223083496, 12.964820861816406, 12.915207862854004, 12.92678165435791, 13.004166603088379, 12.916118621826172, 12.869589805603027, 12.864002227783203, 12.933231353759766, 12.842306137084961, 12.949263572692871, 12.916757583618164, 12.913440704345703, 12.942139625549316, 12.841872215270996, 12.982529640197754, 12.895635604858398, 12.894997596740723, 12.908743858337402, 12.857887268066406, 12.902996063232422, 12.950490951538086, 12.924046516418457, 12.917407989501953, 12.95041275024414, 12.886468887329102, 12.884744644165039, 12.90758228302002, 12.931072235107422, 12.896819114685059, 12.884113311767578, 12.800747871398926, 12.842361450195312, 12.77703857421875, 12.775582313537598, 12.718243598937988, 12.674581527709961, 12.633938789367676, 12.654651641845703, 12.653754234313965, 12.517187118530273, 12.483110427856445, 12.564776420593262, 12.499637603759766, 12.504447937011719, 12.528700828552246, 12.478154182434082, 12.511704444885254, 12.512141227722168, 12.494661331176758, 12.567749977111816, 12.491297721862793, 12.469295501708984, 12.495356559753418, 12.518105506896973, 12.48949909210205, 12.475671768188477, 12.500761032104492, 12.513648986816406, 12.510437965393066, 12.496485710144043, 12.509875297546387, 12.516133308410645, 12.46875, 12.502838134765625, 12.489457130432129, 12.505138397216797, 12.43628215789795], "best_val_epoch": 100, "model": "AE_sound", "lr": 0.0001, "batch_size": 256, "context": "5"}