{"iter": 3, "val_mses": [16.623516082763672, 13.996025085449219, 11.281373977661133, 10.201322555541992, 9.915146827697754, 9.749938011169434, 9.565726280212402, 9.309637069702148, 9.098785400390625, 8.87494945526123, 8.791335105895996, 8.698908805847168, 8.585917472839355, 8.483285903930664, 8.458219528198242, 8.365021705627441, 8.323982238769531, 8.297022819519043, 8.293808937072754, 8.258546829223633, 8.226959228515625, 8.201834678649902, 8.1973237991333, 8.161945343017578, 8.149116516113281, 8.13224983215332, 8.110862731933594, 8.104602813720703, 8.09272289276123, 8.046578407287598, 8.04684829711914, 8.021862030029297, 7.996188163757324, 7.979563236236572, 7.967813014984131, 7.936732769012451, 7.908217430114746, 7.897928714752197, 7.8828125, 7.858654022216797, 7.857078552246094, 7.828059673309326, 7.832839488983154, 7.800321102142334, 7.817318916320801, 7.787691593170166, 7.781216144561768, 7.759378910064697, 7.753911972045898, 7.738945484161377, 7.7302703857421875, 7.71140718460083, 7.699463367462158, 7.678586483001709, 7.6679606437683105, 7.683994293212891, 7.653533935546875, 7.660184860229492, 7.6298298835754395, 7.622979640960693, 7.603702068328857, 7.593510150909424, 7.593760967254639, 7.572575569152832, 7.578196048736572, 7.566508769989014, 7.557168960571289, 7.549569129943848, 7.526675701141357, 7.524113178253174, 7.538633823394775, 7.524742126464844, 7.527753829956055, 7.521122455596924, 7.509566307067871, 7.504954814910889, 7.498786449432373, 7.481636047363281, 7.466598987579346, 7.470084190368652, 7.462776184082031, 7.4664130210876465, 7.455007553100586, 7.456405162811279, 7.436811447143555, 7.433535099029541, 7.445181846618652, 7.433720588684082, 7.424771785736084, 7.437753200531006, 7.417843818664551, 7.421652793884277, 7.416127681732178, 7.4285807609558105, 7.418976306915283, 7.409862995147705, 7.414905548095703, 7.403037071228027, 7.4139485359191895, 7.386208534240723], "best_val_epoch": 100, "model": "AE_sound", "lr": 0.0001, "batch_size": 256, "context": "13"}