{"iter": 2, "val_mses": [17.114439010620117, 13.221779823303223, 11.49703311920166, 11.008970260620117, 10.13787841796875, 9.554764747619629, 9.25666332244873, 9.109724044799805, 8.965277671813965, 8.857487678527832, 8.769732475280762, 8.683040618896484, 8.593613624572754, 8.538995742797852, 8.472302436828613, 8.414837837219238, 8.360757827758789, 8.29544448852539, 8.253678321838379, 8.200373649597168, 8.160136222839355, 8.102768898010254, 8.086675643920898, 8.051092147827148, 8.024956703186035, 8.005962371826172, 7.968716144561768, 7.964380264282227, 7.948343276977539, 7.911558628082275, 7.89958381652832, 7.881615161895752, 7.837602138519287, 7.822835922241211, 7.809192180633545, 7.793924331665039, 7.776343822479248, 7.750253200531006, 7.749420642852783, 7.732545852661133, 7.701064586639404, 7.692692279815674, 7.696710109710693, 7.684926509857178, 7.684930324554443, 7.673728942871094, 7.654120445251465, 7.643721580505371, 7.646883010864258, 7.6425580978393555, 7.640775203704834, 7.616573810577393, 7.608234405517578, 7.614051818847656, 7.585705280303955, 7.587471008300781, 7.575524806976318, 7.578631401062012, 7.558380603790283, 7.5482869148254395, 7.557227611541748, 7.545610427856445, 7.521255016326904, 7.538718223571777, 7.525791645050049, 7.507083892822266, 7.507228851318359, 7.496957302093506, 7.503597259521484, 7.475330829620361, 7.475136756896973, 7.4805755615234375, 7.46105432510376, 7.464301109313965, 7.451251029968262, 7.446391582489014, 7.438911437988281, 7.440266132354736, 7.444180965423584, 7.427010536193848, 7.415121555328369, 7.422067165374756, 7.420625686645508, 7.397418975830078, 7.393708229064941, 7.3774871826171875, 7.368171691894531, 7.368833065032959, 7.358584403991699, 7.382458209991455, 7.365555763244629, 7.35349702835083, 7.34834623336792, 7.342404365539551, 7.3400373458862305, 7.353715896606445, 7.331735610961914, 7.33483362197876, 7.3211989402771, 7.315123558044434], "best_val_epoch": 100, "model": "AE_sound", "lr": 0.0001, "batch_size": 256, "context": "13"}