{"iter": 3, "val_mses": [16.5609130859375, 15.284492492675781, 12.145583152770996, 11.089564323425293, 10.593430519104004, 10.418669700622559, 10.26461124420166, 10.16378402709961, 10.072850227355957, 10.024436950683594, 9.955445289611816, 9.887983322143555, 9.855628967285156, 9.825582504272461, 9.820013999938965, 9.749347686767578, 9.769143104553223, 9.739606857299805, 9.697223663330078, 9.645095825195312, 9.646838188171387, 9.589207649230957, 9.560141563415527, 9.532732009887695, 9.511947631835938, 9.492904663085938, 9.456254959106445, 9.441783905029297, 9.444331169128418, 9.349658966064453, 9.158794403076172, 8.996245384216309, 8.929546356201172, 8.889727592468262, 8.859249114990234, 8.844144821166992, 8.817789077758789, 8.776884078979492, 8.737104415893555, 8.711395263671875, 8.686367988586426, 8.547791481018066, 8.41736125946045, 8.301450729370117, 8.250764846801758, 8.212262153625488, 8.181503295898438, 8.137094497680664, 8.13569164276123, 8.093809127807617, 8.094924926757812, 8.081634521484375, 8.073884963989258, 8.075172424316406, 8.03736400604248, 8.052797317504883, 8.028712272644043, 8.046647071838379, 7.999485969543457, 8.008048057556152, 8.006275177001953, 8.011865615844727, 8.001968383789062, 7.986372470855713, 7.972134113311768, 7.976633548736572, 7.9741010665893555, 7.956653118133545, 7.947685241699219, 7.931802272796631, 7.948541641235352, 7.94596004486084, 7.951080322265625, 7.915124416351318, 7.915718078613281, 7.907485008239746, 7.930545806884766, 7.916460037231445, 7.910000324249268, 7.917667865753174, 7.896962642669678, 7.876187324523926, 7.866497993469238, 7.8935041427612305, 7.874510288238525, 7.875486373901367, 7.883457660675049, 7.8595380783081055, 7.8840813636779785, 7.84677267074585, 7.852062225341797, 7.848802089691162, 7.858392238616943, 7.8455657958984375, 7.840519905090332, 7.855128765106201, 7.8306803703308105, 7.8243560791015625, 7.8209991455078125, 7.824253082275391], "best_val_epoch": 99, "model": "AE_sound", "lr": 0.0001, "batch_size": 256, "context": "14"}