{"iter": 1, "val_mses": [12.670705795288086, 11.430644035339355, 10.777939796447754, 9.40838623046875, 9.235179901123047, 9.015918731689453, 8.840510368347168, 8.836978912353516, 8.812756538391113, 8.779695510864258, 8.75870132446289, 8.768901824951172, 8.727205276489258, 8.731719970703125, 8.730226516723633, 8.696666717529297, 8.6881103515625, 8.689157485961914, 8.656028747558594, 8.624858856201172, 8.604992866516113, 8.5283842086792, 8.548476219177246, 8.482881546020508, 8.433868408203125, 8.416194915771484, 8.344195365905762, 8.339311599731445, 8.2995023727417, 8.290823936462402, 8.25916862487793, 8.275296211242676, 8.246044158935547, 8.251489639282227, 8.260590553283691, 8.227222442626953, 8.137763023376465, 8.085017204284668, 8.080680847167969, 8.083915710449219, 8.053696632385254, 8.03150463104248, 8.024730682373047, 8.024361610412598, 8.005744934082031, 8.010055541992188, 7.97814416885376, 8.000774383544922, 8.004406929016113, 7.998315334320068, 7.951250076293945, 7.87103796005249, 7.818496227264404, 7.785647392272949, 7.795909881591797, 7.7405805587768555, 7.749828815460205, 7.715674877166748, 7.746547698974609, 7.7436676025390625, 7.7184247970581055, 7.740477085113525, 7.747862339019775, 7.708165168762207, 7.762189865112305, 7.737298011779785, 7.684584140777588, 7.699097156524658, 7.675239086151123, 7.65857458114624, 7.632540702819824, 7.60683012008667, 7.602334022521973, 7.603302955627441, 7.582490921020508, 7.577308654785156, 7.579428195953369, 7.578670501708984, 7.549300670623779, 7.574776649475098, 7.557632923126221, 7.568998336791992, 7.533047199249268, 7.586032390594482, 7.558289527893066, 7.52116584777832, 7.521505355834961, 7.526679992675781, 7.545525074005127, 7.537929534912109, 7.539063930511475, 7.531895160675049, 7.527097702026367, 7.503912925720215, 7.522928714752197, 7.528753280639648, 7.481387615203857, 7.502103805541992, 7.486492156982422, 7.4843339920043945], "best_val_epoch": 97, "model": "AE_sound", "lr": 0.0001, "batch_size": 256, "context": "5"}