{"iter": 2, "val_mses": [16.02705192565918, 12.511924743652344, 11.240153312683105, 10.936979293823242, 10.312131881713867, 9.976523399353027, 9.757248878479004, 9.650158882141113, 9.557332038879395, 9.470254898071289, 9.388750076293945, 9.33694076538086, 9.23902702331543, 9.182198524475098, 9.106490135192871, 8.989880561828613, 8.912474632263184, 8.70831298828125, 8.636838912963867, 8.491476058959961, 8.491520881652832, 8.369683265686035, 8.33348560333252, 8.263261795043945, 8.23906421661377, 8.221860885620117, 8.20341682434082, 8.178072929382324, 8.1326322555542, 8.145711898803711, 8.102574348449707, 8.081500053405762, 8.044279098510742, 8.039835929870605, 8.003076553344727, 8.00132942199707, 8.01276969909668, 7.986086368560791, 7.984642028808594, 7.96558952331543, 7.965719699859619, 7.957910060882568, 7.93461799621582, 7.928941249847412, 7.9336161613464355, 7.898076057434082, 7.921802043914795, 7.890697002410889, 7.884466171264648, 7.895495414733887, 7.856021881103516, 7.910864353179932, 7.849490165710449, 7.865159034729004, 7.83356237411499, 7.817981243133545, 7.829136848449707, 7.811514377593994, 7.813588619232178, 7.855403423309326, 7.7960100173950195, 7.792893886566162, 7.791243076324463, 7.789834976196289, 7.781134605407715, 7.7801008224487305, 7.761367321014404, 7.762470245361328, 7.764435768127441, 7.733295917510986, 7.728008270263672, 7.734568119049072, 7.743032932281494, 7.712264060974121, 7.718713283538818, 7.701765060424805, 7.682643890380859, 7.698874473571777, 7.697917461395264, 7.683786392211914, 7.6786909103393555, 7.683547496795654, 7.684889793395996, 7.652953624725342, 7.65627908706665, 7.643428802490234, 7.652633190155029, 7.648282527923584, 7.642695903778076, 7.618112564086914, 7.614826202392578, 7.615591049194336, 7.610660076141357, 7.5986528396606445, 7.602466583251953, 7.60917329788208, 7.551441669464111, 7.497374534606934, 7.446500778198242, 7.370681285858154], "best_val_epoch": 100, "model": "AE_sound", "lr": 0.0001, "batch_size": 256, "context": "8"}