{"iter": 2, "val_mses": [13.188611030578613, 11.527020454406738, 11.211030960083008, 9.796958923339844, 9.790728569030762, 9.712594032287598, 9.735859870910645, 9.659283638000488, 9.701667785644531, 9.604635238647461, 9.573982238769531, 9.565293312072754, 9.517284393310547, 9.520320892333984, 9.55549144744873, 9.481822967529297, 9.47988224029541, 9.425374984741211, 9.451643943786621, 9.403465270996094, 9.39881420135498, 9.297093391418457, 9.296110153198242, 9.341026306152344, 9.331847190856934, 9.261987686157227, 9.287256240844727, 9.194575309753418, 9.221620559692383, 9.18448543548584, 9.192605018615723, 9.19390869140625, 9.195184707641602, 9.189216613769531, 9.126422882080078, 9.12867259979248, 9.08232307434082, 9.133249282836914, 9.093960762023926, 9.156311988830566, 9.089160919189453, 9.07231330871582, 9.140016555786133, 9.058682441711426, 9.089365005493164, 9.01173210144043, 9.055020332336426, 9.003473281860352, 8.990556716918945, 9.044509887695312, 9.10181999206543, 8.940170288085938, 8.95750617980957, 8.967488288879395, 8.984516143798828, 8.962270736694336, 8.969109535217285, 8.943161010742188, 8.947042465209961, 8.939657211303711, 8.833857536315918, 8.86444091796875, 8.849271774291992, 8.887858390808105, 8.881178855895996, 8.814138412475586, 8.87018871307373, 8.844106674194336, 8.843886375427246, 8.871438980102539, 8.815413475036621, 8.792779922485352, 8.840450286865234, 8.859855651855469, 8.758066177368164, 8.765900611877441, 8.771248817443848, 8.770383834838867, 8.77535629272461, 8.764277458190918, 8.730520248413086, 8.779288291931152, 8.71656322479248, 8.697772979736328, 8.723579406738281, 8.694981575012207, 8.709458351135254, 8.6748046875, 8.66328239440918, 8.656479835510254, 8.665021896362305, 8.633665084838867, 8.667922973632812, 8.658187866210938, 8.655840873718262, 8.629956245422363, 8.57996654510498, 8.629432678222656, 8.60619831085205, 8.637752532958984], "best_val_epoch": 97, "model": "AE_sound", "lr": 0.0001, "batch_size": 256, "context": "5"}