{"iter": 3, "val_mses": [9.777181625366211, 9.779548645019531, 9.763381004333496, 9.753334999084473, 9.76443099975586, 9.764779090881348, 9.766292572021484, 9.747841835021973, 9.741693496704102, 9.736729621887207, 9.733769416809082, 9.718165397644043, 9.718671798706055, 9.714075088500977, 9.715014457702637, 9.689640998840332, 9.687176704406738, 9.680000305175781, 9.666399002075195, 9.666143417358398, 9.651360511779785, 9.638284683227539, 9.613748550415039, 9.59306812286377, 9.563508987426758, 9.542160034179688, 9.526520729064941, 9.503045082092285, 9.483954429626465, 9.4833345413208, 9.460180282592773, 9.467545509338379, 9.438631057739258, 9.469855308532715, 9.441152572631836, 9.432485580444336, 9.433048248291016, 9.435478210449219, 9.45568561553955, 9.441888809204102, 9.438501358032227, 9.4246826171875, 9.421492576599121, 9.441716194152832, 9.441055297851562, 9.426328659057617, 9.446928977966309, 9.439190864562988, 9.44054126739502, 9.433039665222168, 9.430963516235352, 9.426902770996094, 9.430611610412598, 9.441410064697266, 9.425395011901855, 9.420194625854492, 9.438551902770996, 9.443170547485352, 9.43082332611084, 9.431591987609863, 9.428229331970215, 9.454413414001465, 9.435019493103027, 9.434985160827637, 9.429215431213379, 9.423892974853516, 9.423454284667969, 9.414544105529785, 9.407942771911621, 9.382977485656738, 9.386548042297363, 9.374594688415527, 9.382180213928223, 9.359180450439453, 9.341714859008789, 9.319640159606934, 9.3198881149292, 9.303435325622559, 9.303589820861816, 9.28395938873291, 9.283790588378906, 9.264305114746094, 9.235076904296875, 9.246216773986816, 9.222393989562988, 9.219385147094727, 9.18383502960205, 9.192440032958984, 9.15683650970459, 9.14300537109375, 9.149345397949219, 9.114729881286621, 9.110379219055176, 9.086207389831543, 9.081133842468262, 9.055083274841309, 9.041391372680664, 9.040009498596191, 9.05134105682373, 9.04574203491211], "best_val_epoch": 98, "model": "AE_sound", "lr": 0.0001, "batch_size": 256, "context": "2"}