{"iter": 1, "val_mses": [13.82396125793457, 11.109115600585938, 10.546972274780273, 9.535229682922363, 9.425424575805664, 9.328364372253418, 9.482738494873047, 9.482789039611816, 9.27210521697998, 9.049571990966797, 9.0108060836792, 8.883136749267578, 8.715826988220215, 8.588918685913086, 8.516972541809082, 8.482985496520996, 8.50002670288086, 8.513589859008789, 8.195261001586914, 8.08202075958252, 7.965629577636719, 7.939279079437256, 8.029789924621582, 7.939292907714844, 8.008861541748047, 7.959911346435547, 7.940128803253174, 7.942710876464844, 7.905584812164307, 7.907958984375, 7.869095325469971, 7.868760108947754, 7.7988972663879395, 7.8551926612854, 7.885952949523926, 7.92069149017334, 7.7882399559021, 7.8365912437438965, 7.853140830993652, 7.800601959228516, 7.820312023162842, 7.815493583679199, 7.736446857452393, 7.765007019042969, 7.734170913696289, 7.704921722412109, 7.77982234954834, 7.7256340980529785, 7.672689914703369, 7.750395774841309, 7.729694366455078, 7.69448709487915, 7.691670894622803, 7.641195774078369, 7.673811912536621, 7.662642955780029, 7.641091346740723, 7.769561767578125, 7.72003698348999, 7.673184871673584, 7.62900972366333, 7.707189559936523, 7.640124320983887, 7.635195732116699, 7.659677982330322, 7.60273551940918, 7.6913161277771, 7.651267051696777, 7.629898548126221, 7.617945194244385, 7.713592052459717, 7.6749162673950195, 7.631665229797363, 7.571180820465088, 7.658249855041504, 7.627730369567871, 7.707884788513184, 7.65971565246582, 7.659262657165527, 7.633561134338379, 7.627051830291748, 7.61475133895874, 7.622201442718506, 7.622003078460693, 7.720556259155273, 7.645630836486816, 7.648800849914551, 7.678019046783447, 7.643446922302246, 7.710357666015625, 7.584471702575684, 7.710714817047119, 7.636594295501709, 7.708922863006592, 7.665126800537109, 7.641270637512207, 7.640946865081787, 7.6724114418029785, 7.679713726043701, 7.6191182136535645], "best_val_epoch": 74, "model": "AE_sound", "lr": 0.0001, "batch_size": 256, "context": "7"}