{"iter": 1, "val_mses": [9.754429817199707, 7.964720726013184, 7.511721611022949, 6.919907569885254, 6.620920181274414, 6.536317348480225, 6.444296836853027, 6.3547139167785645, 6.324224472045898, 6.3128767013549805, 6.298473834991455, 6.268340110778809, 6.261751174926758, 6.239038467407227, 6.200189590454102, 6.121124267578125, 6.1017303466796875, 6.089420318603516, 6.0765204429626465, 6.067450523376465, 6.0594048500061035, 6.04651403427124, 6.022433757781982, 5.948086738586426, 5.870746612548828, 5.843863010406494, 5.836862087249756, 5.825098514556885, 5.810250282287598, 5.808319568634033, 5.799740314483643, 5.7893147468566895, 5.783099174499512, 5.7829155921936035, 5.776252746582031, 5.767523288726807, 5.769542694091797, 5.7586846351623535, 5.7535014152526855, 5.744149684906006, 5.737584590911865, 5.730232238769531, 5.728836536407471, 5.720794200897217, 5.719525337219238, 5.709071636199951, 5.71365213394165, 5.710434436798096, 5.713489055633545, 5.691978454589844, 5.686223030090332, 5.685146331787109, 5.6761155128479, 5.662904739379883, 5.656599521636963, 5.6457390785217285, 5.639726161956787, 5.632175445556641, 5.628032684326172, 5.624931812286377, 5.621959686279297, 5.605413436889648, 5.607250213623047, 5.601476192474365, 5.591060638427734, 5.589233875274658, 5.587078094482422, 5.576530933380127, 5.579378604888916, 5.572917461395264, 5.568337917327881, 5.564871788024902, 5.563288688659668, 5.561619758605957, 5.555690288543701, 5.552765846252441, 5.5521464347839355, 5.547103404998779, 5.552094459533691, 5.557326316833496, 5.5502400398254395, 5.54205322265625, 5.54984712600708, 5.545217037200928, 5.546569347381592, 5.540780544281006, 5.539071083068848, 5.538777828216553, 5.536701202392578, 5.535367488861084, 5.531599044799805, 5.533544540405273, 5.532299041748047, 5.532447338104248, 5.52714204788208, 5.529496192932129, 5.5314788818359375, 5.524430751800537, 5.529533386230469, 5.528744697570801], "best_val_epoch": 98, "model": "AE_sound", "lr": 0.0001, "batch_size": 256, "context": "2"}