{"iter": 2, "val_mses": [14.552635192871094, 13.925461769104004, 12.825594902038574, 11.079960823059082, 9.723325729370117, 9.395048141479492, 9.09349536895752, 9.003016471862793, 8.893418312072754, 8.89599609375, 8.847121238708496, 8.830290794372559, 8.825630187988281, 8.800435066223145, 8.8111572265625, 8.791460037231445, 8.755245208740234, 8.747893333435059, 8.697664260864258, 8.646379470825195, 8.59699535369873, 8.582063674926758, 8.513521194458008, 8.45878791809082, 8.394842147827148, 8.309049606323242, 8.273482322692871, 8.238530158996582, 8.188316345214844, 8.201030731201172, 8.173471450805664, 8.159895896911621, 8.176831245422363, 8.12631893157959, 8.117862701416016, 8.106585502624512, 8.109174728393555, 8.065884590148926, 8.073744773864746, 8.054218292236328, 8.052267074584961, 8.04396915435791, 8.052109718322754, 8.035816192626953, 8.004409790039062, 8.00229263305664, 7.991234302520752, 7.9870405197143555, 7.9821977615356445, 7.964358329772949, 7.9478302001953125, 7.943122863769531, 7.939310550689697, 7.961540699005127, 7.929965496063232, 7.917202949523926, 7.924118995666504, 7.893309593200684, 7.92606258392334, 7.899561405181885, 7.879776954650879, 7.872859477996826, 7.881709098815918, 7.880013942718506, 7.843626499176025, 7.867981433868408, 7.832481384277344, 7.838773250579834, 7.85896110534668, 7.839712142944336, 7.820354461669922, 7.84921407699585, 7.862004280090332, 7.8340020179748535, 7.8234758377075195, 7.869576454162598, 7.807678699493408, 7.846044063568115, 7.808633804321289, 7.812819480895996, 7.856988430023193, 7.807956695556641, 7.8052544593811035, 7.8328857421875, 7.763901710510254, 7.797197341918945, 7.82241153717041, 7.773629188537598, 7.788543701171875, 7.801327705383301, 7.779272556304932, 7.811422824859619, 7.7712554931640625, 7.8080668449401855, 7.780217170715332, 7.807517051696777, 7.785285949707031, 7.758233070373535, 7.805438995361328, 7.792331695556641], "best_val_epoch": 98, "model": "AE_sound", "lr": 0.0001, "batch_size": 256, "context": "11"}