{"iter": 1, "val_mses": [21.36350440979004, 18.90220832824707, 17.972047805786133, 17.09035873413086, 16.585840225219727, 16.258384704589844, 15.848886489868164, 15.410933494567871, 15.181628227233887, 15.10289192199707, 14.812116622924805, 14.815032005310059, 14.700814247131348, 14.566237449645996, 14.463006019592285, 14.413573265075684, 14.198939323425293, 14.126680374145508, 14.143597602844238, 13.927072525024414, 13.901612281799316, 13.811197280883789, 13.784538269042969, 13.636726379394531, 13.650798797607422, 13.533419609069824, 13.510018348693848, 13.44699764251709, 13.369654655456543, 13.393033027648926, 13.430203437805176, 13.29399299621582, 13.28162670135498, 13.249364852905273, 13.209465980529785, 13.179509162902832, 13.219134330749512, 13.125785827636719, 13.118234634399414, 13.319921493530273, 13.118062973022461, 13.065168380737305, 13.026497840881348, 12.959554672241211, 12.99421501159668, 12.930594444274902, 13.009105682373047, 12.937443733215332, 12.886802673339844, 12.873453140258789, 12.774081230163574, 12.8040189743042, 12.74647331237793, 12.751484870910645, 12.72243595123291, 12.675795555114746, 12.723966598510742, 12.738907814025879, 12.66039752960205, 12.644938468933105, 12.64603328704834, 12.51698112487793, 12.546417236328125, 12.477805137634277, 12.450634956359863, 12.40750789642334, 12.408912658691406, 12.421948432922363, 12.382913589477539, 12.366571426391602, 12.3485746383667, 12.38376235961914, 12.327605247497559, 12.349786758422852, 12.312771797180176, 12.260127067565918, 12.2408447265625, 12.331682205200195, 12.202938079833984, 12.327072143554688, 12.219799995422363, 12.136765480041504, 12.179271697998047, 12.107215881347656, 12.293977737426758, 12.172886848449707, 12.14364242553711, 12.059025764465332, 12.167022705078125, 12.043275833129883, 12.130966186523438, 11.942107200622559, 12.11364459991455, 12.026260375976562, 11.940521240234375, 12.012954711914062, 11.888967514038086, 11.851907730102539, 11.840142250061035, 11.84561824798584], "best_val_epoch": 99, "model": "AE_sound", "lr": 0.0001, "batch_size": 256, "context": "12"}