{"iter": 3, "val_mses": [16.729692459106445, 16.16115951538086, 13.35421371459961, 12.695538520812988, 12.395489692687988, 11.814823150634766, 11.33896541595459, 11.249809265136719, 11.17369556427002, 11.106539726257324, 11.054993629455566, 10.993354797363281, 10.916106224060059, 10.881378173828125, 10.780217170715332, 10.717570304870605, 10.656074523925781, 10.624184608459473, 10.569279670715332, 10.521169662475586, 10.447235107421875, 10.26923656463623, 10.112655639648438, 9.967243194580078, 9.87564754486084, 9.84304141998291, 9.757597923278809, 9.717504501342773, 9.65049934387207, 9.649860382080078, 9.619573593139648, 9.624786376953125, 9.53931999206543, 9.524090766906738, 9.509778022766113, 9.477048873901367, 9.433738708496094, 9.43814754486084, 9.411574363708496, 9.407166481018066, 9.398399353027344, 9.370414733886719, 9.326750755310059, 9.336397171020508, 9.298256874084473, 9.292431831359863, 9.27838134765625, 9.291454315185547, 9.246573448181152, 9.242892265319824, 9.219733238220215, 9.238414764404297, 9.220074653625488, 9.205185890197754, 9.15378189086914, 9.140056610107422, 9.133359909057617, 9.13563346862793, 9.107169151306152, 9.097397804260254, 9.090904235839844, 9.094280242919922, 9.061807632446289, 9.049067497253418, 9.037515640258789, 9.011276245117188, 9.021450996398926, 9.013140678405762, 9.000327110290527, 9.004581451416016, 8.998273849487305, 8.948497772216797, 8.952231407165527, 8.908576965332031, 8.909299850463867, 8.900358200073242, 8.89799976348877, 8.89881420135498, 8.868916511535645, 8.864948272705078, 8.87056827545166, 8.837589263916016, 8.843887329101562, 8.811203002929688, 8.807716369628906, 8.81670093536377, 8.793222427368164, 8.75859546661377, 8.783530235290527, 8.728415489196777, 8.731376647949219, 8.741718292236328, 8.71012020111084, 8.687115669250488, 8.659896850585938, 8.6534423828125, 8.636295318603516, 8.649385452270508, 8.619694709777832, 8.640944480895996], "best_val_epoch": 99, "model": "AE_sound", "lr": 0.0001, "batch_size": 256, "context": "10"}