{"iter": 1, "val_mses": [8.485974311828613, 7.4852118492126465, 7.155248641967773, 6.802455902099609, 6.6779656410217285, 6.543194770812988, 6.2973833084106445, 6.226044654846191, 6.192904949188232, 6.153646469116211, 6.137382984161377, 6.078158855438232, 6.009471893310547, 5.981042861938477, 5.927935600280762, 5.932835102081299, 5.918165683746338, 5.913196086883545, 5.906598091125488, 5.898488998413086, 5.867624759674072, 5.862717628479004, 5.851010322570801, 5.831963062286377, 5.835393905639648, 5.834491729736328, 5.831908702850342, 5.8046369552612305, 5.8219499588012695, 5.817758560180664, 5.798603534698486, 5.793451309204102, 5.780612945556641, 5.78037691116333, 5.778425693511963, 5.766845703125, 5.75776481628418, 5.759495258331299, 5.7546467781066895, 5.732978820800781, 5.756064414978027, 5.76030158996582, 5.745746612548828, 5.73630952835083, 5.705202579498291, 5.7154083251953125, 5.698890209197998, 5.708816051483154, 5.696740627288818, 5.6761155128479, 5.68755578994751, 5.678704738616943, 5.661775588989258, 5.6694254875183105, 5.656260967254639, 5.651988983154297, 5.632253170013428, 5.640365123748779, 5.641441345214844, 5.642191410064697, 5.642778396606445, 5.636302947998047, 5.646646022796631, 5.6154046058654785, 5.622400760650635, 5.621586322784424, 5.6109418869018555, 5.616462230682373, 5.624835968017578, 5.616238117218018, 5.6108551025390625, 5.595946788787842, 5.576644420623779, 5.581394195556641, 5.57449197769165, 5.572986602783203, 5.552971839904785, 5.586183547973633, 5.570509910583496, 5.5550761222839355, 5.562416076660156, 5.56190299987793, 5.536732196807861, 5.526607036590576, 5.538525104522705, 5.55463981628418, 5.538448810577393, 5.53662109375, 5.527226448059082, 5.526700019836426, 5.526102066040039, 5.520884037017822, 5.520273685455322, 5.5343017578125, 5.516684532165527, 5.525521278381348, 5.502094745635986, 5.511979579925537, 5.4980363845825195, 5.516107082366943], "best_val_epoch": 99, "model": "AE_sound", "lr": 0.0001, "batch_size": 256, "context": "3"}