{"iter": 3, "val_mses": [12.028995513916016, 11.234810829162598, 11.223003387451172, 11.113683700561523, 10.257731437683105, 9.585329055786133, 9.443937301635742, 9.310162544250488, 9.186141014099121, 9.088595390319824, 9.090581893920898, 9.00072956085205, 8.96263599395752, 8.96102523803711, 8.990951538085938, 8.992794036865234, 8.976771354675293, 8.997179985046387, 8.913286209106445, 8.94239616394043, 8.857552528381348, 8.871807098388672, 8.866219520568848, 8.846129417419434, 8.805410385131836, 8.827103614807129, 8.749924659729004, 8.774261474609375, 8.76265811920166, 8.762943267822266, 8.747099876403809, 8.781789779663086, 8.729501724243164, 8.667651176452637, 8.675695419311523, 8.688529968261719, 8.697324752807617, 8.588879585266113, 8.69627857208252, 8.651739120483398, 8.696433067321777, 8.665706634521484, 8.5599365234375, 8.596957206726074, 8.592986106872559, 8.576128959655762, 8.606729507446289, 8.61823558807373, 8.588095664978027, 8.591352462768555, 8.54583740234375, 8.523402214050293, 8.4956636428833, 8.459025382995605, 8.43132495880127, 8.46873950958252, 8.426291465759277, 8.457365036010742, 8.395610809326172, 8.389951705932617, 8.410209655761719, 8.399381637573242, 8.411149024963379, 8.3860502243042, 8.434349060058594, 8.422245025634766, 8.379448890686035, 8.365198135375977, 8.384273529052734, 8.327407836914062, 8.371747970581055, 8.36943244934082, 8.430559158325195, 8.3540678024292, 8.37185287475586, 8.345702171325684, 8.357719421386719, 8.271177291870117, 8.27574634552002, 8.244006156921387, 8.185049057006836, 8.069066047668457, 7.986283779144287, 7.874714374542236, 7.851559638977051, 7.815765380859375, 7.821657180786133, 7.79117488861084, 7.78770112991333, 7.726419925689697, 7.746574878692627, 7.703953266143799, 7.706782817840576, 7.685376167297363, 7.718986988067627, 7.697490692138672, 7.695564270019531, 7.670064926147461, 7.6867876052856445, 7.6554718017578125], "best_val_epoch": 100, "model": "AE_sound", "lr": 0.0001, "batch_size": 256, "context": "6"}