{"iter": 2, "val_mses": [14.549229621887207, 10.522612571716309, 9.436155319213867, 9.130946159362793, 9.044203758239746, 8.981712341308594, 8.9498929977417, 8.908061981201172, 8.861422538757324, 8.761993408203125, 8.658784866333008, 8.57485294342041, 8.47658920288086, 8.449758529663086, 8.389484405517578, 8.350522994995117, 8.275457382202148, 8.232213020324707, 8.201262474060059, 8.155497550964355, 8.1151704788208, 8.066547393798828, 8.041297912597656, 8.011856079101562, 7.994110584259033, 7.938689231872559, 7.940980434417725, 7.889960289001465, 7.846582412719727, 7.818647861480713, 7.813333511352539, 7.8001813888549805, 7.776606559753418, 7.780035495758057, 7.757282257080078, 7.7489776611328125, 7.778580188751221, 7.720147132873535, 7.721320629119873, 7.7036919593811035, 7.703024864196777, 7.705053329467773, 7.705912113189697, 7.686081409454346, 7.664427280426025, 7.679399490356445, 7.658111572265625, 7.656366348266602, 7.657813549041748, 7.628866672515869, 7.62995719909668, 7.608710289001465, 7.551558971405029, 7.47838020324707, 7.443245887756348, 7.4110822677612305, 7.353031635284424, 7.324636936187744, 7.304965496063232, 7.272114276885986, 7.256390571594238, 7.225644588470459, 7.2399187088012695, 7.201063632965088, 7.197134494781494, 7.201481819152832, 7.169312000274658, 7.1719231605529785, 7.153061866760254, 7.144106388092041, 7.1337809562683105, 7.1065144538879395, 7.112119674682617, 7.114869117736816, 7.081233024597168, 7.0693278312683105, 7.069673538208008, 7.063838958740234, 7.066316604614258, 7.0639848709106445, 7.039973258972168, 7.05375337600708, 7.056520938873291, 7.053941249847412, 7.0391974449157715, 7.049647331237793, 7.01649284362793, 7.029788017272949, 7.016075611114502, 7.013359069824219, 6.9980340003967285, 7.015822410583496, 7.0161519050598145, 7.001404762268066, 6.988335132598877, 6.993782043457031, 6.973212718963623, 6.9810004234313965, 6.990081787109375, 6.970588684082031], "best_val_epoch": 100, "model": "AE_sound", "lr": 0.0001, "batch_size": 256, "context": "9"}