{"iter": 1, "val_mses": [17.207212448120117, 11.717231750488281, 10.582815170288086, 10.116302490234375, 9.889954566955566, 9.733945846557617, 9.640791893005371, 9.513962745666504, 9.450956344604492, 9.411036491394043, 9.376389503479004, 9.323921203613281, 9.279962539672852, 9.228313446044922, 9.122403144836426, 9.14252758026123, 9.030370712280273, 9.018899917602539, 8.938475608825684, 8.895698547363281, 8.881279945373535, 8.873262405395508, 8.82937240600586, 8.783590316772461, 8.771071434020996, 8.735462188720703, 8.732270240783691, 8.708653450012207, 8.697455406188965, 8.679896354675293, 8.697771072387695, 8.682847023010254, 8.639582633972168, 8.638422012329102, 8.618875503540039, 8.615806579589844, 8.59386920928955, 8.575167655944824, 8.565515518188477, 8.559396743774414, 8.520586013793945, 8.51860237121582, 8.527901649475098, 8.502671241760254, 8.509637832641602, 8.472315788269043, 8.462030410766602, 8.463168144226074, 8.433328628540039, 8.41320514678955, 8.427891731262207, 8.405715942382812, 8.395398139953613, 8.396662712097168, 8.413599967956543, 8.400951385498047, 8.379951477050781, 8.351907730102539, 8.398880004882812, 8.350139617919922, 8.346297264099121, 8.337347030639648, 8.32041072845459, 8.309582710266113, 8.323566436767578, 8.285033226013184, 8.313323974609375, 8.29089069366455, 8.271591186523438, 8.305283546447754, 8.263043403625488, 8.278438568115234, 8.27547836303711, 8.25614070892334, 8.258755683898926, 8.25380802154541, 8.228486061096191, 8.22140121459961, 8.242571830749512, 8.228086471557617, 8.211273193359375, 8.185898780822754, 8.211787223815918, 8.22017765045166, 8.199121475219727, 8.182380676269531, 8.17999267578125, 8.197827339172363, 8.174019813537598, 8.178582191467285, 8.162385940551758, 8.152592658996582, 8.159271240234375, 8.176027297973633, 8.153709411621094, 8.154303550720215, 8.13504409790039, 8.153552055358887, 8.147510528564453, 8.128790855407715], "best_val_epoch": 100, "model": "AE_sound", "lr": 0.0001, "batch_size": 256, "context": "14"}