{"iter": 1, "val_mses": [15.964049339294434, 15.96619987487793, 15.98808765411377, 15.956879615783691, 15.892566680908203, 15.797318458557129, 15.638954162597656, 15.4154691696167, 15.181300163269043, 14.740342140197754, 14.428908348083496, 14.079657554626465, 13.56094741821289, 13.267181396484375, 13.083566665649414, 12.992366790771484, 13.03992748260498, 12.94151496887207, 12.80951976776123, 13.220199584960938, 12.951946258544922, 12.83614444732666, 12.838598251342773, 12.942222595214844, 12.883646011352539, 13.017911911010742, 12.870355606079102, 12.753024101257324, 12.838958740234375, 12.809468269348145, 12.989481925964355, 12.891727447509766, 12.829375267028809, 12.978357315063477, 12.788763046264648, 12.93315315246582, 12.835886001586914, 12.874701499938965, 12.857993125915527, 12.761702537536621, 12.966785430908203, 12.774176597595215, 12.802403450012207, 12.88156509399414, 12.82424259185791, 12.764098167419434, 12.843396186828613, 12.904404640197754, 12.66489028930664, 12.379945755004883, 12.080001831054688, 11.958060264587402, 11.988483428955078, 11.914647102355957, 11.957391738891602, 11.820685386657715, 11.820731163024902, 11.718155860900879, 11.759410858154297, 11.696941375732422, 11.590751647949219, 11.624109268188477, 11.522562980651855, 11.575693130493164, 11.548701286315918, 11.379491806030273, 11.185280799865723, 10.961551666259766, 10.851780891418457, 10.735379219055176, 10.578831672668457, 10.523842811584473, 10.555407524108887, 10.452940940856934, 10.47548770904541, 10.46269416809082, 10.402952194213867, 10.358144760131836, 10.242082595825195, 10.278346061706543, 10.242778778076172, 10.251246452331543, 10.244025230407715, 10.2459716796875, 10.222304344177246, 10.168712615966797, 10.24880313873291, 10.17220401763916, 10.08813190460205, 10.111830711364746, 10.086407661437988, 10.06406307220459, 10.06749439239502, 9.964277267456055, 10.06300163269043, 10.027665138244629, 9.982769966125488, 9.874545097351074, 9.93459415435791, 9.910380363464355], "best_val_epoch": 98, "model": "AE_sound", "lr": 0.0001, "batch_size": 256, "context": "6"}