{"iter": 1, "val_mses": [23.060466766357422, 23.019868850708008, 23.033340454101562, 23.084169387817383, 23.011838912963867, 23.03281593322754, 23.018712997436523, 22.995874404907227, 22.970487594604492, 22.96721076965332, 22.943490982055664, 22.935150146484375, 22.91267204284668, 22.943950653076172, 22.945438385009766, 22.87554931640625, 22.885351181030273, 22.820837020874023, 22.818603515625, 22.751296997070312, 22.763891220092773, 22.751941680908203, 22.651277542114258, 22.658702850341797, 22.604354858398438, 22.552736282348633, 22.55147361755371, 22.477678298950195, 22.428340911865234, 22.3244571685791, 22.303394317626953, 22.24936294555664, 22.202938079833984, 22.178300857543945, 22.098554611206055, 22.061264038085938, 22.07149314880371, 22.075883865356445, 22.0609130859375, 22.059438705444336, 22.0064697265625, 21.975725173950195, 21.997417449951172, 22.041587829589844, 21.96822166442871, 21.981399536132812, 22.015283584594727, 21.959287643432617, 21.970367431640625, 21.963380813598633, 21.95906639099121, 22.01917266845703, 21.951242446899414, 21.979248046875, 21.95954132080078, 21.9858455657959, 21.966596603393555, 22.00387191772461, 21.98666763305664, 22.002595901489258, 22.006223678588867, 21.95652961730957, 22.05470848083496, 22.00225067138672, 21.971525192260742, 21.98748016357422, 21.988101959228516, 21.945716857910156, 21.955570220947266, 21.97397232055664, 21.989835739135742, 21.999164581298828, 21.96697235107422, 21.957637786865234, 22.026493072509766, 21.96666717529297, 21.99619483947754, 21.99798011779785, 21.974842071533203, 22.02760887145996, 22.005481719970703, 21.947689056396484, 21.958158493041992, 21.969335556030273, 21.97000503540039, 21.99546241760254, 21.98664665222168, 22.014789581298828, 21.96562385559082, 21.997846603393555, 21.977209091186523, 21.968772888183594, 22.015817642211914, 21.959253311157227, 21.99994659423828, 21.986406326293945, 22.009143829345703, 21.963682174682617, 21.98813819885254, 21.98836898803711], "best_val_epoch": 68, "model": "AE_sound", "lr": 0.0001, "batch_size": 256, "context": "10"}