{"iter": 1, "val_mses": [15.666333198547363, 12.867960929870605, 10.712437629699707, 9.887526512145996, 9.374866485595703, 9.179141998291016, 9.047924041748047, 8.880059242248535, 8.667299270629883, 8.562634468078613, 8.442061424255371, 8.340458869934082, 8.286561012268066, 8.245635986328125, 8.209002494812012, 8.167139053344727, 8.141321182250977, 8.117936134338379, 8.086918830871582, 8.055716514587402, 8.037588119506836, 8.033123970031738, 8.003432273864746, 7.9626312255859375, 7.9626569747924805, 7.920247554779053, 7.926801681518555, 7.883684158325195, 7.8600263595581055, 7.84392786026001, 7.811723709106445, 7.787757873535156, 7.761080265045166, 7.728764533996582, 7.674221038818359, 7.661479949951172, 7.645345687866211, 7.626523494720459, 7.61822509765625, 7.621771335601807, 7.573375701904297, 7.578554153442383, 7.562633514404297, 7.564891338348389, 7.543766975402832, 7.530972003936768, 7.522669792175293, 7.526820659637451, 7.504004001617432, 7.517207145690918, 7.4952712059021, 7.505017280578613, 7.495788097381592, 7.479301452636719, 7.462963104248047, 7.474905967712402, 7.458111763000488, 7.444543838500977, 7.448483467102051, 7.442960262298584, 7.430356979370117, 7.417660713195801, 7.4112467765808105, 7.407164096832275, 7.393971920013428, 7.390994548797607, 7.3882737159729, 7.381113529205322, 7.393326282501221, 7.368640422821045, 7.35919713973999, 7.362339496612549, 7.346004962921143, 7.343357563018799, 7.332751274108887, 7.338950157165527, 7.3379645347595215, 7.325366020202637, 7.315091609954834, 7.3261942863464355, 7.3021416664123535, 7.312403678894043, 7.300341606140137, 7.302901268005371, 7.299126625061035, 7.3004608154296875, 7.31540060043335, 7.294788360595703, 7.287045001983643, 7.295928001403809, 7.28945255279541, 7.274470329284668, 7.268063545227051, 7.2624359130859375, 7.260153770446777, 7.264223575592041, 7.268420696258545, 7.242606163024902, 7.246545791625977, 7.23050594329834], "best_val_epoch": 100, "model": "AE_sound", "lr": 0.0001, "batch_size": 256, "context": "15"}