{"iter": 1, "val_mses": [12.212041854858398, 9.713913917541504, 8.707755088806152, 8.510723114013672, 8.281122207641602, 7.8308844566345215, 7.59412145614624, 7.433110237121582, 7.275622367858887, 7.159518718719482, 7.0714592933654785, 7.01149320602417, 6.946988105773926, 6.881924629211426, 6.831544399261475, 6.786957263946533, 6.722952842712402, 6.668080806732178, 6.6194939613342285, 6.588521480560303, 6.554732799530029, 6.532510280609131, 6.504209995269775, 6.488997936248779, 6.479353427886963, 6.470028400421143, 6.454522132873535, 6.444949626922607, 6.426234722137451, 6.412049293518066, 6.405386924743652, 6.3838911056518555, 6.365699291229248, 6.35209321975708, 6.342656135559082, 6.339393615722656, 6.32030725479126, 6.3203125, 6.311405658721924, 6.298557758331299, 6.304335594177246, 6.2969770431518555, 6.2908406257629395, 6.278143405914307, 6.267945289611816, 6.269092082977295, 6.257793426513672, 6.252315521240234, 6.2463698387146, 6.233666896820068, 6.221312046051025, 6.221933841705322, 6.205708980560303, 6.186267375946045, 6.180655479431152, 6.163753986358643, 6.166992664337158, 6.168276786804199, 6.155211925506592, 6.144321918487549, 6.145120143890381, 6.151094436645508, 6.125946044921875, 6.119879722595215, 6.1248273849487305, 6.134069442749023, 6.128869533538818, 6.116591453552246, 6.115978240966797, 6.113170146942139, 6.096114635467529, 6.09816837310791, 6.1030497550964355, 6.085391998291016, 6.089004993438721, 6.079510688781738, 6.068339824676514, 6.0711350440979, 6.067854404449463, 6.071401596069336, 6.0650153160095215, 6.056337833404541, 6.04736328125, 6.059106349945068, 6.042539119720459, 6.042115688323975, 6.038727283477783, 6.034867286682129, 6.045242786407471, 6.032436847686768, 6.034354209899902, 6.042410373687744, 6.021232604980469, 6.032583236694336, 6.018593788146973, 6.010098457336426, 6.015985012054443, 6.013073444366455, 6.019371509552002, 6.015721797943115], "best_val_epoch": 96, "model": "AE_sound", "lr": 0.0001, "batch_size": 256, "context": "0"}