{"iter": 2, "val_mses": [12.261772155761719, 12.066734313964844, 11.18796157836914, 10.5196533203125, 10.361098289489746, 10.196372032165527, 10.076175689697266, 9.921350479125977, 9.949398040771484, 9.802166938781738, 9.842731475830078, 9.734234809875488, 9.670607566833496, 9.66903305053711, 9.651415824890137, 9.579843521118164, 9.512673377990723, 9.566021919250488, 9.604805946350098, 9.468426704406738, 9.480676651000977, 9.560776710510254, 9.482134819030762, 9.432075500488281, 9.446656227111816, 9.459593772888184, 9.434873580932617, 9.427620887756348, 9.410906791687012, 9.431191444396973, 9.37464427947998, 9.404861450195312, 9.47372817993164, 9.492280960083008, 9.445914268493652, 9.46704387664795, 9.445745468139648, 9.408988952636719, 9.432899475097656, 9.42501163482666, 9.431828498840332, 9.41781234741211, 9.390342712402344, 9.417316436767578, 9.408418655395508, 9.334372520446777, 9.377554893493652, 9.402037620544434, 9.34214973449707, 9.363911628723145, 9.31689453125, 9.423083305358887, 9.369128227233887, 9.363276481628418, 9.369183540344238, 9.316699981689453, 9.30345344543457, 9.321869850158691, 9.286872863769531, 9.336908340454102, 9.355067253112793, 9.309544563293457, 9.303269386291504, 9.240494728088379, 9.239700317382812, 9.28384780883789, 9.321226119995117, 9.16828727722168, 9.115591049194336, 8.971019744873047, 8.947103500366211, 8.940530776977539, 8.926270484924316, 8.872391700744629, 8.861967086791992, 8.88697338104248, 8.856898307800293, 8.901473045349121, 8.822978019714355, 8.82900619506836, 8.816380500793457, 8.842828750610352, 8.762471199035645, 8.781634330749512, 8.778312683105469, 8.756031036376953, 8.714019775390625, 8.757911682128906, 8.72724723815918, 8.721335411071777, 8.71206283569336, 8.717727661132812, 8.676702499389648, 8.696813583374023, 8.685680389404297, 8.693456649780273, 8.651080131530762, 8.653505325317383, 8.659029960632324, 8.627153396606445], "best_val_epoch": 100, "model": "AE_sound", "lr": 0.0001, "batch_size": 256, "context": "6"}