{"iter": 3, "val_mses": [16.82618522644043, 10.279470443725586, 9.6864595413208, 8.993152618408203, 8.813072204589844, 8.694149017333984, 8.61745548248291, 8.543614387512207, 8.488811492919922, 8.44464111328125, 8.391528129577637, 8.362412452697754, 8.321693420410156, 8.304604530334473, 8.275957107543945, 8.271592140197754, 8.228385925292969, 8.23026180267334, 8.18185043334961, 8.202295303344727, 8.169245719909668, 8.14219856262207, 8.11175537109375, 8.103523254394531, 8.112214088439941, 8.092557907104492, 8.069762229919434, 8.077488899230957, 8.04543685913086, 8.019774436950684, 7.999567031860352, 7.989643096923828, 7.945415496826172, 7.929215431213379, 7.905911922454834, 7.887628078460693, 7.871902942657471, 7.837517738342285, 7.84324836730957, 7.800461769104004, 7.809099197387695, 7.7652788162231445, 7.760906219482422, 7.734768390655518, 7.7169928550720215, 7.684813022613525, 7.663950443267822, 7.631752967834473, 7.5861616134643555, 7.573443412780762, 7.5535078048706055, 7.53392219543457, 7.493896484375, 7.4797163009643555, 7.467644214630127, 7.4574971199035645, 7.421816825866699, 7.414468765258789, 7.412513256072998, 7.424037456512451, 7.383650302886963, 7.3849053382873535, 7.372744083404541, 7.364019393920898, 7.337360858917236, 7.344566822052002, 7.3179121017456055, 7.32135009765625, 7.3199920654296875, 7.310507774353027, 7.299999237060547, 7.283487796783447, 7.2900004386901855, 7.281373977661133, 7.272561073303223, 7.276157855987549, 7.240461349487305, 7.264382839202881, 7.255531311035156, 7.2552924156188965, 7.2291083335876465, 7.244223594665527, 7.233670234680176, 7.265725135803223, 7.213919162750244, 7.210215091705322, 7.197897434234619, 7.190110683441162, 7.1948699951171875, 7.184373378753662, 7.223793029785156, 7.181297302246094, 7.1705756187438965, 7.169285774230957, 7.174264907836914, 7.177187919616699, 7.193760871887207, 7.19964075088501, 7.1351318359375, 7.134354591369629], "best_val_epoch": 100, "model": "AE_sound", "lr": 0.0001, "batch_size": 256, "context": "9"}