{"iter": 3, "val_mses": [8.969667434692383, 7.359711647033691, 7.338736057281494, 6.959865570068359, 6.416467666625977, 6.265740871429443, 6.159282684326172, 6.000899791717529, 5.995490074157715, 5.988887786865234, 5.968006134033203, 5.977741241455078, 5.938941478729248, 5.904234886169434, 5.863464832305908, 5.861702919006348, 5.8655805587768555, 5.840362548828125, 5.837967395782471, 5.847832202911377, 5.832655906677246, 5.8174052238464355, 5.814702033996582, 5.798147678375244, 5.783749103546143, 5.785613059997559, 5.780770778656006, 5.766854763031006, 5.764298439025879, 5.750773906707764, 5.754466533660889, 5.750948429107666, 5.750619888305664, 5.742796897888184, 5.747690200805664, 5.743766784667969, 5.735909938812256, 5.745570659637451, 5.723151206970215, 5.724697113037109, 5.724472999572754, 5.71676778793335, 5.720448017120361, 5.72416353225708, 5.72915506362915, 5.718887805938721, 5.711296081542969, 5.709995746612549, 5.701217174530029, 5.697774887084961, 5.707250118255615, 5.695436000823975, 5.695667266845703, 5.705377578735352, 5.700527191162109, 5.704792499542236, 5.7042436599731445, 5.701514720916748, 5.69302225112915, 5.6893157958984375, 5.687766075134277, 5.6810712814331055, 5.636538982391357, 5.616079807281494, 5.601571559906006, 5.591122627258301, 5.575815677642822, 5.570224761962891, 5.5704426765441895, 5.562427520751953, 5.557078838348389, 5.557569980621338, 5.551017761230469, 5.534765243530273, 5.541470527648926, 5.531018257141113, 5.524367809295654, 5.533724784851074, 5.537901401519775, 5.519448757171631, 5.50974702835083, 5.509909152984619, 5.501437664031982, 5.508797645568848, 5.505874156951904, 5.509087562561035, 5.514002323150635, 5.519876003265381, 5.491440296173096, 5.478903293609619, 5.488312244415283, 5.475886344909668, 5.4854350090026855, 5.4856061935424805, 5.468583583831787, 5.480636119842529, 5.4696946144104, 5.469711780548096, 5.465318202972412, 5.472891330718994], "best_val_epoch": 99, "model": "AE_sound", "lr": 0.0001, "batch_size": 256, "context": "1"}