{"iter": 3, "val_mses": [11.250651359558105, 9.750234603881836, 8.878036499023438, 8.759991645812988, 7.666699409484863, 7.499873161315918, 7.414336681365967, 7.437894344329834, 7.3707756996154785, 7.387289047241211, 7.394150733947754, 7.352030277252197, 7.313259124755859, 7.241673946380615, 7.294512748718262, 7.216448783874512, 7.261932849884033, 7.24102258682251, 7.21823263168335, 7.180964946746826, 7.244359016418457, 7.2255024909973145, 7.257577419281006, 7.26437520980835, 7.266631603240967, 7.269991874694824, 7.263984680175781, 7.3149733543396, 7.309448719024658, 7.31308650970459, 7.2879838943481445, 7.301362991333008, 7.315783500671387, 7.390868186950684, 7.318339824676514, 7.305341720581055, 7.332364082336426, 7.326301097869873, 7.284182071685791, 7.312535285949707, 7.278524398803711, 7.2999372482299805, 7.262717247009277, 7.231296062469482, 7.256643772125244, 7.120457172393799, 7.075491428375244, 7.174156188964844, 7.139686584472656, 7.118701457977295, 7.067033290863037, 7.075239181518555, 7.030331611633301, 7.1011762619018555, 7.0543999671936035, 7.050174713134766, 7.139927864074707, 7.0657267570495605, 7.103362560272217, 7.079699993133545, 7.04981803894043, 7.030484676361084, 7.023204803466797, 7.0746636390686035, 7.043484210968018, 7.0428242683410645, 6.990558624267578, 6.978999137878418, 7.029759883880615, 6.987637996673584, 7.028802871704102, 7.0074968338012695, 7.0432233810424805, 7.012344837188721, 7.026923179626465, 7.0133256912231445, 6.978688716888428, 6.9791741371154785, 7.005122661590576, 6.945204734802246, 6.982578277587891, 6.976873397827148, 6.925889492034912, 6.972222328186035, 6.977834224700928, 6.976612091064453, 6.960484504699707, 7.017019271850586, 6.942952632904053, 6.933883190155029, 7.006113529205322, 6.927289009094238, 6.950141906738281, 6.939443588256836, 6.950163841247559, 6.9279327392578125, 6.968541622161865, 6.938724994659424, 6.941220760345459, 6.87673282623291], "best_val_epoch": 100, "model": "AE_sound", "lr": 0.0001, "batch_size": 256, "context": "7"}