{"iter": 1, "val_mses": [8.957712173461914, 7.3563232421875, 6.949341773986816, 6.30906867980957, 6.08319091796875, 6.0044403076171875, 5.966943740844727, 5.866857051849365, 5.766575336456299, 5.704981803894043, 5.671463489532471, 5.653176784515381, 5.644946575164795, 5.621011257171631, 5.6014485359191895, 5.602662563323975, 5.592779636383057, 5.5843825340271, 5.561430931091309, 5.543633937835693, 5.531822681427002, 5.521170139312744, 5.521172046661377, 5.502649307250977, 5.513565540313721, 5.487433433532715, 5.497501850128174, 5.491759777069092, 5.500040054321289, 5.490344047546387, 5.480855941772461, 5.470162391662598, 5.476574897766113, 5.486971378326416, 5.471677780151367, 5.458293437957764, 5.474496841430664, 5.462043285369873, 5.478338241577148, 5.453392028808594, 5.446835041046143, 5.450194835662842, 5.449057102203369, 5.457943916320801, 5.437391757965088, 5.440981388092041, 5.435361862182617, 5.437201023101807, 5.425763130187988, 5.425684452056885, 5.4217143058776855, 5.421481132507324, 5.422433376312256, 5.427655220031738, 5.412173748016357, 5.408332347869873, 5.412899017333984, 5.399292469024658, 5.4056267738342285, 5.408202171325684, 5.402996063232422, 5.393764019012451, 5.391990661621094, 5.398764133453369, 5.3957085609436035, 5.397265434265137, 5.397143840789795, 5.395177364349365, 5.385162353515625, 5.386617183685303, 5.380465030670166, 5.391993999481201, 5.380970001220703, 5.389332294464111, 5.377274513244629, 5.386607646942139, 5.381793975830078, 5.3749542236328125, 5.383869171142578, 5.379563331604004, 5.373770713806152, 5.380471229553223, 5.378668308258057, 5.383374214172363, 5.3742194175720215, 5.393482208251953, 5.379526138305664, 5.378722667694092, 5.375003337860107, 5.378689765930176, 5.366196632385254, 5.367924690246582, 5.364099502563477, 5.371657848358154, 5.368876934051514, 5.363404750823975, 5.361691951751709, 5.353826522827148, 5.365121364593506, 5.358776569366455], "best_val_epoch": 98, "model": "AE_sound", "lr": 0.0001, "batch_size": 256, "context": "1"}