{"iter": 1, "val_mses": [12.525532722473145, 11.371402740478516, 10.876409530639648, 10.514045715332031, 10.006729125976562, 9.709202766418457, 9.703180313110352, 9.664009094238281, 9.664994239807129, 9.676097869873047, 9.672335624694824, 9.613855361938477, 9.556632995605469, 9.483631134033203, 9.432110786437988, 9.357338905334473, 9.32533073425293, 9.302040100097656, 9.26234245300293, 9.248087882995605, 9.206741333007812, 9.207921981811523, 9.137332916259766, 9.079842567443848, 9.035626411437988, 8.976252555847168, 8.910633087158203, 8.882946968078613, 8.769477844238281, 8.707477569580078, 8.641995429992676, 8.610450744628906, 8.552083969116211, 8.534082412719727, 8.49623966217041, 8.457330703735352, 8.449586868286133, 8.397706031799316, 8.37697982788086, 8.328886985778809, 8.309769630432129, 8.306136131286621, 8.284193992614746, 8.262843132019043, 8.22763729095459, 8.179255485534668, 8.219590187072754, 8.179156303405762, 8.156002044677734, 8.152560234069824, 8.106729507446289, 8.143375396728516, 8.113974571228027, 8.06653118133545, 8.096992492675781, 8.01703929901123, 8.045538902282715, 8.018280982971191, 8.03147029876709, 7.98213529586792, 7.9805006980896, 7.956721782684326, 7.954099655151367, 7.912789821624756, 7.9341535568237305, 7.914734363555908, 7.929344177246094, 7.8980607986450195, 7.881237030029297, 7.858309268951416, 7.852902412414551, 7.85133695602417, 7.841319561004639, 7.85186767578125, 7.811922073364258, 7.816008567810059, 7.7944865226745605, 7.8126702308654785, 7.790284633636475, 7.779362678527832, 7.779148101806641, 7.773257255554199, 7.733152866363525, 7.778011322021484, 7.757861137390137, 7.762950897216797, 7.759608745574951, 7.734172344207764, 7.726107120513916, 7.7346930503845215, 7.720454216003418, 7.7170023918151855, 7.703044414520264, 7.7311201095581055, 7.686703681945801, 7.6907453536987305, 7.671811103820801, 7.713728904724121, 7.656474590301514, 7.689304351806641], "best_val_epoch": 99, "model": "AE_sound", "lr": 0.0001, "batch_size": 256, "context": "8"}