{"iter": 2, "val_mses": [9.45934772491455, 7.505799293518066, 6.759963512420654, 6.495913028717041, 6.304622650146484, 6.2138543128967285, 6.176107883453369, 6.150867938995361, 6.119635581970215, 6.103216648101807, 6.0724263191223145, 6.041301727294922, 5.9967451095581055, 5.974407196044922, 5.962744235992432, 5.955997943878174, 5.9432196617126465, 5.936476707458496, 5.9200568199157715, 5.916563987731934, 5.912891864776611, 5.897001266479492, 5.882960796356201, 5.862640857696533, 5.859579563140869, 5.848362922668457, 5.839659214019775, 5.829662799835205, 5.820618152618408, 5.80438756942749, 5.80079460144043, 5.790440559387207, 5.789340972900391, 5.783510208129883, 5.776364326477051, 5.774099826812744, 5.762269973754883, 5.7666425704956055, 5.757026195526123, 5.75658655166626, 5.745370864868164, 5.748446464538574, 5.735760688781738, 5.727183818817139, 5.736812114715576, 5.72760009765625, 5.727030277252197, 5.728779315948486, 5.730287075042725, 5.7310380935668945, 5.728809833526611, 5.724960803985596, 5.721898078918457, 5.714150428771973, 5.720510005950928, 5.71394681930542, 5.719100475311279, 5.708634853363037, 5.710638523101807, 5.7089409828186035, 5.70253324508667, 5.702856540679932, 5.701149940490723, 5.700815200805664, 5.70449161529541, 5.696547985076904, 5.700429916381836, 5.700717449188232, 5.692640781402588, 5.6944661140441895, 5.692751884460449, 5.694213390350342, 5.687549591064453, 5.688863754272461, 5.69180965423584, 5.685568332672119, 5.681118488311768, 5.690870761871338, 5.676262378692627, 5.676738739013672, 5.675603866577148, 5.667138576507568, 5.667973041534424, 5.6707682609558105, 5.675590515136719, 5.673821926116943, 5.67186164855957, 5.663959980010986, 5.664276599884033, 5.6635894775390625, 5.667866230010986, 5.661187171936035, 5.659629821777344, 5.65533971786499, 5.643855571746826, 5.6330389976501465, 5.6349334716796875, 5.635903835296631, 5.611196517944336, 5.59614896774292], "best_val_epoch": 100, "model": "AE_sound", "lr": 0.0001, "batch_size": 256, "context": "2"}