{"iter": 2, "val_mses": [7.359575271606445, 7.280272960662842, 6.754119396209717, 6.31099271774292, 6.229650974273682, 6.054549694061279, 6.019102096557617, 5.956864833831787, 5.892383098602295, 5.835750579833984, 5.832981109619141, 5.80403995513916, 5.792111873626709, 5.758249759674072, 5.729121685028076, 5.710566997528076, 5.683560371398926, 5.665398120880127, 5.665970802307129, 5.676854610443115, 5.657176494598389, 5.655492305755615, 5.650888919830322, 5.654651641845703, 5.646894931793213, 5.647848606109619, 5.644644737243652, 5.6341047286987305, 5.640251159667969, 5.635686874389648, 5.629079341888428, 5.637548446655273, 5.636941432952881, 5.6230149269104, 5.6202216148376465, 5.610496520996094, 5.615875720977783, 5.60388708114624, 5.606029510498047, 5.612264633178711, 5.597917079925537, 5.598611831665039, 5.599433898925781, 5.586234092712402, 5.596573829650879, 5.583352088928223, 5.584539890289307, 5.579986095428467, 5.573123931884766, 5.582092761993408, 5.581176280975342, 5.564781188964844, 5.5622100830078125, 5.562039852142334, 5.560186862945557, 5.560001373291016, 5.5533857345581055, 5.552501678466797, 5.5463032722473145, 5.5476579666137695, 5.54823112487793, 5.544005393981934, 5.543323516845703, 5.545958042144775, 5.531737327575684, 5.539449214935303, 5.544544219970703, 5.53516960144043, 5.522127151489258, 5.52367639541626, 5.5359625816345215, 5.523921012878418, 5.533944129943848, 5.534290313720703, 5.5243754386901855, 5.5231032371521, 5.518895626068115, 5.525271892547607, 5.519056797027588, 5.512871742248535, 5.524486541748047, 5.506923198699951, 5.5027899742126465, 5.512894630432129, 5.506686210632324, 5.502313613891602, 5.49407958984375, 5.50313138961792, 5.505555152893066, 5.495606899261475, 5.485973834991455, 5.493505477905273, 5.489795207977295, 5.493466377258301, 5.494440078735352, 5.4882426261901855, 5.484771728515625, 5.48153018951416, 5.485476016998291, 5.482845783233643], "best_val_epoch": 98, "model": "AE_sound", "lr": 0.0001, "batch_size": 256, "context": "1"}