{"iter": 3, "val_mses": [10.159418106079102, 8.384804725646973, 7.507733345031738, 7.4270195960998535, 7.092299938201904, 6.758209228515625, 6.432927131652832, 6.23302698135376, 6.203832149505615, 6.176118850708008, 6.099314212799072, 6.104726314544678, 6.078254222869873, 6.077480316162109, 6.01593017578125, 6.037073135375977, 6.012988090515137, 6.0093255043029785, 5.992353916168213, 5.985281467437744, 5.95216178894043, 5.953604698181152, 5.913280963897705, 5.8433613777160645, 5.8028740882873535, 5.759150981903076, 5.722664833068848, 5.711452960968018, 5.699437141418457, 5.6835198402404785, 5.675832271575928, 5.638432502746582, 5.631910800933838, 5.630945682525635, 5.598711013793945, 5.5767974853515625, 5.55037260055542, 5.553264141082764, 5.54443359375, 5.536352634429932, 5.524046897888184, 5.512896537780762, 5.520119667053223, 5.515420913696289, 5.496140480041504, 5.4992804527282715, 5.493378639221191, 5.505110740661621, 5.486106872558594, 5.502600193023682, 5.480845928192139, 5.477900981903076, 5.466903209686279, 5.465902328491211, 5.453494548797607, 5.456651210784912, 5.456869125366211, 5.447892665863037, 5.449443817138672, 5.4498372077941895, 5.424659729003906, 5.4451704025268555, 5.435862064361572, 5.434208393096924, 5.439764499664307, 5.429337978363037, 5.435241222381592, 5.418829441070557, 5.422796249389648, 5.393250465393066, 5.4156365394592285, 5.408735275268555, 5.433176517486572, 5.399918079376221, 5.401947021484375, 5.411734580993652, 5.406432628631592, 5.393630027770996, 5.396338939666748, 5.382582187652588, 5.390837669372559, 5.395430564880371, 5.389256477355957, 5.396209716796875, 5.389650344848633, 5.373330593109131, 5.376376628875732, 5.377128601074219, 5.397820949554443, 5.385409832000732, 5.377737522125244, 5.383809566497803, 5.367986679077148, 5.355749607086182, 5.35913610458374, 5.378917217254639, 5.3658528327941895, 5.367303848266602, 5.349308967590332, 5.356855869293213], "best_val_epoch": 99, "model": "AE_sound", "lr": 0.0001, "batch_size": 256, "context": "3"}