{"iter": 3, "val_mses": [12.644442558288574, 12.243830680847168, 10.982258796691895, 10.860021591186523, 10.833925247192383, 10.913825035095215, 10.70955753326416, 10.713968276977539, 10.65884780883789, 10.714105606079102, 10.996554374694824, 10.595440864562988, 10.576266288757324, 10.57400131225586, 10.520246505737305, 10.530706405639648, 10.530940055847168, 10.543218612670898, 10.486238479614258, 10.502504348754883, 10.478599548339844, 10.498779296875, 10.443836212158203, 10.383807182312012, 10.372055053710938, 10.371397972106934, 10.379922866821289, 10.387341499328613, 10.3143949508667, 10.322790145874023, 10.099333763122559, 10.006131172180176, 9.939834594726562, 9.924459457397461, 9.88746166229248, 9.91562271118164, 9.859070777893066, 9.857152938842773, 9.845870971679688, 9.959922790527344, 9.880660057067871, 9.833944320678711, 9.843367576599121, 9.86251163482666, 9.9693603515625, 9.832655906677246, 9.878157615661621, 9.854198455810547, 9.792980194091797, 9.785562515258789, 9.792303085327148, 9.76069450378418, 9.751715660095215, 9.778999328613281, 9.7670259475708, 9.976529121398926, 9.740036964416504, 9.868349075317383, 9.781949996948242, 9.789640426635742, 9.844460487365723, 10.071151733398438, 9.734758377075195, 9.78044319152832, 9.705964088439941, 9.857040405273438, 9.695611953735352, 9.713329315185547, 9.731201171875, 9.701569557189941, 9.704581260681152, 9.708032608032227, 9.702089309692383, 9.74081802368164, 9.891809463500977, 9.747507095336914, 9.684083938598633, 9.636394500732422, 9.734301567077637, 9.67353343963623, 9.68641185760498, 9.691454887390137, 9.657855987548828, 9.6602144241333, 9.601781845092773, 9.703186988830566, 9.683792114257812, 9.648591041564941, 9.584044456481934, 9.626757621765137, 9.616619110107422, 9.620919227600098, 9.601052284240723, 9.568831443786621, 9.595635414123535, 9.599470138549805, 9.850493431091309, 9.596680641174316, 9.590533256530762, 9.567025184631348], "best_val_epoch": 100, "model": "AE_sound", "lr": 0.0001, "batch_size": 256, "context": "4"}