{"iter": 2, "val_mses": [9.867752075195312, 8.623575210571289, 8.338287353515625, 8.079681396484375, 7.924746990203857, 7.608795642852783, 7.344043254852295, 7.192336559295654, 7.010397434234619, 6.8401618003845215, 6.737481594085693, 6.628530502319336, 6.496849536895752, 6.470794200897217, 6.459684371948242, 6.460424900054932, 6.434933662414551, 6.426898002624512, 6.4167046546936035, 6.389245986938477, 6.357316017150879, 6.329718589782715, 6.324835300445557, 6.3053388595581055, 6.271900653839111, 6.259215831756592, 6.236114501953125, 6.250686168670654, 6.238215923309326, 6.226883411407471, 6.203957557678223, 6.188676357269287, 6.173519134521484, 6.169117450714111, 6.159286022186279, 6.159539222717285, 6.147921085357666, 6.1384453773498535, 6.13704776763916, 6.105173587799072, 6.099338531494141, 6.103677749633789, 6.0916290283203125, 6.086489677429199, 6.072777271270752, 6.082608699798584, 6.0550384521484375, 6.05998420715332, 6.05079984664917, 6.032932281494141, 6.0251054763793945, 6.011927127838135, 6.009176254272461, 6.004817962646484, 6.006247520446777, 5.99798583984375, 5.988743782043457, 5.978661060333252, 5.969149112701416, 5.968785285949707, 5.96760892868042, 5.957027435302734, 5.9546380043029785, 5.945230007171631, 5.959122657775879, 5.935205936431885, 5.930272579193115, 5.930519104003906, 5.928150177001953, 5.921716213226318, 5.922363758087158, 5.923003673553467, 5.923521995544434, 5.913388729095459, 5.9153733253479, 5.9112019538879395, 5.897469997406006, 5.895745754241943, 5.8967204093933105, 5.891418933868408, 5.9104390144348145, 5.892974853515625, 5.8807477951049805, 5.881126880645752, 5.884581565856934, 5.8776164054870605, 5.878188133239746, 5.876153469085693, 5.871344566345215, 5.868232727050781, 5.870695114135742, 5.86445426940918, 5.862703323364258, 5.863563060760498, 5.863297462463379, 5.857423782348633, 5.852703094482422, 5.854609489440918, 5.855170249938965, 5.850182056427002], "best_val_epoch": 100, "model": "AE_sound", "lr": 0.0001, "batch_size": 256, "context": "0"}