{"iter": 2, "val_mses": [23.003173828125, 19.518146514892578, 16.469812393188477, 16.36356544494629, 13.950638771057129, 13.622413635253906, 12.485597610473633, 11.981760025024414, 11.573039054870605, 11.436598777770996, 11.287591934204102, 11.12513542175293, 10.879132270812988, 10.786022186279297, 10.774303436279297, 10.725621223449707, 10.68302059173584, 10.657382011413574, 10.61630916595459, 10.61246109008789, 10.579606056213379, 10.539870262145996, 10.5060453414917, 10.502123832702637, 10.467703819274902, 10.445249557495117, 10.467201232910156, 10.413448333740234, 10.369941711425781, 10.353819847106934, 10.327173233032227, 10.276936531066895, 10.236433982849121, 10.203080177307129, 10.17747974395752, 10.139769554138184, 10.131031036376953, 10.119994163513184, 10.060647964477539, 10.033615112304688, 10.037856101989746, 9.977128982543945, 9.954407691955566, 9.951741218566895, 9.946094512939453, 9.935770988464355, 9.886140823364258, 9.932050704956055, 9.89873218536377, 9.83177375793457, 9.849340438842773, 9.799945831298828, 9.802469253540039, 9.786656379699707, 9.767865180969238, 9.752224922180176, 9.727097511291504, 9.704436302185059, 9.731059074401855, 9.689979553222656, 9.701994895935059, 9.685483932495117, 9.677763938903809, 9.681782722473145, 9.628372192382812, 9.643452644348145, 9.64952564239502, 9.631603240966797, 9.622800827026367, 9.602917671203613, 9.586915016174316, 9.607288360595703, 9.561908721923828, 9.546585083007812, 9.527483940124512, 9.501386642456055, 9.517376899719238, 9.496231079101562, 9.50556468963623, 9.551457405090332, 9.501591682434082, 9.466850280761719, 9.525371551513672, 9.46008586883545, 9.448531150817871, 9.41706371307373, 9.454984664916992, 9.404365539550781, 9.403586387634277, 9.464028358459473, 9.385955810546875, 9.381343841552734, 9.3958101272583, 9.384602546691895, 9.360455513000488, 9.360779762268066, 9.377596855163574, 9.344104766845703, 9.340115547180176, 9.327130317687988], "best_val_epoch": 100, "model": "AE_sound", "lr": 0.0001, "batch_size": 256, "context": "10"}