{"iter": 3, "val_mses": [17.289377212524414, 14.209056854248047, 11.589906692504883, 10.599093437194824, 10.211247444152832, 10.095536231994629, 10.004244804382324, 9.89223575592041, 9.76671314239502, 9.689213752746582, 9.615869522094727, 9.55240535736084, 9.487972259521484, 9.452136993408203, 9.39559555053711, 9.324311256408691, 9.218493461608887, 9.177568435668945, 9.145293235778809, 9.052045822143555, 9.032031059265137, 8.977856636047363, 8.955734252929688, 8.874828338623047, 8.826750755310059, 8.748603820800781, 8.700345039367676, 8.649550437927246, 8.622376441955566, 8.599780082702637, 8.55229663848877, 8.547446250915527, 8.484387397766113, 8.473955154418945, 8.431633949279785, 8.42004108428955, 8.41754150390625, 8.39034652709961, 8.376361846923828, 8.362557411193848, 8.350329399108887, 8.328839302062988, 8.316302299499512, 8.30312728881836, 8.241654396057129, 8.222634315490723, 8.206356048583984, 8.183175086975098, 8.163875579833984, 8.144933700561523, 8.117752075195312, 8.103730201721191, 8.077315330505371, 8.069117546081543, 8.075094223022461, 8.054080963134766, 8.043122291564941, 8.038338661193848, 8.026630401611328, 7.998264789581299, 8.003968238830566, 8.012555122375488, 7.964508056640625, 7.94961404800415, 7.942221641540527, 7.9246063232421875, 7.920901775360107, 7.904789447784424, 7.890786170959473, 7.890673637390137, 7.870536804199219, 7.85882043838501, 7.8594536781311035, 7.850764751434326, 7.831138610839844, 7.846470355987549, 7.827825546264648, 7.807163715362549, 7.805716037750244, 7.7944254875183105, 7.777533054351807, 7.781972885131836, 7.7724809646606445, 7.766974925994873, 7.754438400268555, 7.762571334838867, 7.766323089599609, 7.7604660987854, 7.729256629943848, 7.72702169418335, 7.741961479187012, 7.71940279006958, 7.725430488586426, 7.740972518920898, 7.702031135559082, 7.6975932121276855, 7.679839611053467, 7.695426940917969, 7.675955295562744, 7.666977405548096], "best_val_epoch": 100, "model": "AE_sound", "lr": 0.0001, "batch_size": 256, "context": "15"}