{"iter": 2, "val_mses": [12.27992057800293, 11.54606819152832, 10.950385093688965, 10.797514915466309, 10.837410926818848, 10.696459770202637, 10.741564750671387, 10.693687438964844, 10.549593925476074, 10.668091773986816, 10.54772663116455, 10.549092292785645, 10.547203063964844, 10.452427864074707, 10.444604873657227, 10.492254257202148, 10.539602279663086, 10.413838386535645, 10.409600257873535, 10.384477615356445, 10.529682159423828, 10.44763469696045, 10.395957946777344, 10.401808738708496, 10.426291465759277, 10.358242988586426, 10.287554740905762, 10.295106887817383, 10.255121231079102, 10.300721168518066, 10.310710906982422, 10.289153099060059, 10.33627700805664, 10.236837387084961, 10.40605640411377, 10.429439544677734, 10.243388175964355, 10.208122253417969, 10.063225746154785, 10.097455024719238, 9.926412582397461, 9.964082717895508, 9.95876407623291, 9.945710182189941, 9.877664566040039, 10.086308479309082, 9.906622886657715, 9.879073143005371, 9.898164749145508, 9.841068267822266, 9.944750785827637, 9.851018905639648, 9.977185249328613, 9.824507713317871, 9.797016143798828, 9.834561347961426, 9.834491729736328, 9.753812789916992, 9.814778327941895, 9.775613784790039, 9.870959281921387, 9.790767669677734, 9.825345993041992, 9.842740058898926, 9.755963325500488, 9.723642349243164, 9.714698791503906, 9.693466186523438, 9.708134651184082, 9.7093505859375, 9.7083101272583, 9.678810119628906, 9.654786109924316, 9.677840232849121, 9.713643074035645, 9.664483070373535, 9.683653831481934, 9.664924621582031, 9.693900108337402, 9.698356628417969, 9.733962059020996, 9.66593074798584, 9.627218246459961, 9.652400016784668, 9.613712310791016, 9.610432624816895, 9.601033210754395, 9.58903694152832, 9.600299835205078, 9.613330841064453, 9.619470596313477, 9.580065727233887, 9.594127655029297, 9.60999870300293, 9.637364387512207, 9.554463386535645, 9.599677085876465, 9.558796882629395, 9.569820404052734, 9.882226943969727], "best_val_epoch": 96, "model": "AE_sound", "lr": 0.0001, "batch_size": 256, "context": "4"}