{"iter": 2, "val_mses": [14.622964859008789, 11.645146369934082, 10.998562812805176, 9.971159934997559, 9.331328392028809, 9.171592712402344, 9.074807167053223, 8.99959945678711, 8.94310188293457, 8.858505249023438, 8.725564956665039, 8.594271659851074, 8.523433685302734, 8.420085906982422, 8.319936752319336, 8.257684707641602, 8.19325065612793, 8.155476570129395, 8.109622955322266, 8.069704055786133, 8.044173240661621, 8.010485649108887, 7.970881462097168, 7.9544477462768555, 7.919565200805664, 7.893304824829102, 7.846637725830078, 7.822070121765137, 7.798916339874268, 7.782668590545654, 7.769160270690918, 7.764131546020508, 7.757950305938721, 7.7433013916015625, 7.716407775878906, 7.726596832275391, 7.722755432128906, 7.696208953857422, 7.703002452850342, 7.686043739318848, 7.676599979400635, 7.66344690322876, 7.652112007141113, 7.655912399291992, 7.661498546600342, 7.63008975982666, 7.616091728210449, 7.600775241851807, 7.586650848388672, 7.568626880645752, 7.563917636871338, 7.55453634262085, 7.5306267738342285, 7.498614311218262, 7.507233619689941, 7.496244430541992, 7.474958419799805, 7.459555625915527, 7.453989505767822, 7.42547082901001, 7.426964282989502, 7.420422077178955, 7.401187419891357, 7.389826774597168, 7.414371013641357, 7.385995864868164, 7.376769065856934, 7.359134197235107, 7.373645305633545, 7.363353252410889, 7.357797145843506, 7.335629463195801, 7.342288970947266, 7.316818714141846, 7.298904895782471, 7.3067402839660645, 7.294363498687744, 7.278532028198242, 7.281651020050049, 7.272588729858398, 7.274208068847656, 7.257895469665527, 7.265814781188965, 7.245255470275879, 7.2631425857543945, 7.253239154815674, 7.230114459991455, 7.2517900466918945, 7.255662441253662, 7.236881256103516, 7.225316047668457, 7.233822822570801, 7.230952262878418, 7.228085041046143, 7.223583221435547, 7.225651264190674, 7.215599536895752, 7.199397087097168, 7.199722766876221, 7.208610534667969], "best_val_epoch": 98, "model": "AE_sound", "lr": 0.0001, "batch_size": 256, "context": "15"}