{"iter": 2, "val_mses": [8.906411170959473, 8.480249404907227, 7.439720153808594, 6.849427223205566, 6.4320855140686035, 6.185781955718994, 6.050119400024414, 5.923956871032715, 5.906127452850342, 5.899863243103027, 5.861875534057617, 5.751669883728027, 5.675245761871338, 5.645064830780029, 5.620593070983887, 5.579319953918457, 5.541059970855713, 5.545791149139404, 5.524869918823242, 5.505207061767578, 5.469900131225586, 5.478267192840576, 5.475765705108643, 5.4680094718933105, 5.4723639488220215, 5.452427387237549, 5.462021827697754, 5.444726467132568, 5.450963020324707, 5.423466205596924, 5.433237552642822, 5.434285640716553, 5.424498558044434, 5.406328201293945, 5.407105445861816, 5.416663646697998, 5.4206647872924805, 5.410121440887451, 5.3950581550598145, 5.386043071746826, 5.402011871337891, 5.401230812072754, 5.3810577392578125, 5.38632869720459, 5.364686489105225, 5.385000705718994, 5.371783256530762, 5.367427825927734, 5.359287261962891, 5.367072582244873, 5.358628749847412, 5.361520767211914, 5.359426975250244, 5.366455078125, 5.346774101257324, 5.364096164703369, 5.329928398132324, 5.332974910736084, 5.345285892486572, 5.329138278961182, 5.328065395355225, 5.314245700836182, 5.3243207931518555, 5.309273719787598, 5.323956489562988, 5.314525127410889, 5.305963039398193, 5.311267375946045, 5.292651176452637, 5.301967144012451, 5.296502590179443, 5.306694030761719, 5.308363914489746, 5.301608085632324, 5.296935081481934, 5.295131206512451, 5.279449939727783, 5.292062282562256, 5.2724199295043945, 5.294356822967529, 5.295485973358154, 5.266639232635498, 5.279927730560303, 5.267745018005371, 5.262684345245361, 5.277872085571289, 5.276651382446289, 5.2728590965271, 5.26499080657959, 5.2656474113464355, 5.2490668296813965, 5.2633867263793945, 5.254738807678223, 5.249320983886719, 5.267613887786865, 5.265836238861084, 5.241683483123779, 5.261926174163818, 5.256980895996094, 5.265120506286621], "best_val_epoch": 97, "model": "AE_sound", "lr": 0.0001, "batch_size": 256, "context": "3"}