{"iter": 1, "val_mses": [14.159500122070312, 9.68666934967041, 9.244332313537598, 8.671792030334473, 8.567782402038574, 8.364747047424316, 8.019281387329102, 7.7795610427856445, 7.704224109649658, 7.604231357574463, 7.536482810974121, 7.526365280151367, 7.4807939529418945, 7.438723087310791, 7.404374599456787, 7.434537887573242, 7.370240688323975, 7.4007415771484375, 7.358882904052734, 7.3491435050964355, 7.3318939208984375, 7.315558433532715, 7.2882280349731445, 7.285795211791992, 7.255274772644043, 7.243497371673584, 7.232678413391113, 7.228423118591309, 7.206002235412598, 7.181251525878906, 7.173859119415283, 7.147216320037842, 7.122586250305176, 7.112064361572266, 7.086069107055664, 7.068024158477783, 7.041025638580322, 7.0355119705200195, 7.033115863800049, 7.019452095031738, 6.983606815338135, 6.964423179626465, 6.956315517425537, 6.961015701293945, 6.904291152954102, 6.8297600746154785, 6.791208267211914, 6.770672798156738, 6.754055023193359, 6.739621162414551, 6.717333793640137, 6.699902534484863, 6.6924333572387695, 6.6870222091674805, 6.6812639236450195, 6.667202472686768, 6.658786296844482, 6.642877101898193, 6.647376537322998, 6.631594181060791, 6.626760482788086, 6.609365940093994, 6.630557537078857, 6.611692428588867, 6.591836929321289, 6.593625068664551, 6.581113338470459, 6.579500198364258, 6.56147575378418, 6.578601360321045, 6.556303024291992, 6.552985191345215, 6.563540935516357, 6.546189785003662, 6.536374092102051, 6.535260200500488, 6.516083240509033, 6.5246758460998535, 6.5186767578125, 6.515434265136719, 6.499173641204834, 6.5046000480651855, 6.504724025726318, 6.494223594665527, 6.492657661437988, 6.474776268005371, 6.474231243133545, 6.46846866607666, 6.480076789855957, 6.452682971954346, 6.450891494750977, 6.456758499145508, 6.4432244300842285, 6.4391632080078125, 6.4315104484558105, 6.42683219909668, 6.421722888946533, 6.42877197265625, 6.426963806152344, 6.410388469696045], "best_val_epoch": 100, "model": "AE_sound", "lr": 0.0001, "batch_size": 256, "context": "9"}