{"iter": 2, "val_mses": [20.296377182006836, 15.459120750427246, 12.780226707458496, 11.243995666503906, 10.12685775756836, 9.558390617370605, 9.380331993103027, 9.32140827178955, 9.269944190979004, 9.131193161010742, 9.05463981628418, 9.012613296508789, 8.972214698791504, 8.934551239013672, 8.915727615356445, 8.887884140014648, 8.855319023132324, 8.84217357635498, 8.799939155578613, 8.795838356018066, 8.775031089782715, 8.775044441223145, 8.73454475402832, 8.694180488586426, 8.67135238647461, 8.632831573486328, 8.644858360290527, 8.578438758850098, 8.547637939453125, 8.497995376586914, 8.479381561279297, 8.442935943603516, 8.422412872314453, 8.40844440460205, 8.383124351501465, 8.360451698303223, 8.326423645019531, 8.295286178588867, 8.283622741699219, 8.246461868286133, 8.232288360595703, 8.219032287597656, 8.201034545898438, 8.18832778930664, 8.18448257446289, 8.16671371459961, 8.14931583404541, 8.127325057983398, 8.1334810256958, 8.110355377197266, 8.11037826538086, 8.098997116088867, 8.073225021362305, 8.074319839477539, 8.070967674255371, 8.068194389343262, 8.051711082458496, 8.050521850585938, 8.042981147766113, 8.032942771911621, 8.012381553649902, 8.000112533569336, 7.987842559814453, 7.992916107177734, 7.985535144805908, 7.997111797332764, 8.012470245361328, 7.980719089508057, 7.967963695526123, 7.957212448120117, 7.975131988525391, 7.9615888595581055, 7.953708171844482, 7.975028038024902, 7.932546138763428, 7.930471420288086, 7.941270351409912, 7.92656946182251, 7.931610584259033, 7.915668964385986, 7.894608974456787, 7.914879322052002, 7.896897315979004, 7.868882179260254, 7.838623523712158, 7.819925785064697, 7.796683311462402, 7.80799674987793, 7.803442478179932, 7.799872398376465, 7.795454502105713, 7.777288436889648, 7.789605617523193, 7.7685770988464355, 7.805068492889404, 7.764001369476318, 7.753639221191406, 7.751867294311523, 7.767230987548828, 7.733014106750488], "best_val_epoch": 100, "model": "AE_sound", "lr": 0.0001, "batch_size": 256, "context": "14"}