{"iter": 2, "val_mses": [19.98358917236328, 13.920631408691406, 12.622504234313965, 11.185860633850098, 10.748860359191895, 10.573179244995117, 10.465367317199707, 10.397658348083496, 10.279389381408691, 10.166009902954102, 9.738116264343262, 9.564837455749512, 9.439937591552734, 9.371880531311035, 9.312902450561523, 9.215670585632324, 9.042037010192871, 8.951186180114746, 8.860333442687988, 8.69192123413086, 8.550627708435059, 8.448770523071289, 8.362335205078125, 8.296920776367188, 8.267521858215332, 8.188213348388672, 8.143954277038574, 8.073009490966797, 8.039376258850098, 8.003701210021973, 7.966244220733643, 7.943237781524658, 7.907814979553223, 7.886500358581543, 7.856461524963379, 7.842240810394287, 7.83831787109375, 7.821105003356934, 7.800307273864746, 7.781385898590088, 7.755902290344238, 7.76923131942749, 7.744706153869629, 7.73758602142334, 7.709659099578857, 7.680048942565918, 7.691673755645752, 7.657993316650391, 7.653209209442139, 7.650219440460205, 7.624756813049316, 7.613772392272949, 7.611827850341797, 7.589772701263428, 7.5753960609436035, 7.575366020202637, 7.540202617645264, 7.5346903800964355, 7.535959720611572, 7.514787673950195, 7.5269904136657715, 7.499021053314209, 7.486826419830322, 7.490666389465332, 7.471696853637695, 7.478074073791504, 7.485847473144531, 7.448439598083496, 7.460072994232178, 7.451392650604248, 7.465605735778809, 7.445484638214111, 7.4444732666015625, 7.439142227172852, 7.443833827972412, 7.427886009216309, 7.4312872886657715, 7.417201995849609, 7.3970537185668945, 7.405555248260498, 7.400171756744385, 7.385399341583252, 7.386724472045898, 7.412466526031494, 7.382497787475586, 7.391615867614746, 7.3775634765625, 7.389606475830078, 7.36109733581543, 7.344557762145996, 7.349413871765137, 7.337493896484375, 7.328680515289307, 7.33121919631958, 7.319690704345703, 7.313378810882568, 7.320470333099365, 7.313179016113281, 7.305453300476074, 7.295999526977539], "best_val_epoch": 100, "model": "AE_sound", "lr": 0.0001, "batch_size": 256, "context": "12"}