{"iter": 1, "val_mses": [21.85085678100586, 16.688385009765625, 16.347755432128906, 16.176654815673828, 15.108394622802734, 13.582725524902344, 13.133849143981934, 12.618759155273438, 12.361764907836914, 12.227566719055176, 12.0380220413208, 11.940374374389648, 11.853619575500488, 11.815778732299805, 11.786911010742188, 11.703513145446777, 11.485462188720703, 11.31135368347168, 11.231161117553711, 11.19525146484375, 11.162877082824707, 11.144881248474121, 11.09746265411377, 11.101009368896484, 11.057497024536133, 11.04497241973877, 11.020671844482422, 11.01884937286377, 10.986204147338867, 10.934953689575195, 10.919943809509277, 10.920771598815918, 10.881972312927246, 10.861344337463379, 10.831134796142578, 10.869730949401855, 10.82263469696045, 10.781535148620605, 10.782499313354492, 10.7766752243042, 10.773035049438477, 10.749482154846191, 10.742992401123047, 10.724178314208984, 10.718770980834961, 10.756041526794434, 10.686779022216797, 10.68337345123291, 10.686607360839844, 10.64500904083252, 10.682357788085938, 10.655027389526367, 10.65518569946289, 10.637514114379883, 10.599002838134766, 10.608702659606934, 10.627203941345215, 10.612260818481445, 10.591615676879883, 10.575258255004883, 10.571525573730469, 10.563043594360352, 10.575959205627441, 10.546887397766113, 10.543766021728516, 10.531498908996582, 10.533781051635742, 10.5762300491333, 10.520550727844238, 10.520623207092285, 10.533062934875488, 10.496293067932129, 10.53690242767334, 10.476943016052246, 10.501980781555176, 10.473748207092285, 10.482582092285156, 10.482173919677734, 10.456815719604492, 10.474470138549805, 10.453147888183594, 10.485624313354492, 10.400803565979004, 10.41796588897705, 10.366060256958008, 10.376215934753418, 10.354964256286621, 10.363506317138672, 10.340081214904785, 10.304126739501953, 10.3165283203125, 10.301920890808105, 10.286237716674805, 10.257431030273438, 10.262657165527344, 10.301789283752441, 10.205453872680664, 10.236897468566895, 10.187666893005371, 10.173961639404297], "best_val_epoch": 100, "model": "AE_sound", "lr": 0.0001, "batch_size": 256, "context": "13"}