{"iter": 1, "val_mses": [14.067353248596191, 12.715042114257812, 12.184516906738281, 10.868239402770996, 9.646623611450195, 9.498275756835938, 9.217961311340332, 9.055051803588867, 8.989879608154297, 8.843754768371582, 8.693742752075195, 8.473073959350586, 8.381750106811523, 8.331562995910645, 8.268655776977539, 8.228418350219727, 8.190688133239746, 8.164527893066406, 8.121350288391113, 8.083465576171875, 8.057866096496582, 8.012788772583008, 8.017692565917969, 7.976016044616699, 7.996186256408691, 7.971095085144043, 7.969211101531982, 7.975584983825684, 7.965755939483643, 7.950734615325928, 7.902818202972412, 7.903278827667236, 7.902997016906738, 7.898810386657715, 7.890547752380371, 7.8923258781433105, 7.8957343101501465, 7.860296726226807, 7.869144916534424, 7.864986419677734, 7.854171276092529, 7.841342926025391, 7.836353302001953, 7.829370975494385, 7.782382488250732, 7.772684574127197, 7.776682376861572, 7.791237831115723, 7.800252437591553, 7.759520053863525, 7.757454872131348, 7.749957084655762, 7.785062313079834, 7.775987148284912, 7.747458457946777, 7.747723579406738, 7.727694034576416, 7.738236427307129, 7.7485857009887695, 7.743322849273682, 7.748994827270508, 7.71668004989624, 7.7264275550842285, 7.732884883880615, 7.758504390716553, 7.703316688537598, 7.6920166015625, 7.711395740509033, 7.674217224121094, 7.6911468505859375, 7.661129474639893, 7.687395095825195, 7.7095746994018555, 7.659001350402832, 7.672893047332764, 7.646859169006348, 7.6729207038879395, 7.6168212890625, 7.620091915130615, 7.612424373626709, 7.649009704589844, 7.610257625579834, 7.600090503692627, 7.607123851776123, 7.585317134857178, 7.614367961883545, 7.573248386383057, 7.582581043243408, 7.586635589599609, 7.577836990356445, 7.573246002197266, 7.565005302429199, 7.578568458557129, 7.58139705657959, 7.5536580085754395, 7.5728654861450195, 7.579625129699707, 7.562904357910156, 7.553321361541748, 7.562812805175781], "best_val_epoch": 99, "model": "AE_sound", "lr": 0.0001, "batch_size": 256, "context": "11"}