{"iter": 3, "val_mses": [19.10672950744629, 13.945096015930176, 13.893031120300293, 13.896759033203125, 13.936139106750488, 13.932805061340332, 13.900506973266602, 13.827339172363281, 13.805112838745117, 13.776214599609375, 13.797501564025879, 13.756661415100098, 13.72425365447998, 13.688365936279297, 13.671996116638184, 13.648941040039062, 13.653948783874512, 13.635538101196289, 13.641127586364746, 13.635592460632324, 13.607680320739746, 13.58033275604248, 13.627249717712402, 13.60489559173584, 13.633377075195312, 13.583008766174316, 13.566551208496094, 13.55394172668457, 13.555130958557129, 13.614065170288086, 13.607362747192383, 13.520915985107422, 13.503435134887695, 13.623807907104492, 13.547971725463867, 13.49415397644043, 13.499024391174316, 13.514909744262695, 13.4700927734375, 13.492473602294922, 13.559245109558105, 13.472636222839355, 13.497648239135742, 13.465981483459473, 13.475248336791992, 13.496673583984375, 13.465335845947266, 13.444270133972168, 13.412287712097168, 13.50068187713623, 13.542722702026367, 13.398941040039062, 13.541970252990723, 13.397069931030273, 13.585037231445312, 13.465486526489258, 13.429130554199219, 13.439836502075195, 13.372422218322754, 13.431360244750977, 13.333901405334473, 13.478262901306152, 13.402739524841309, 13.397232055664062, 13.345601081848145, 13.4088134765625, 13.395920753479004, 13.447118759155273, 13.379921913146973, 13.309346199035645, 13.352197647094727, 13.392044067382812, 13.271171569824219, 13.267365455627441, 13.23307991027832, 13.29981517791748, 13.244221687316895, 13.184914588928223, 13.267385482788086, 13.213814735412598, 13.207663536071777, 13.235145568847656, 13.163082122802734, 13.42214298248291, 13.204486846923828, 13.315302848815918, 13.170930862426758, 13.135027885437012, 13.11745834350586, 13.202366828918457, 13.138084411621094, 13.20107650756836, 13.173108100891113, 13.612100601196289, 13.27768611907959, 13.20527458190918, 13.162345886230469, 13.18510913848877, 13.139470100402832, 13.18476676940918], "best_val_epoch": 89, "model": "AE_sound", "lr": 0.0001, "batch_size": 256, "context": "11"}