{"iter": 3, "val_mses": [20.136693954467773, 14.566859245300293, 11.568280220031738, 10.754963874816895, 10.320517539978027, 9.797861099243164, 9.612445831298828, 9.509540557861328, 9.4118013381958, 9.366073608398438, 9.292943000793457, 9.259840965270996, 9.172392845153809, 9.112229347229004, 9.049934387207031, 8.990455627441406, 8.92685317993164, 8.872987747192383, 8.805157661437988, 8.766701698303223, 8.743896484375, 8.714696884155273, 8.70401382446289, 8.675797462463379, 8.649417877197266, 8.641530990600586, 8.612460136413574, 8.571695327758789, 8.546874046325684, 8.523040771484375, 8.505468368530273, 8.482223510742188, 8.436017036437988, 8.411663055419922, 8.369829177856445, 8.378082275390625, 8.327402114868164, 8.33299732208252, 8.306968688964844, 8.281366348266602, 8.26734733581543, 8.259161949157715, 8.23079776763916, 8.218894958496094, 8.204911231994629, 8.179669380187988, 8.170624732971191, 8.14483642578125, 8.134387969970703, 8.138492584228516, 8.132518768310547, 8.09412670135498, 8.104923248291016, 8.084333419799805, 8.072970390319824, 8.061742782592773, 8.054251670837402, 8.049256324768066, 8.041454315185547, 8.039971351623535, 8.05001449584961, 8.045672416687012, 8.01002311706543, 8.009729385375977, 7.999415874481201, 7.988428115844727, 8.00780200958252, 7.993702411651611, 7.9723052978515625, 7.985956192016602, 7.964021682739258, 7.967329978942871, 7.946484088897705, 7.945478439331055, 7.930942058563232, 7.95794677734375, 7.921897888183594, 7.913302421569824, 7.9134087562561035, 7.928783416748047, 7.895988941192627, 7.895625591278076, 7.908904552459717, 7.895228862762451, 7.88629674911499, 7.879284858703613, 7.871373176574707, 7.8655314445495605, 7.870083808898926, 7.863086700439453, 7.864797592163086, 7.846726417541504, 7.837677955627441, 7.842202663421631, 7.848137378692627, 7.818711280822754, 7.8252458572387695, 7.802524089813232, 7.8007025718688965, 7.793265342712402], "best_val_epoch": 100, "model": "AE_sound", "lr": 0.0001, "batch_size": 256, "context": "12"}