{"iter": 1, "val_mses": [12.252395629882812, 11.57933521270752, 10.78806209564209, 10.69216251373291, 10.756915092468262, 10.66696834564209, 10.837468147277832, 10.612793922424316, 10.755440711975098, 10.761194229125977, 10.626595497131348, 10.74344539642334, 11.260939598083496, 10.59280776977539, 10.643887519836426, 10.827439308166504, 10.508085250854492, 10.558629989624023, 10.532851219177246, 10.47523307800293, 10.539606094360352, 10.468964576721191, 10.458438873291016, 10.500693321228027, 10.478116989135742, 10.475561141967773, 10.4401273727417, 10.44934368133545, 10.581443786621094, 10.442742347717285, 10.441039085388184, 10.368040084838867, 10.367658615112305, 10.612600326538086, 10.395352363586426, 10.595968246459961, 10.387118339538574, 10.293990135192871, 10.36540699005127, 10.326290130615234, 10.429713249206543, 10.486692428588867, 10.370781898498535, 10.228384017944336, 10.2722806930542, 10.2413911819458, 10.266569137573242, 10.306973457336426, 10.375021934509277, 10.254729270935059, 10.198535919189453, 10.194518089294434, 10.209090232849121, 10.2322359085083, 10.205309867858887, 10.443318367004395, 10.248702049255371, 10.227407455444336, 10.183053016662598, 10.158246994018555, 10.168231010437012, 10.231779098510742, 10.170635223388672, 11.23515510559082, 10.15281867980957, 10.16484546661377, 10.151620864868164, 10.213939666748047, 10.253921508789062, 10.222390174865723, 10.15031623840332, 10.132014274597168, 10.258989334106445, 10.158422470092773, 10.15859317779541, 10.478510856628418, 10.11458683013916, 10.217631340026855, 10.138956069946289, 10.130859375, 10.137566566467285, 10.319769859313965, 10.160816192626953, 10.130705833435059, 10.137887001037598, 10.179774284362793, 10.066991806030273, 10.127779006958008, 10.098601341247559, 10.077668190002441, 10.076645851135254, 10.070451736450195, 10.084985733032227, 10.155571937561035, 10.054706573486328, 10.030905723571777, 10.161458015441895, 10.037778854370117, 10.01452350616455, 10.078289031982422], "best_val_epoch": 99, "model": "AE_sound", "lr": 0.0001, "batch_size": 256, "context": "4"}