{"iter": 3, "val_mses": [12.195304870605469, 9.734519958496094, 8.75194263458252, 8.091302871704102, 8.009374618530273, 7.973536968231201, 7.8725481033325195, 7.7637715339660645, 7.6854166984558105, 7.633875846862793, 7.620363712310791, 7.572970390319824, 7.536736488342285, 7.4835357666015625, 7.41648006439209, 7.314244747161865, 7.210935115814209, 7.131466388702393, 7.085319519042969, 7.052920341491699, 7.040465354919434, 6.991475582122803, 6.972184181213379, 6.888333797454834, 6.804835796356201, 6.735149383544922, 6.69375467300415, 6.646590232849121, 6.611171245574951, 6.586723327636719, 6.5823516845703125, 6.573637962341309, 6.549890995025635, 6.544612407684326, 6.524974822998047, 6.511600494384766, 6.490763187408447, 6.490293025970459, 6.473783016204834, 6.441818714141846, 6.431306838989258, 6.411649227142334, 6.411563396453857, 6.38112735748291, 6.381657123565674, 6.379445552825928, 6.3553948402404785, 6.343735218048096, 6.332698822021484, 6.321663856506348, 6.315301895141602, 6.301488399505615, 6.291066646575928, 6.290472507476807, 6.277810573577881, 6.275895118713379, 6.257389545440674, 6.255380630493164, 6.261415481567383, 6.239662170410156, 6.225186347961426, 6.2272562980651855, 6.2130022048950195, 6.2078680992126465, 6.207760334014893, 6.201223373413086, 6.189000129699707, 6.181514263153076, 6.180771827697754, 6.171699047088623, 6.17086124420166, 6.1686835289001465, 6.162503719329834, 6.161734580993652, 6.160855293273926, 6.153703689575195, 6.157057762145996, 6.1404900550842285, 6.137716293334961, 6.137025356292725, 6.138448238372803, 6.134208679199219, 6.131576061248779, 6.125563621520996, 6.122898101806641, 6.126823425292969, 6.111316204071045, 6.117950916290283, 6.114988803863525, 6.109713077545166, 6.103967666625977, 6.0996928215026855, 6.10307502746582, 6.100602626800537, 6.078248023986816, 6.074099540710449, 6.091244697570801, 6.069373607635498, 6.071047782897949, 6.06976842880249], "best_val_epoch": 98, "model": "AE_sound", "lr": 0.0001, "batch_size": 256, "context": "0"}