{"iter": 3, "val_mses": [12.695991516113281, 11.518742561340332, 10.529767036437988, 10.302192687988281, 10.236319541931152, 10.106742858886719, 10.017467498779297, 9.910799980163574, 9.823391914367676, 9.629111289978027, 9.535577774047852, 9.368926048278809, 9.293952941894531, 9.286857604980469, 9.201375961303711, 9.107687950134277, 9.056523323059082, 9.039386749267578, 8.974348068237305, 8.948881149291992, 8.917433738708496, 8.887015342712402, 8.866488456726074, 8.873061180114746, 8.796664237976074, 8.784989356994629, 8.762560844421387, 8.74292278289795, 8.731833457946777, 8.727349281311035, 8.6704683303833, 8.674338340759277, 8.677414894104004, 8.654680252075195, 8.653223991394043, 8.646175384521484, 8.650490760803223, 8.608668327331543, 8.620532989501953, 8.59613037109375, 8.626425743103027, 8.591169357299805, 8.60208511352539, 8.646289825439453, 8.617000579833984, 8.613499641418457, 8.597947120666504, 8.57734489440918, 8.540050506591797, 8.616958618164062, 8.532055854797363, 8.553067207336426, 8.570389747619629, 8.554277420043945, 8.520309448242188, 8.578920364379883, 8.49850845336914, 8.504048347473145, 8.456233978271484, 8.50437068939209, 8.472078323364258, 8.525459289550781, 8.50815486907959, 8.448233604431152, 8.475438117980957, 8.44954776763916, 8.470888137817383, 8.407610893249512, 8.442265510559082, 8.44937515258789, 8.458389282226562, 8.405641555786133, 8.4185209274292, 8.408164978027344, 8.419951438903809, 8.393242835998535, 8.433320045471191, 8.395893096923828, 8.3948392868042, 8.379688262939453, 8.334383964538574, 8.364206314086914, 8.384199142456055, 8.42653751373291, 8.387737274169922, 8.411223411560059, 8.369702339172363, 8.367105484008789, 8.337830543518066, 8.37121295928955, 8.37686538696289, 8.406848907470703, 8.378752708435059, 8.353110313415527, 8.368521690368652, 8.309974670410156, 8.383081436157227, 8.30250358581543, 8.296125411987305, 8.346481323242188], "best_val_epoch": 99, "model": "AE_sound", "lr": 0.0001, "batch_size": 256, "context": "8"}