{"iter": 2, "val_mses": [14.777732849121094, 11.004815101623535, 9.455198287963867, 7.953718185424805, 7.841092109680176, 7.763477802276611, 7.867447376251221, 7.7170915603637695, 7.648319244384766, 7.6020097732543945, 7.549381732940674, 7.583022117614746, 7.519896030426025, 7.51747465133667, 7.552536964416504, 7.543511867523193, 7.517545700073242, 7.5309038162231445, 7.56227445602417, 7.5159687995910645, 7.517078876495361, 7.478941917419434, 7.5115275382995605, 7.503724098205566, 7.49979829788208, 7.477697849273682, 7.553664684295654, 7.4365410804748535, 7.489348888397217, 7.448202610015869, 7.448796272277832, 7.4732232093811035, 7.4768171310424805, 7.498292922973633, 7.471261501312256, 7.455689430236816, 7.437821388244629, 7.452606201171875, 7.43202018737793, 7.390033721923828, 7.397998809814453, 7.414569854736328, 7.379151821136475, 7.383567810058594, 7.439822196960449, 7.337758541107178, 7.346829414367676, 7.380273342132568, 7.3216633796691895, 7.344593524932861, 7.372494697570801, 7.347501277923584, 7.321876049041748, 7.3259663581848145, 7.310956001281738, 7.331402778625488, 7.3307342529296875, 7.295239448547363, 7.331840515136719, 7.315027236938477, 7.305222988128662, 7.322840690612793, 7.276726722717285, 7.324627876281738, 7.307363510131836, 7.303678035736084, 7.301337718963623, 7.257961750030518, 7.291947364807129, 7.305491924285889, 7.255724906921387, 7.26444149017334, 7.210227012634277, 7.250405788421631, 7.216133117675781, 7.247957706451416, 7.24760627746582, 7.246217250823975, 7.241791248321533, 7.199822425842285, 7.299833297729492, 7.211444854736328, 7.206270217895508, 7.207394599914551, 7.212762832641602, 7.208011627197266, 7.222438812255859, 7.189361095428467, 7.190991401672363, 7.178274631500244, 7.187697410583496, 7.212357044219971, 7.190475940704346, 7.195928573608398, 7.16710090637207, 7.172492980957031, 7.131634712219238, 7.1555304527282715, 7.162606239318848, 7.198702335357666], "best_val_epoch": 97, "model": "AE_sound", "lr": 0.0001, "batch_size": 256, "context": "7"}