{"slider_9_min6dB": {"AUC": 0.7692911949950203}, "slider_9_6dB": {"AUC": 0.9609196369706405}, "slider_9_0dB": {"AUC": 0.8887766696124226}}