{"slider_9_min6dB": {"AUC": 0.7614498730519434}, "slider_9_6dB": {"AUC": 0.9457419798285851}, "slider_9_0dB": {"AUC": 0.8750298082453114}}