{"slider_9_min6dB": {"AUC": 0.73624261807572}, "slider_9_6dB": {"AUC": 0.9433432927941197}, "slider_9_0dB": {"AUC": 0.8589824517106426}}